"","Timestamp","Machine","Temperature","Pressure","PartLength","PartResistance"
"1",2022-03-08 00:00:00,1,303,100,48.9272341398318,5.50610164315499
"2",2022-03-08 00:00:05,1,303,100,45.8842077822152,5.41905807762678
"3",2022-03-08 00:00:10,1,303,100,48.4585796894209,5.63320785368086
"4",2022-03-08 00:00:15,1,303,100,48.5112686734072,5.37954105207221
"5",2022-03-08 00:00:20,1,303,100,48.4924099235458,5.55339526450082
"6",2022-03-08 00:00:25,1,303,100,47.6923804494349,5.36664700305179
"7",2022-03-08 00:00:30,1,303,100,48.2637319903641,5.57721212726425
"8",2022-03-08 00:00:35,1,303,100,48.2090341337235,5.35407127045955
"9",2022-03-08 00:00:40,1,303,100,48.0646396759212,5.09236831397279
"10",2022-03-08 00:00:45,1,303,100,47.3258393916339,5.36829254927398
"11",2022-03-08 00:00:50,1,303,100,47.2508721784442,5.24059971194101
"12",2022-03-08 00:00:55,1,303,100,48.3445701820185,5.44094769519929
"13",2022-03-08 00:01:00,1,303,100,48.1220738930029,5.10366144016254
"14",2022-03-08 00:01:05,1,303,100,46.8269016946834,5.38173575699687
"15",2022-03-08 00:01:10,1,303,100,48.0918122545261,5.62600376295533
"16",2022-03-08 00:01:15,1,303,100,48.4111055326816,5.52359255129495
"17",2022-03-08 00:01:20,1,303,100,46.0846298708825,5.01804221284361
"18",2022-03-08 00:01:25,1,303,100,47.2720239684482,5.36201564556571
"19",2022-03-08 00:01:30,1,303,100,48.9645219040384,4.95733003507708
"20",2022-03-08 00:01:35,1,303,100,48.401003577203,5.64969560060892
"21",2022-03-08 00:01:40,1,303,100,47.1472445240031,5.47027756303643
"22",2022-03-08 00:01:45,1,303,100,48.7912062711308,5.37599249272397
"23",2022-03-08 00:01:50,1,303,100,47.7956723613266,5.48656869416654
"24",2022-03-08 00:01:55,1,303,100,47.5245545247564,5.89309131192146
"25",2022-03-08 00:02:00,1,303,100,48.3785647372404,5.77991299016183
"26",2022-03-08 00:02:05,1,303,100,46.6580877193697,5.4392411239953
"27",2022-03-08 00:02:10,1,303,100,48.6195998400814,5.320141988126
"28",2022-03-08 00:02:15,1,303,100,47.6063567763088,5.46255549026987
"29",2022-03-08 00:02:20,1,303,100,47.8491999347823,5.61100252250855
"30",2022-03-08 00:02:25,1,303,100,49.1766268656105,5.26895064363953
"31",2022-03-08 00:02:30,1,303,100,48.6739366460282,5.41634530937429
"32",2022-03-08 00:02:35,1,303,100,47.9687977266638,5.60962471264904
"33",2022-03-08 00:02:40,1,303,100,46.8312122793355,5.35430119648782
"34",2022-03-08 00:02:45,1,303,100,49.2830737434092,5.10335931002205
"35",2022-03-08 00:02:50,1,303,100,49.4427973256471,5.41085015994644
"36",2022-03-08 00:02:55,1,303,100,47.4551105672038,5.45549617225864
"37",2022-03-08 00:03:00,1,303,100,48.346940761836,5.47477100637841
"38",2022-03-08 00:03:05,1,303,100,49.1820051231608,5.69904839807207
"39",2022-03-08 00:03:10,1,303,100,48.0242011135042,5.72295655275932
"40",2022-03-08 00:03:15,1,303,100,48.4231554360769,5.2275764160967
"41",2022-03-08 00:03:20,1,303,100,48.5606228728357,5.26928554027656
"42",2022-03-08 00:03:25,1,303,100,49.8902377189372,5.22087503654998
"43",2022-03-08 00:03:30,1,303,100,48.1697845409785,5.75318285546081
"44",2022-03-08 00:03:35,1,303,100,47.6210695146557,5.59739699916609
"45",2022-03-08 00:03:40,1,303,100,49.0525552458823,5.23536715541302
"46",2022-03-08 00:03:45,1,303,100,48.0569849254962,5.51874325143236
"47",2022-03-08 00:03:50,1,303,100,48.9432555988003,5.59813770193236
"48",2022-03-08 00:03:55,1,303,100,47.7870404324459,5.1380530431461
"49",2022-03-08 00:04:00,1,303,100,47.9024842740404,5.52811185647826
"50",2022-03-08 00:04:05,1,303,100,48.0878404430244,5.35384161174401
"51",2022-03-08 00:04:10,1,303,100,48.3615050928755,5.58241370613363
"52",2022-03-08 00:04:15,1,303,100,48.5593117893588,5.341686179322
"53",2022-03-08 00:04:20,1,303,100,49.5238858684207,4.88675807688904
"54",2022-03-08 00:04:25,1,303,100,47.9642376997197,5.4507497274275
"55",2022-03-08 00:04:30,1,303,100,47.9733558365924,5.78186466329831
"56",2022-03-08 00:04:35,1,303,100,47.8931648588355,5.41413927512849
"57",2022-03-08 00:04:40,1,303,100,48.1910518918239,5.18778839833598
"58",2022-03-08 00:04:45,1,303,100,48.1178024235721,5.57352399973864
"59",2022-03-08 00:04:50,1,303,100,49.6303750337168,5.07707631285363
"60",2022-03-08 00:04:55,1,303,100,47.8738818987189,5.17963797359479
"61",2022-03-08 00:05:00,1,303,100,47.8359717867042,5.4948044162925
"62",2022-03-08 00:05:05,1,303,100,49.468474796478,5.03234879019703
"63",2022-03-08 00:05:10,1,303,100,47.4544438530611,5.37880976299753
"64",2022-03-08 00:05:15,1,303,100,46.6975141733653,5.0631884696477
"65",2022-03-08 00:05:20,1,303,100,47.8686721530217,5.3972087239468
"66",2022-03-08 00:05:25,1,303,100,47.4474363203293,5.72015418161023
"67",2022-03-08 00:05:30,1,303,100,48.3547428834961,5.14231312479357
"68",2022-03-08 00:05:35,1,303,100,48.4944210451851,5.27196670181396
"69",2022-03-08 00:05:40,1,303,100,48.7780660340883,5.13156248077233
"70",2022-03-08 00:05:45,1,303,100,47.9299379258842,5.93254889801438
"71",2022-03-08 00:05:50,1,303,100,49.1253740459385,5.40340368315329
"72",2022-03-08 00:05:55,1,303,100,48.4833846736121,5.84154424127513
"73",2022-03-08 00:06:00,1,303,100,49.164863115138,5.43781495692458
"74",2022-03-08 00:06:05,1,303,100,48.9176260872346,5.48109000805099
"75",2022-03-08 00:06:10,1,303,100,46.6206044076427,5.41217203619
"76",2022-03-08 00:06:15,1,303,100,48.37760264803,5.43151375381636
"77",2022-03-08 00:06:20,1,303,100,48.1417693285611,5.7981733291579
"78",2022-03-08 00:06:25,1,303,100,48.6189059140013,5.42803749546818
"79",2022-03-08 00:06:30,1,303,100,48.7999164605681,5.33208743193611
"80",2022-03-08 00:06:35,1,303,100,48.4112615018987,5.47794213180516
"81",2022-03-08 00:06:40,1,303,100,48.5165145743974,5.23328331061946
"82",2022-03-08 00:06:45,1,303,100,47.6609183869135,5.54919537523286
"83",2022-03-08 00:06:50,1,303,100,47.5229819574791,5.29332709508617
"84",2022-03-08 00:06:55,1,303,100,48.1495140754451,5.51044216229605
"85",2022-03-08 00:07:00,1,303,100,48.5405139017751,5.23725217297683
"86",2022-03-08 00:07:05,1,303,100,48.0571753007901,5.61336800841469
"87",2022-03-08 00:07:10,1,303,100,48.3042484663865,5.34954884072416
"88",2022-03-08 00:07:15,1,303,100,47.7288960797271,5.43915864608447
"89",2022-03-08 00:07:20,1,303,100,49.0915716537956,5.19856469491822
"90",2022-03-08 00:07:25,1,303,100,48.3682944862017,5.44518129342076
"91",2022-03-08 00:07:30,1,303,100,49.0645952594956,5.31813588143878
"92",2022-03-08 00:07:35,1,303,100,48.4818398970851,5.98673705911295
"93",2022-03-08 00:07:40,1,303,100,48.7229245394647,5.0120930427056
"94",2022-03-08 00:07:45,1,303,100,48.0170518936574,5.50474576039257
"95",2022-03-08 00:07:50,1,303,100,48.7909259741938,5.22213359196534
"96",2022-03-08 00:07:55,1,303,100,49.5192891252225,5.87961615024407
"97",2022-03-08 00:08:00,1,303,100,48.1119783053345,4.94384134166022
"98",2022-03-08 00:08:05,1,303,100,47.9647870908141,5.83983199929225
"99",2022-03-08 00:08:10,1,303,100,47.2524807751578,5.66284513041147
"100",2022-03-08 00:08:15,1,303,100,48.2803567012542,5.65606462376174
"101",2022-03-08 00:08:20,1,303,100,47.4014839255904,5.56377140140576
"102",2022-03-08 00:08:25,1,303,100,47.8135350563455,5.52500940431395
"103",2022-03-08 00:08:30,1,303,100,47.013943226411,5.48575320511364
"104",2022-03-08 00:08:35,1,303,100,47.6969292398378,5.3721318360822
"105",2022-03-08 00:08:40,1,303,100,49.0304252074153,5.72844365831649
"106",2022-03-08 00:08:45,1,303,100,47.0790831181903,5.35307754856162
"107",2022-03-08 00:08:50,1,303,100,47.5940606782731,5.64554989437068
"108",2022-03-08 00:08:55,1,303,100,49.2868488435915,5.32333921423342
"109",2022-03-08 00:09:00,1,303,100,48.7880937876351,5.67137398040078
"110",2022-03-08 00:09:05,1,303,100,47.4840527018922,5.59025005391202
"111",2022-03-08 00:09:10,1,303,100,47.0401741537284,5.04868902775944
"112",2022-03-08 00:09:15,1,303,100,47.8921393610482,5.20493842041421
"113",2022-03-08 00:09:20,1,303,100,46.7066756721269,5.68721833985763
"114",2022-03-08 00:09:25,1,303,100,47.2737286155578,5.1833095586375
"115",2022-03-08 00:09:30,1,303,100,47.8567686325167,5.16929788377923
"116",2022-03-08 00:09:35,1,303,100,47.2232685528957,5.9366129100002
"117",2022-03-08 00:09:40,1,303,100,48.4384438767254,5.37794104563467
"118",2022-03-08 00:09:45,1,303,100,48.6270915893587,5.86521310255749
"119",2022-03-08 00:09:50,1,303,100,47.8959742208075,5.59330977162845
"120",2022-03-08 00:09:55,1,303,100,49.3634850313102,5.11189790237272
"121",2022-03-08 00:10:00,1,303,100,47.4626612753583,5.53782411251936
"122",2022-03-08 00:10:05,1,303,100,48.2698135182741,5.42831836279086
"123",2022-03-08 00:10:10,1,303,100,48.1546978701196,4.63775521554714
"124",2022-03-08 00:10:15,1,303,100,47.1584763521624,5.21190090075824
"125",2022-03-08 00:10:20,1,303,100,47.7410239564083,5.46861006995953
"126",2022-03-08 00:10:25,1,303,100,48.0565573653057,5.71979879160482
"127",2022-03-08 00:10:30,1,303,100,48.6363188917136,5.37521098780855
"128",2022-03-08 00:10:35,1,303,100,47.1760329154777,5.81555136846938
"129",2022-03-08 00:10:40,1,303,100,47.8537923028815,5.2570031874453
"130",2022-03-08 00:10:45,1,303,100,47.8087249515882,5.51637285036889
"131",2022-03-08 00:10:50,1,303,100,49.5944897485605,5.70696154355841
"132",2022-03-08 00:10:55,1,303,100,47.9317375781845,5.47071833200292
"133",2022-03-08 00:11:00,1,303,100,47.2514776054726,5.50375623702078
"134",2022-03-08 00:11:05,1,303,100,47.2457214468659,5.53450971123514
"135",2022-03-08 00:11:10,1,303,100,48.3533440561597,5.67503843070912
"136",2022-03-08 00:11:15,1,303,100,47.577974704003,5.20006781204881
"137",2022-03-08 00:11:20,1,303,100,48.2952619522753,5.02510963589306
"138",2022-03-08 00:11:25,1,303,100,46.7527352446802,5.26508795168231
"139",2022-03-08 00:11:30,1,303,100,48.0490524745684,5.46158262938544
"140",2022-03-08 00:11:35,1,303,100,48.2374279050465,5.27645451355363
"141",2022-03-08 00:11:40,1,303,100,48.8251395246322,5.64507173830622
"142",2022-03-08 00:11:45,1,303,100,48.4921194542757,5.33139719472058
"143",2022-03-08 00:11:50,1,303,100,48.8720794360958,5.54814343524285
"144",2022-03-08 00:11:55,1,303,100,46.7354098512467,5.57363901972186
"145",2022-03-08 00:12:00,1,303,100,47.8414692135153,5.53243620265472
"146",2022-03-08 00:12:05,1,303,100,48.0871471714945,5.71832977424629
"147",2022-03-08 00:12:10,1,303,100,47.6868158575114,5.48448639030711
"148",2022-03-08 00:12:15,1,303,100,46.4381105492676,5.99458847110319
"149",2022-03-08 00:12:20,1,303,100,47.6784405274244,5.5148901443773
"150",2022-03-08 00:12:25,1,303,100,47.1424369736167,5.98381864117866
"151",2022-03-08 00:12:30,1,303,100,47.5698066812033,5.21113376719779
"152",2022-03-08 00:12:35,1,303,100,48.1297234054394,5.8616085832736
"153",2022-03-08 00:12:40,1,303,100,47.6196836926675,5.40644340438053
"154",2022-03-08 00:12:45,1,303,100,48.8404445032317,5.25222335033852
"155",2022-03-08 00:12:50,1,303,100,48.2617714196302,5.25930710307207
"156",2022-03-08 00:12:55,1,303,100,47.7520169793959,5.45837790368381
"157",2022-03-08 00:13:00,1,303,100,49.3300622244747,5.91005130368521
"158",2022-03-08 00:13:05,1,303,100,48.7079429773716,5.54536108437238
"159",2022-03-08 00:13:10,1,303,100,46.6063598028582,5.49011098824498
"160",2022-03-08 00:13:15,1,303,100,48.0649539157366,5.28345453401819
"161",2022-03-08 00:13:20,1,303,100,46.6105197390355,5.43305618017802
"162",2022-03-08 00:13:25,1,303,100,49.4278824318706,5.43973996897381
"163",2022-03-08 00:13:30,1,303,100,48.4197788870251,5.25359873495299
"164",2022-03-08 00:13:35,1,303,100,48.9837083897928,5.64584733688162
"165",2022-03-08 00:13:40,1,303,100,48.0202715059418,5.67718233846944
"166",2022-03-08 00:13:45,1,303,100,48.4967077499728,5.38714746379602
"167",2022-03-08 00:13:50,1,303,100,47.7149753620156,5.30461829711912
"168",2022-03-08 00:13:55,1,303,100,48.2111005035007,5.5962288061648
"169",2022-03-08 00:14:00,1,303,100,48.7266335823305,5.44548855566646
"170",2022-03-08 00:14:05,1,303,100,47.1456557089571,5.65509313133725
"171",2022-03-08 00:14:10,1,303,100,47.2024589218102,5.26385116618848
"172",2022-03-08 00:14:15,1,303,100,46.499671003008,5.46948847207326
"173",2022-03-08 00:14:20,1,303,100,47.9972031511515,5.49373366631726
"174",2022-03-08 00:14:25,1,303,100,48.2948398173452,5.36656763746238
"175",2022-03-08 00:14:30,1,303,100,48.2584312961509,5.0353854966377
"176",2022-03-08 00:14:35,1,303,100,47.0195087274602,5.25582191979954
"177",2022-03-08 00:14:40,1,303,100,47.463286101023,5.6451657725694
"178",2022-03-08 00:14:45,1,303,100,48.3308417427547,5.43121569935266
"179",2022-03-08 00:14:50,1,303,100,47.8046486678493,5.52275325554689
"180",2022-03-08 00:14:55,1,303,100,48.2059697615088,4.76535361057488
"181",2022-03-08 00:15:00,1,303,100,47.7310993871835,5.55366549945257
"182",2022-03-08 00:15:05,1,303,100,47.9929874652801,5.19571928460631
"183",2022-03-08 00:15:10,1,303,100,49.4052890092014,5.1693205420022
"184",2022-03-08 00:15:15,1,303,100,48.2974361660258,5.29236838001068
"185",2022-03-08 00:15:20,1,303,100,48.4576932048444,5.52088062684328
"186",2022-03-08 00:15:25,1,303,100,47.9208572675808,5.46722918818597
"187",2022-03-08 00:15:30,1,303,100,48.7178590446452,5.34766626327122
"188",2022-03-08 00:15:35,1,303,100,47.2566182588305,5.30889757826699
"189",2022-03-08 00:15:40,1,303,100,48.0915287307128,5.02691282368914
"190",2022-03-08 00:15:45,1,303,100,47.7747824883357,5.64440090536752
"191",2022-03-08 00:15:50,1,303,100,48.6473668025367,5.11449264251374
"192",2022-03-08 00:15:55,1,303,100,48.1937450888009,5.06826914701161
"193",2022-03-08 00:16:00,1,303,100,47.4725039881742,5.39525326097884
"194",2022-03-08 00:16:05,1,303,100,48.4468874367101,5.32310942143762
"195",2022-03-08 00:16:10,1,303,100,49.5944905603719,5.2901874003962
"196",2022-03-08 00:16:15,1,303,100,47.9364293141526,5.1388178026796
"197",2022-03-08 00:16:20,1,303,100,49.2800981673285,5.21839114041505
"198",2022-03-08 00:16:25,1,303,100,47.3387498864276,5.54566930298666
"199",2022-03-08 00:16:30,1,303,100,48.3240374299186,5.19844151109183
"200",2022-03-08 00:16:35,1,303,100,48.3833459020842,5.47634186126256
"201",2022-03-09 00:00:00,1,303,200,49.4455078925557,5.87583432985536
"202",2022-03-09 00:00:05,1,303,200,47.4754440673275,5.16981379102836
"203",2022-03-09 00:00:10,1,303,200,48.3823697619166,5.80375384990776
"204",2022-03-09 00:00:15,1,303,200,48.9584380878982,5.35629488319332
"205",2022-03-09 00:00:20,1,303,200,49.3076534718464,5.45638885685574
"206",2022-03-09 00:00:25,1,303,200,48.2161703436146,5.22378858021205
"207",2022-03-09 00:00:30,1,303,200,47.4124883890007,5.61796314516182
"208",2022-03-09 00:00:35,1,303,200,47.0402480796859,5.49291690656888
"209",2022-03-09 00:00:40,1,303,200,47.4114553984519,5.57837333661743
"210",2022-03-09 00:00:45,1,303,200,47.8170451377591,5.06624922098414
"211",2022-03-09 00:00:50,1,303,200,47.0011059160897,5.04500076878844
"212",2022-03-09 00:00:55,1,303,200,48.3115351737656,5.11196846349876
"213",2022-03-09 00:01:00,1,303,200,46.6768604559221,5.34624182726291
"214",2022-03-09 00:01:05,1,303,200,47.6063501250777,6.00056233717812
"215",2022-03-09 00:01:10,1,303,200,48.0731105660171,5.20070693705115
"216",2022-03-09 00:01:15,1,303,200,46.8244634676419,5.50835253339162
"217",2022-03-09 00:01:20,1,303,200,48.2654398174002,4.68594491525865
"218",2022-03-09 00:01:25,1,303,200,47.1415995193869,4.90270452432275
"219",2022-03-09 00:01:30,1,303,200,48.3229671762505,4.75709029189023
"220",2022-03-09 00:01:35,1,303,200,47.5332234878416,5.77084701000778
"221",2022-03-09 00:01:40,1,303,200,48.5573388960888,4.98032998414685
"222",2022-03-09 00:01:45,1,303,200,46.8991031228953,5.22746480037307
"223",2022-03-09 00:01:50,1,303,200,49.0670318916238,5.62493640318466
"224",2022-03-09 00:01:55,1,303,200,48.6877140090315,5.50597114514766
"225",2022-03-09 00:02:00,1,303,200,47.6277821245378,5.4996819769825
"226",2022-03-09 00:02:05,1,303,200,47.7269700582739,5.70420197935906
"227",2022-03-09 00:02:10,1,303,200,47.5719294313925,4.87360349696399
"228",2022-03-09 00:02:15,1,303,200,48.5816840048537,5.75880650197409
"229",2022-03-09 00:02:20,1,303,200,48.1628003378485,5.41161730365186
"230",2022-03-09 00:02:25,1,303,200,46.9527747226413,5.87427319976796
"231",2022-03-09 00:02:30,1,303,200,47.342700969641,5.68485568813665
"232",2022-03-09 00:02:35,1,303,200,47.3570382034782,5.58710942894077
"233",2022-03-09 00:02:40,1,303,200,48.5753350789802,5.70469734866873
"234",2022-03-09 00:02:45,1,303,200,48.0913250213496,5.24810058890974
"235",2022-03-09 00:02:50,1,303,200,48.1961513392637,5.34052672879589
"236",2022-03-09 00:02:55,1,303,200,48.829970494122,5.71598132672875
"237",2022-03-09 00:03:00,1,303,200,47.9188911274512,5.08517033170892
"238",2022-03-09 00:03:05,1,303,200,47.5244515717536,5.70591404107858
"239",2022-03-09 00:03:10,1,303,200,47.7352071425031,5.18721926600199
"240",2022-03-09 00:03:15,1,303,200,48.8815751555328,5.55181495443179
"241",2022-03-09 00:03:20,1,303,200,48.9618222359257,5.2629785712464
"242",2022-03-09 00:03:25,1,303,200,47.4728003360183,5.36358990131821
"243",2022-03-09 00:03:30,1,303,200,48.1740815757356,5.93020028655872
"244",2022-03-09 00:03:35,1,303,200,48.7978202206123,5.30526064490427
"245",2022-03-09 00:03:40,1,303,200,47.7886134018978,5.49815286580718
"246",2022-03-09 00:03:45,1,303,200,47.5703571748531,5.57703346857595
"247",2022-03-09 00:03:50,1,303,200,48.9747046843588,5.32519623144653
"248",2022-03-09 00:03:55,1,303,200,49.217655025829,5.40770296573225
"249",2022-03-09 00:04:00,1,303,200,47.5550342156886,5.31040563565912
"250",2022-03-09 00:04:05,1,303,200,48.6224041935173,5.78800348475609
"251",2022-03-09 00:04:10,1,303,200,48.8917829948653,5.44877137342873
"252",2022-03-09 00:04:15,1,303,200,49.3187633750052,5.00478086449637
"253",2022-03-09 00:04:20,1,303,200,48.4843384592452,5.36240104412326
"254",2022-03-09 00:04:25,1,303,200,46.135444519467,5.38659836564029
"255",2022-03-09 00:04:30,1,303,200,48.552315438989,5.24230607205942
"256",2022-03-09 00:04:35,1,303,200,48.4372893961613,5.23564417702565
"257",2022-03-09 00:04:40,1,303,200,47.6081421641477,5.37550437747152
"258",2022-03-09 00:04:45,1,303,200,48.4296201292345,5.06500247551403
"259",2022-03-09 00:04:50,1,303,200,48.2954820037415,5.76794460137342
"260",2022-03-09 00:04:55,1,303,200,48.5849004609532,5.52744471077516
"261",2022-03-09 00:05:00,1,303,200,47.4787883867956,5.73835841840413
"262",2022-03-09 00:05:05,1,303,200,50.4360575018085,5.26318016763528
"263",2022-03-09 00:05:10,1,303,200,47.9117695034915,5.08737297993278
"264",2022-03-09 00:05:15,1,303,200,47.7539350498998,5.18351818694518
"265",2022-03-09 00:05:20,1,303,200,47.4430650814207,5.3168743193052
"266",2022-03-09 00:05:25,1,303,200,48.6611341061332,5.00950846015526
"267",2022-03-09 00:05:30,1,303,200,47.8971130077393,5.33529485705564
"268",2022-03-09 00:05:35,1,303,200,48.5033110874754,5.26982367978587
"269",2022-03-09 00:05:40,1,303,200,47.4248706946167,5.59618269851909
"270",2022-03-09 00:05:45,1,303,200,47.3385246380352,5.84569358785926
"271",2022-03-09 00:05:50,1,303,200,48.4872164544786,5.20258608233079
"272",2022-03-09 00:05:55,1,303,200,48.7481615488821,5.19944100879161
"273",2022-03-09 00:06:00,1,303,200,47.9101832286963,5.30351553257066
"274",2022-03-09 00:06:05,1,303,200,47.5621975886955,5.14682713022979
"275",2022-03-09 00:06:10,1,303,200,48.3698828593165,5.51935366555934
"276",2022-03-09 00:06:15,1,303,200,48.2257223564949,5.40734760489531
"277",2022-03-09 00:06:20,1,303,200,48.9537963886848,5.08700725765545
"278",2022-03-09 00:06:25,1,303,200,47.6828312274445,5.17266232817875
"279",2022-03-09 00:06:30,1,303,200,47.9751136570759,5.05657197807962
"280",2022-03-09 00:06:35,1,303,200,48.2321546889431,5.46300385507892
"281",2022-03-09 00:06:40,1,303,200,47.1897123360132,5.44143154729948
"282",2022-03-09 00:06:45,1,303,200,47.682375098505,5.11187425604126
"283",2022-03-09 00:06:50,1,303,200,49.4855950202522,5.40608746795415
"284",2022-03-09 00:06:55,1,303,200,48.4431742833598,5.72790761129782
"285",2022-03-09 00:07:00,1,303,200,49.2476698685834,5.62110160004654
"286",2022-03-09 00:07:05,1,303,200,47.9251541207469,5.41249690087507
"287",2022-03-09 00:07:10,1,303,200,48.9381873140041,5.33986094209323
"288",2022-03-09 00:07:15,1,303,200,48.9220694587662,5.45356154999782
"289",2022-03-09 00:07:20,1,303,200,47.5498839344122,5.18534058197176
"290",2022-03-09 00:07:25,1,303,200,48.0233711429591,5.56997524597192
"291",2022-03-09 00:07:30,1,303,200,49.0917568423287,5.69077886679321
"292",2022-03-09 00:07:35,1,303,200,47.503172247182,5.41268411997907
"293",2022-03-09 00:07:40,1,303,200,47.9923198798908,5.48654231030543
"294",2022-03-09 00:07:45,1,303,200,48.6394505169783,5.8222027521973
"295",2022-03-09 00:07:50,1,303,200,47.5702926456912,5.66155038219584
"296",2022-03-09 00:07:55,1,303,200,47.6410774855319,5.21597530882751
"297",2022-03-09 00:08:00,1,303,200,47.4086354450214,4.96351597236035
"298",2022-03-09 00:08:05,1,303,200,48.1821904478659,4.59718235600358
"299",2022-03-09 00:08:10,1,303,200,46.8618168226823,5.47170488743985
"300",2022-03-09 00:08:15,1,303,200,47.6132696974242,5.39285164211577
"301",2022-03-09 00:08:20,1,303,200,49.0260825072089,4.80140186423194
"302",2022-03-09 00:08:25,1,303,200,49.087400266455,5.4059206989098
"303",2022-03-09 00:08:30,1,303,200,48.3707698904362,5.00106979484121
"304",2022-03-09 00:08:35,1,303,200,47.7742113884504,5.13283721753324
"305",2022-03-09 00:08:40,1,303,200,49.0849831115801,5.26132239365103
"306",2022-03-09 00:08:45,1,303,200,49.2331891128408,5.39212569917985
"307",2022-03-09 00:08:50,1,303,200,47.8920131309529,5.67247164373503
"308",2022-03-09 00:08:55,1,303,200,49.2552646173836,5.74725386993992
"309",2022-03-09 00:09:00,1,303,200,47.4017768733501,5.34290552525821
"310",2022-03-09 00:09:05,1,303,200,48.4219301994045,5.31123776833754
"311",2022-03-09 00:09:10,1,303,200,46.7232104945791,5.0971875887767
"312",2022-03-09 00:09:15,1,303,200,48.3897914008737,5.78210338996955
"313",2022-03-09 00:09:20,1,303,200,48.8253981641928,5.34092806105093
"314",2022-03-09 00:09:25,1,303,200,49.0207486564436,5.47382314179596
"315",2022-03-09 00:09:30,1,303,200,48.4510035717337,5.09568018925775
"316",2022-03-09 00:09:35,1,303,200,47.3524515454383,5.59301413979041
"317",2022-03-09 00:09:40,1,303,200,46.8075211264897,5.92037120305072
"318",2022-03-09 00:09:45,1,303,200,48.8481642628538,5.46461964095233
"319",2022-03-09 00:09:50,1,303,200,47.9772954925116,5.21794784394388
"320",2022-03-09 00:09:55,1,303,200,47.6162100979781,5.54488055450842
"321",2022-03-09 00:10:00,1,303,200,47.9068949332643,5.56117982264409
"322",2022-03-09 00:10:05,1,303,200,48.4928969398479,5.03737774738077
"323",2022-03-09 00:10:10,1,303,200,48.4429737380764,5.22391054813677
"324",2022-03-09 00:10:15,1,303,200,47.1799396706992,5.27087879532007
"325",2022-03-09 00:10:20,1,303,200,47.4911098637576,5.75823534046129
"326",2022-03-09 00:10:25,1,303,200,48.4323623778036,5.47106558632159
"327",2022-03-09 00:10:30,1,303,200,48.176505216574,5.35179953931957
"328",2022-03-09 00:10:35,1,303,200,47.5407857640274,5.34470818332064
"329",2022-03-09 00:10:40,1,303,200,48.0841290099855,5.07920629941462
"330",2022-03-09 00:10:45,1,303,200,48.7253214531996,5.21348083916177
"331",2022-03-09 00:10:50,1,303,200,47.145284793732,6.04447090086782
"332",2022-03-09 00:10:55,1,303,200,48.2719034288378,4.97443509146082
"333",2022-03-09 00:11:00,1,303,200,49.5153115089459,5.25820826292817
"334",2022-03-09 00:11:05,1,303,200,47.6868471317808,5.31018108624018
"335",2022-03-09 00:11:10,1,303,200,49.0495232095147,5.3847141181462
"336",2022-03-09 00:11:15,1,303,200,47.7153029163982,5.44976327002177
"337",2022-03-09 00:11:20,1,303,200,48.1459349071137,5.42077414995345
"338",2022-03-09 00:11:25,1,303,200,47.8490753697212,5.76452407263633
"339",2022-03-09 00:11:30,1,303,200,47.8674764206387,5.47459853471561
"340",2022-03-09 00:11:35,1,303,200,48.3459271021807,5.8828930490949
"341",2022-03-09 00:11:40,1,303,200,48.8531077127575,5.3631776709994
"342",2022-03-09 00:11:45,1,303,200,46.9583996737532,5.72200946923841
"343",2022-03-09 00:11:50,1,303,200,47.9747351087876,5.21304743610931
"344",2022-03-09 00:11:55,1,303,200,48.6780882970165,5.27524579251787
"345",2022-03-09 00:12:00,1,303,200,46.5871717353033,5.21750850273536
"346",2022-03-09 00:12:05,1,303,200,48.4500083415138,5.6032024022775
"347",2022-03-09 00:12:10,1,303,200,48.9204639714341,5.38047733615204
"348",2022-03-09 00:12:15,1,303,200,48.8329628580154,5.46575918469642
"349",2022-03-09 00:12:20,1,303,200,47.5724808274208,5.26474868022556
"350",2022-03-09 00:12:25,1,303,200,47.870518558426,5.46866755586786
"351",2022-03-09 00:12:30,1,303,200,49.6142314388774,5.24286314531559
"352",2022-03-09 00:12:35,1,303,200,48.4462365802221,5.14858855123674
"353",2022-03-09 00:12:40,1,303,200,47.050032205607,5.56196978130052
"354",2022-03-09 00:12:45,1,303,200,47.9113312861014,5.50675518559456
"355",2022-03-09 00:12:50,1,303,200,47.9572965054962,5.49491396494272
"356",2022-03-09 00:12:55,1,303,200,47.4042761937127,5.85423273345061
"357",2022-03-09 00:13:00,1,303,200,48.0261950520955,5.12497100680064
"358",2022-03-09 00:13:05,1,303,200,47.1307094121725,5.44249534125465
"359",2022-03-09 00:13:10,1,303,200,47.7667028401244,5.7288623869411
"360",2022-03-09 00:13:15,1,303,200,48.7781047914631,5.21220082754807
"361",2022-03-09 00:13:20,1,303,200,48.2786993251652,5.55738451101755
"362",2022-03-09 00:13:25,1,303,200,48.9770826163591,5.55641959089313
"363",2022-03-09 00:13:30,1,303,200,48.2025513045812,5.54156980220806
"364",2022-03-09 00:13:35,1,303,200,47.2842179772227,5.51309468679327
"365",2022-03-09 00:13:40,1,303,200,48.3592014260891,5.42505797389221
"366",2022-03-09 00:13:45,1,303,200,47.5805142349988,5.08996124675961
"367",2022-03-09 00:13:50,1,303,200,49.0547428803552,5.61382696655719
"368",2022-03-09 00:13:55,1,303,200,49.6031185987683,5.44295905319379
"369",2022-03-09 00:14:00,1,303,200,49.3210885010001,5.42279571922434
"370",2022-03-09 00:14:05,1,303,200,47.8494831198071,5.26396097706833
"371",2022-03-09 00:14:10,1,303,200,47.9757990068806,4.91420893754817
"372",2022-03-09 00:14:15,1,303,200,47.3348860941996,5.13652246172859
"373",2022-03-09 00:14:20,1,303,200,46.965827269667,5.33096169804509
"374",2022-03-09 00:14:25,1,303,200,47.3689716393896,5.71805414409346
"375",2022-03-09 00:14:30,1,303,200,48.3657057794859,5.83962738709917
"376",2022-03-09 00:14:35,1,303,200,46.8696721965833,5.74724982473287
"377",2022-03-09 00:14:40,1,303,200,46.831544430027,5.62449508689235
"378",2022-03-09 00:14:45,1,303,200,49.1335322861906,5.73497345660126
"379",2022-03-09 00:14:50,1,303,200,49.0760663583299,5.53260813431476
"380",2022-03-09 00:14:55,1,303,200,48.4994698050952,5.70004312904017
"381",2022-03-09 00:15:00,1,303,200,46.9321247773952,5.53932910362097
"382",2022-03-09 00:15:05,1,303,200,47.1474191627781,5.31975984201217
"383",2022-03-09 00:15:10,1,303,200,47.2252765256498,5.20737926248879
"384",2022-03-09 00:15:15,1,303,200,48.2432514003316,5.43744778538226
"385",2022-03-09 00:15:20,1,303,200,47.9754549053793,5.50248253664354
"386",2022-03-09 00:15:25,1,303,200,48.5303692266333,5.19071138037934
"387",2022-03-09 00:15:30,1,303,200,48.2956632051541,5.53396594410104
"388",2022-03-09 00:15:35,1,303,200,46.9699642352589,5.05461655284015
"389",2022-03-09 00:15:40,1,303,200,48.1026331043109,5.63026238885761
"390",2022-03-09 00:15:45,1,303,200,47.8986422450343,5.23903080540953
"391",2022-03-09 00:15:50,1,303,200,48.503335993653,5.44438723260956
"392",2022-03-09 00:15:55,1,303,200,46.6969082102728,5.59047365300085
"393",2022-03-09 00:16:00,1,303,200,49.035092083728,5.58909140629225
"394",2022-03-09 00:16:05,1,303,200,48.7386612687253,5.83232313401782
"395",2022-03-09 00:16:10,1,303,200,48.2445026823479,5.37256049823772
"396",2022-03-09 00:16:15,1,303,200,46.7172925275909,5.46811000425258
"397",2022-03-09 00:16:20,1,303,200,47.874731203292,5.33742816588237
"398",2022-03-09 00:16:25,1,303,200,48.7711302690843,5.08236646065341
"399",2022-03-09 00:16:30,1,303,200,47.1242929836062,5.24818290845794
"400",2022-03-09 00:16:35,1,303,200,48.8537932054757,5.02395569071506
"401",2022-03-10 00:00:00,1,303,300,47.8037516326095,5.59062365621688
"402",2022-03-10 00:00:05,1,303,300,48.1039889467017,5.27784167558868
"403",2022-03-10 00:00:10,1,303,300,48.3025426253725,5.38675231970288
"404",2022-03-10 00:00:15,1,303,300,48.9599365881247,5.1376817618172
"405",2022-03-10 00:00:20,1,303,300,47.9068016669095,5.54058942290629
"406",2022-03-10 00:00:25,1,303,300,48.1960864780063,4.9127274521118
"407",2022-03-10 00:00:30,1,303,300,46.9851755219551,5.11114976014176
"408",2022-03-10 00:00:35,1,303,300,48.013302280003,5.79359963562796
"409",2022-03-10 00:00:40,1,303,300,48.5075365854096,5.87604445401235
"410",2022-03-10 00:00:45,1,303,300,47.7062924666396,5.21044107887811
"411",2022-03-10 00:00:50,1,303,300,48.2490886170132,5.69071606904413
"412",2022-03-10 00:00:55,1,303,300,47.3213676330168,5.15955592764985
"413",2022-03-10 00:01:00,1,303,300,48.01075085356,5.39415247759857
"414",2022-03-10 00:01:05,1,303,300,48.7669958634544,5.25191148740436
"415",2022-03-10 00:01:10,1,303,300,49.0127872516221,5.58725469361787
"416",2022-03-10 00:01:15,1,303,300,47.695205150033,5.2122285824122
"417",2022-03-10 00:01:20,1,303,300,48.292265247665,5.41751090725806
"418",2022-03-10 00:01:25,1,303,300,48.4094911687453,5.66622078977434
"419",2022-03-10 00:01:30,1,303,300,48.2733328449203,5.4642318423825
"420",2022-03-10 00:01:35,1,303,300,47.8090223206344,5.37759574276608
"421",2022-03-10 00:01:40,1,303,300,47.938733737198,5.63726318380519
"422",2022-03-10 00:01:45,1,303,300,48.6904773130096,5.37481864907922
"423",2022-03-10 00:01:50,1,303,300,47.7550607325588,5.00622184390519
"424",2022-03-10 00:01:55,1,303,300,47.1847286380427,5.26681938478751
"425",2022-03-10 00:02:00,1,303,300,48.9804086469727,5.19756663463863
"426",2022-03-10 00:02:05,1,303,300,48.2855261800308,5.23236690124192
"427",2022-03-10 00:02:10,1,303,300,48.3115524838788,5.50498741760253
"428",2022-03-10 00:02:15,1,303,300,47.3832902342895,5.32313324012691
"429",2022-03-10 00:02:20,1,303,300,47.2457361175966,5.26924718949012
"430",2022-03-10 00:02:25,1,303,300,49.0691922740856,5.71915999616238
"431",2022-03-10 00:02:30,1,303,300,48.2725638387909,5.69601281257136
"432",2022-03-10 00:02:35,1,303,300,47.4176252017328,5.54501725582533
"433",2022-03-10 00:02:40,1,303,300,48.547298438846,5.92787215339385
"434",2022-03-10 00:02:45,1,303,300,48.776041698755,5.77631014828721
"435",2022-03-10 00:02:50,1,303,300,46.8757993023229,5.0491054613633
"436",2022-03-10 00:02:55,1,303,300,46.9414877805579,5.36798669764813
"437",2022-03-10 00:03:00,1,303,300,49.1450679174509,5.52755229115469
"438",2022-03-10 00:03:05,1,303,300,48.9335923380423,5.23031101193934
"439",2022-03-10 00:03:10,1,303,300,48.4358022981604,5.60987124185133
"440",2022-03-10 00:03:15,1,303,300,48.157583657762,4.96761103756418
"441",2022-03-10 00:03:20,1,303,300,48.1747863950942,4.90486844697184
"442",2022-03-10 00:03:25,1,303,300,48.67521513052,5.33815937001771
"443",2022-03-10 00:03:30,1,303,300,47.4780983406485,5.27698960686635
"444",2022-03-10 00:03:35,1,303,300,48.0836783144066,5.4985952981598
"445",2022-03-10 00:03:40,1,303,300,47.2523886088908,5.70838686883058
"446",2022-03-10 00:03:45,1,303,300,48.269195107541,5.29696199766961
"447",2022-03-10 00:03:50,1,303,300,47.7883675379034,4.79180639362152
"448",2022-03-10 00:03:55,1,303,300,49.1362239873362,5.4407706414492
"449",2022-03-10 00:04:00,1,303,300,46.8387534409537,5.16062410271155
"450",2022-03-10 00:04:05,1,303,300,49.239142345891,5.49523591298673
"451",2022-03-10 00:04:10,1,303,300,47.3701863796128,5.30608451213737
"452",2022-03-10 00:04:15,1,303,300,48.1732270674491,5.40011938599429
"453",2022-03-10 00:04:20,1,303,300,49.2533214345813,5.29554828816419
"454",2022-03-10 00:04:25,1,303,300,48.26150059103,5.71970315206792
"455",2022-03-10 00:04:30,1,303,300,48.2942121506453,5.12396805398676
"456",2022-03-10 00:04:35,1,303,300,48.6729094704266,5.43399527618161
"457",2022-03-10 00:04:40,1,303,300,49.7881546888711,5.34175441537343
"458",2022-03-10 00:04:45,1,303,300,48.7675594968394,5.26395851145521
"459",2022-03-10 00:04:50,1,303,300,48.7959167710749,5.56754019313366
"460",2022-03-10 00:04:55,1,303,300,47.1162847607799,5.47155389874546
"461",2022-03-10 00:05:00,1,303,300,48.2181548324077,5.35276108746477
"462",2022-03-10 00:05:05,1,303,300,48.4460976478488,5.01754986605731
"463",2022-03-10 00:05:10,1,303,300,47.4764184843719,5.54690833033154
"464",2022-03-10 00:05:15,1,303,300,48.4007720552878,5.35258682515955
"465",2022-03-10 00:05:20,1,303,300,48.8687702307873,5.45133206460472
"466",2022-03-10 00:05:25,1,303,300,47.4578173737067,5.5537009928636
"467",2022-03-10 00:05:30,1,303,300,48.59161985215,5.50653231269539
"468",2022-03-10 00:05:35,1,303,300,47.0034789485665,5.35107195672036
"469",2022-03-10 00:05:40,1,303,300,48.1532355291263,5.41093206642069
"470",2022-03-10 00:05:45,1,303,300,48.1151998057202,5.31217664291744
"471",2022-03-10 00:05:50,1,303,300,48.0333984742348,5.12665315928398
"472",2022-03-10 00:05:55,1,303,300,48.1910349266979,5.54491395715413
"473",2022-03-10 00:06:00,1,303,300,49.5546125572739,5.15277527115088
"474",2022-03-10 00:06:05,1,303,300,47.5180220384973,5.11937758429236
"475",2022-03-10 00:06:10,1,303,300,47.1619594259053,5.3497439103768
"476",2022-03-10 00:06:15,1,303,300,49.3915665819586,5.7677562758214
"477",2022-03-10 00:06:20,1,303,300,48.7327341762508,5.6541908129135
"478",2022-03-10 00:06:25,1,303,300,48.400758296371,5.24943443828539
"479",2022-03-10 00:06:30,1,303,300,46.8325550613879,5.15264265264122
"480",2022-03-10 00:06:35,1,303,300,45.9796119889975,5.37935970920115
"481",2022-03-10 00:06:40,1,303,300,48.6921692749566,5.78988089344644
"482",2022-03-10 00:06:45,1,303,300,46.6116688817425,5.61476842422761
"483",2022-03-10 00:06:50,1,303,300,48.9608507714012,5.39110488813865
"484",2022-03-10 00:06:55,1,303,300,46.9949018960697,5.83178607827802
"485",2022-03-10 00:07:00,1,303,300,48.7580781573533,5.6853593232271
"486",2022-03-10 00:07:05,1,303,300,49.1527865930865,5.59411265823229
"487",2022-03-10 00:07:10,1,303,300,48.6115025235136,5.43591704218785
"488",2022-03-10 00:07:15,1,303,300,46.7451848803804,5.41731784698384
"489",2022-03-10 00:07:20,1,303,300,48.2772659389767,5.032133525504
"490",2022-03-10 00:07:25,1,303,300,47.9037506313859,5.70424906990187
"491",2022-03-10 00:07:30,1,303,300,46.872823660427,5.37247772773009
"492",2022-03-10 00:07:35,1,303,300,47.5220348653614,5.02781714871546
"493",2022-03-10 00:07:40,1,303,300,48.0917198655923,5.08179797226254
"494",2022-03-10 00:07:45,1,303,300,48.4372503928998,5.19169500445797
"495",2022-03-10 00:07:50,1,303,300,46.7801484343869,5.2843258336139
"496",2022-03-10 00:07:55,1,303,300,49.1417567403605,5.09624352335255
"497",2022-03-10 00:08:00,1,303,300,46.9618227570461,5.32361426544919
"498",2022-03-10 00:08:05,1,303,300,48.1862784379896,5.63327172139228
"499",2022-03-10 00:08:10,1,303,300,47.5935488697578,5.45994388857795
"500",2022-03-10 00:08:15,1,303,300,49.1370775194067,5.15893572499562
"501",2022-03-10 00:08:20,1,303,300,47.5838326860112,5.33567317731177
"502",2022-03-10 00:08:25,1,303,300,48.9364599069656,5.66563877393816
"503",2022-03-10 00:08:30,1,303,300,48.1886000479342,4.8427957040196
"504",2022-03-10 00:08:35,1,303,300,48.8739200385282,5.41553328678347
"505",2022-03-10 00:08:40,1,303,300,48.4073474563496,5.55707596837539
"506",2022-03-10 00:08:45,1,303,300,48.551832098717,5.27662552998693
"507",2022-03-10 00:08:50,1,303,300,47.4331756655212,4.94002603273042
"508",2022-03-10 00:08:55,1,303,300,48.2207728002474,5.26023671720234
"509",2022-03-10 00:09:00,1,303,300,48.7135334563409,5.08831471861496
"510",2022-03-10 00:09:05,1,303,300,47.5133806864834,5.28620947223906
"511",2022-03-10 00:09:10,1,303,300,48.6668134670541,5.92070285242803
"512",2022-03-10 00:09:15,1,303,300,47.2043330020835,5.47166351942527
"513",2022-03-10 00:09:20,1,303,300,47.1499108741112,5.40387304501879
"514",2022-03-10 00:09:25,1,303,300,48.8183469725644,5.77284553034387
"515",2022-03-10 00:09:30,1,303,300,47.2483340569106,5.1169526221885
"516",2022-03-10 00:09:35,1,303,300,47.4076677684426,5.15652353015497
"517",2022-03-10 00:09:40,1,303,300,49.1998526699326,5.58965016083739
"518",2022-03-10 00:09:45,1,303,300,48.9801710873459,5.04538504807951
"519",2022-03-10 00:09:50,1,303,300,48.0053880471305,5.30272992248765
"520",2022-03-10 00:09:55,1,303,300,48.7047710011256,5.49815776510681
"521",2022-03-10 00:10:00,1,303,300,49.5498335082906,5.62662926711498
"522",2022-03-10 00:10:05,1,303,300,48.3373747017918,5.87605926455193
"523",2022-03-10 00:10:10,1,303,300,46.7965637046422,5.36170700584622
"524",2022-03-10 00:10:15,1,303,300,47.2661430443175,5.54307301538183
"525",2022-03-10 00:10:20,1,303,300,48.8037194361045,5.23343449720819
"526",2022-03-10 00:10:25,1,303,300,46.8271536264493,6.0061049216752
"527",2022-03-10 00:10:30,1,303,300,48.7570320005824,5.1726783886731
"528",2022-03-10 00:10:35,1,303,300,49.0939808120523,5.29992614801139
"529",2022-03-10 00:10:40,1,303,300,47.322045363223,5.40861624729531
"530",2022-03-10 00:10:45,1,303,300,48.4018842862714,5.49893605742744
"531",2022-03-10 00:10:50,1,303,300,48.2067082985867,5.31427977680315
"532",2022-03-10 00:10:55,1,303,300,47.8165844600383,5.52269846045971
"533",2022-03-10 00:11:00,1,303,300,48.8844055188549,5.27296484020695
"534",2022-03-10 00:11:05,1,303,300,48.3572576385775,5.38870563431569
"535",2022-03-10 00:11:10,1,303,300,48.9174078054352,5.09394626062622
"536",2022-03-10 00:11:15,1,303,300,48.1885558259451,5.94350094326563
"537",2022-03-10 00:11:20,1,303,300,49.1810951784004,5.20246639506779
"538",2022-03-10 00:11:25,1,303,300,48.3944148566952,5.1656062846808
"539",2022-03-10 00:11:30,1,303,300,47.5741375201202,5.3937758119263
"540",2022-03-10 00:11:35,1,303,300,46.6852181393084,5.40680754476696
"541",2022-03-10 00:11:40,1,303,300,48.8899700854187,5.2038961335003
"542",2022-03-10 00:11:45,1,303,300,49.1227231292884,5.22181609615517
"543",2022-03-10 00:11:50,1,303,300,47.5537022107942,5.19836849009209
"544",2022-03-10 00:11:55,1,303,300,48.3803258289247,4.98500848244435
"545",2022-03-10 00:12:00,1,303,300,48.7871970266727,5.37716752003578
"546",2022-03-10 00:12:05,1,303,300,48.3902649506035,5.37809428343005
"547",2022-03-10 00:12:10,1,303,300,49.5303092794422,5.17163456750322
"548",2022-03-10 00:12:15,1,303,300,47.0891279483786,5.08395390712277
"549",2022-03-10 00:12:20,1,303,300,49.6708986805928,5.44112838343524
"550",2022-03-10 00:12:25,1,303,300,49.743605427305,5.62780691672111
"551",2022-03-10 00:12:30,1,303,300,47.5507043686188,5.60234042427737
"552",2022-03-10 00:12:35,1,303,300,48.1280014391649,5.84840423893671
"553",2022-03-10 00:12:40,1,303,300,48.2332645778063,5.52241000583022
"554",2022-03-10 00:12:45,1,303,300,46.9811413389651,5.53046127938204
"555",2022-03-10 00:12:50,1,303,300,48.3828918039805,5.49347739129677
"556",2022-03-10 00:12:55,1,303,300,45.9724924132723,4.93762205108613
"557",2022-03-10 00:13:00,1,303,300,47.5533987655672,5.30460953936572
"558",2022-03-10 00:13:05,1,303,300,48.3423301766502,5.51342449245767
"559",2022-03-10 00:13:10,1,303,300,47.313560073695,5.4284627770313
"560",2022-03-10 00:13:15,1,303,300,48.3643323930762,5.00451716973504
"561",2022-03-10 00:13:20,1,303,300,46.8840141111016,5.31339126134241
"562",2022-03-10 00:13:25,1,303,300,47.2950396786185,5.40312402413718
"563",2022-03-10 00:13:30,1,303,300,47.1175724415009,5.5507724839331
"564",2022-03-10 00:13:35,1,303,300,47.4351065624288,5.42545592210246
"565",2022-03-10 00:13:40,1,303,300,46.9056230825061,5.58791182352631
"566",2022-03-10 00:13:45,1,303,300,48.8179029920738,5.43757546246496
"567",2022-03-10 00:13:50,1,303,300,48.6893703109363,5.77289617581682
"568",2022-03-10 00:13:55,1,303,300,48.3453142187685,5.9713625250603
"569",2022-03-10 00:14:00,1,303,300,47.3281882103472,5.43144500736143
"570",2022-03-10 00:14:05,1,303,300,49.2223765383626,5.61376173756202
"571",2022-03-10 00:14:10,1,303,300,48.0184722107496,5.42997049003533
"572",2022-03-10 00:14:15,1,303,300,48.7763892772667,5.28373378290829
"573",2022-03-10 00:14:20,1,303,300,47.766787772247,5.42406343581441
"574",2022-03-10 00:14:25,1,303,300,48.1782565624333,5.26644329530604
"575",2022-03-10 00:14:30,1,303,300,48.754982443307,5.55204760961571
"576",2022-03-10 00:14:35,1,303,300,48.5855774947257,5.87747497518874
"577",2022-03-10 00:14:40,1,303,300,48.3563881294872,4.81641930824896
"578",2022-03-10 00:14:45,1,303,300,47.5694742228818,5.9250035579461
"579",2022-03-10 00:14:50,1,303,300,48.375398673677,5.4335926621187
"580",2022-03-10 00:14:55,1,303,300,48.347959073458,5.30002905388841
"581",2022-03-10 00:15:00,1,303,300,48.7717800208988,5.48378087304813
"582",2022-03-10 00:15:05,1,303,300,49.1916458660937,5.2658143769611
"583",2022-03-10 00:15:10,1,303,300,48.2418381811585,5.18830696820884
"584",2022-03-10 00:15:15,1,303,300,48.3512562057074,5.30081803202607
"585",2022-03-10 00:15:20,1,303,300,47.5143153765682,5.87697053826881
"586",2022-03-10 00:15:25,1,303,300,49.6329865940372,5.39075161585515
"587",2022-03-10 00:15:30,1,303,300,48.5441984663639,5.1695435101116
"588",2022-03-10 00:15:35,1,303,300,47.452358647342,5.03367588775932
"589",2022-03-10 00:15:40,1,303,300,47.5628120767805,5.07033885879206
"590",2022-03-10 00:15:45,1,303,300,48.2476598928058,5.6183624434532
"591",2022-03-10 00:15:50,1,303,300,48.4939507439969,5.50261878849867
"592",2022-03-10 00:15:55,1,303,300,48.8341326682201,5.46454731183516
"593",2022-03-10 00:16:00,1,303,300,48.0825592413226,5.25927078006467
"594",2022-03-10 00:16:05,1,303,300,47.7451960955524,6.24941969041834
"595",2022-03-10 00:16:10,1,303,300,47.6604372377128,5.86100767819202
"596",2022-03-10 00:16:15,1,303,300,47.6460843718053,5.39016411766942
"597",2022-03-10 00:16:20,1,303,300,47.4894488213829,5.45691643355988
"598",2022-03-10 00:16:25,1,303,300,47.3858070662829,5.26152245406433
"599",2022-03-10 00:16:30,1,303,300,49.7767668927557,5.41509687967496
"600",2022-03-10 00:16:35,1,303,300,47.7727710520542,5.26019638432883
"601",2022-03-11 00:00:00,1,338,100,48.2006742866949,5.30715610448643
"602",2022-03-11 00:00:05,1,338,100,48.2786337584192,5.35887334143808
"603",2022-03-11 00:00:10,1,338,100,47.3294787501927,5.2269501348732
"604",2022-03-11 00:00:15,1,338,100,47.4064315684733,5.89035105444569
"605",2022-03-11 00:00:20,1,338,100,48.1339400724703,5.37161463514138
"606",2022-03-11 00:00:25,1,338,100,46.6431863157832,5.79915178904889
"607",2022-03-11 00:00:30,1,338,100,47.5740815022878,5.98316092768758
"608",2022-03-11 00:00:35,1,338,100,48.2053356616446,5.19477518061853
"609",2022-03-11 00:00:40,1,338,100,47.5840242022148,5.31472155521122
"610",2022-03-11 00:00:45,1,338,100,47.9809481752465,5.29568561115197
"611",2022-03-11 00:00:50,1,338,100,49.5837784766727,5.07499623067828
"612",2022-03-11 00:00:55,1,338,100,46.9837966632698,5.47253511177069
"613",2022-03-11 00:01:00,1,338,100,47.777104181526,5.48361906396684
"614",2022-03-11 00:01:05,1,338,100,49.7805888460854,5.30401204758451
"615",2022-03-11 00:01:10,1,338,100,47.4703395673554,5.51069959834292
"616",2022-03-11 00:01:15,1,338,100,47.5561419394227,5.63743016859036
"617",2022-03-11 00:01:20,1,338,100,47.4660442123021,5.37434648497119
"618",2022-03-11 00:01:25,1,338,100,48.7637241931795,5.56198704421967
"619",2022-03-11 00:01:30,1,338,100,47.2898042356757,5.32608922815624
"620",2022-03-11 00:01:35,1,338,100,47.7334721898472,5.32917116172525
"621",2022-03-11 00:01:40,1,338,100,48.8087766702586,5.2614419388146
"622",2022-03-11 00:01:45,1,338,100,48.1020518014476,5.46767954551782
"623",2022-03-11 00:01:50,1,338,100,47.8347899511119,5.5806388885845
"624",2022-03-11 00:01:55,1,338,100,47.9669424747233,5.27116141088112
"625",2022-03-11 00:02:00,1,338,100,48.4517672991613,5.65981438963171
"626",2022-03-11 00:02:05,1,338,100,49.3958816086157,5.24062014171094
"627",2022-03-11 00:02:10,1,338,100,48.500225345906,5.5022391054513
"628",2022-03-11 00:02:15,1,338,100,48.9004597096325,5.36286344769504
"629",2022-03-11 00:02:20,1,338,100,46.6414014591028,5.46738406071082
"630",2022-03-11 00:02:25,1,338,100,48.349212075744,5.56847207278106
"631",2022-03-11 00:02:30,1,338,100,48.8582584104605,5.25488664286599
"632",2022-03-11 00:02:35,1,338,100,48.0300890608103,5.61940873353471
"633",2022-03-11 00:02:40,1,338,100,47.8450057505292,5.52818781681337
"634",2022-03-11 00:02:45,1,338,100,47.1760927976474,5.43228448078102
"635",2022-03-11 00:02:50,1,338,100,49.6474523250082,5.39521460470433
"636",2022-03-11 00:02:55,1,338,100,48.2221191993052,5.27925089783795
"637",2022-03-11 00:03:00,1,338,100,48.1803270110771,5.50264502421772
"638",2022-03-11 00:03:05,1,338,100,49.0873283707514,5.53105422743134
"639",2022-03-11 00:03:10,1,338,100,46.0383303581483,5.37837384662344
"640",2022-03-11 00:03:15,1,338,100,47.8768000704396,5.47804412223486
"641",2022-03-11 00:03:20,1,338,100,48.4021271095055,5.42384464420404
"642",2022-03-11 00:03:25,1,338,100,47.5745745781114,4.85138585002977
"643",2022-03-11 00:03:30,1,338,100,48.2824524666581,5.56623466761697
"644",2022-03-11 00:03:35,1,338,100,48.4467220529324,5.18519348768712
"645",2022-03-11 00:03:40,1,338,100,47.6775507920092,5.01652491320559
"646",2022-03-11 00:03:45,1,338,100,48.3168023508854,5.46253658859807
"647",2022-03-11 00:03:50,1,338,100,48.5842848683479,5.72765412138748
"648",2022-03-11 00:03:55,1,338,100,47.2236263647365,5.27419377280057
"649",2022-03-11 00:04:00,1,338,100,48.0973223787926,5.4818559814345
"650",2022-03-11 00:04:05,1,338,100,48.7447781881313,5.45953392834735
"651",2022-03-11 00:04:10,1,338,100,49.1857034315843,5.2844138148231
"652",2022-03-11 00:04:15,1,338,100,48.2202198680798,5.70793112445188
"653",2022-03-11 00:04:20,1,338,100,48.9388568543613,5.40467402789997
"654",2022-03-11 00:04:25,1,338,100,47.6370035256776,5.13555669293125
"655",2022-03-11 00:04:30,1,338,100,48.1073150476563,5.3333249956626
"656",2022-03-11 00:04:35,1,338,100,48.2550540570482,5.47565293907956
"657",2022-03-11 00:04:40,1,338,100,46.7531124343351,5.86086943418938
"658",2022-03-11 00:04:45,1,338,100,49.9686557832012,5.65733773124173
"659",2022-03-11 00:04:50,1,338,100,48.068202646956,5.46384889045816
"660",2022-03-11 00:04:55,1,338,100,47.9343623578208,5.24582186802967
"661",2022-03-11 00:05:00,1,338,100,46.9793902717816,5.50008189361606
"662",2022-03-11 00:05:05,1,338,100,48.4887505093815,5.32763807894489
"663",2022-03-11 00:05:10,1,338,100,48.4924660364715,5.65866739944731
"664",2022-03-11 00:05:15,1,338,100,47.7967889733186,5.5088316335622
"665",2022-03-11 00:05:20,1,338,100,48.453196069522,5.72431995226471
"666",2022-03-11 00:05:25,1,338,100,47.7145719476156,5.52584793979237
"667",2022-03-11 00:05:30,1,338,100,48.9205166283879,5.21547089565931
"668",2022-03-11 00:05:35,1,338,100,48.4818549912266,5.39022022443854
"669",2022-03-11 00:05:40,1,338,100,47.7967508021357,5.30838324163762
"670",2022-03-11 00:05:45,1,338,100,48.3793941128917,5.16484629357299
"671",2022-03-11 00:05:50,1,338,100,48.1389137177017,5.67821123758632
"672",2022-03-11 00:05:55,1,338,100,48.3236678401775,5.43401662307297
"673",2022-03-11 00:06:00,1,338,100,48.8714853619803,5.21714683217648
"674",2022-03-11 00:06:05,1,338,100,48.5570771748002,5.20562179668112
"675",2022-03-11 00:06:10,1,338,100,48.5010026560539,5.21238667519776
"676",2022-03-11 00:06:15,1,338,100,47.6289168784184,5.2991622068481
"677",2022-03-11 00:06:20,1,338,100,47.1935851264077,5.49075368928203
"678",2022-03-11 00:06:25,1,338,100,46.3924262097371,5.44524001217662
"679",2022-03-11 00:06:30,1,338,100,48.0626867301143,5.57523214546649
"680",2022-03-11 00:06:35,1,338,100,47.7688812338267,5.39567119478735
"681",2022-03-11 00:06:40,1,338,100,48.3038136076427,4.88912766131417
"682",2022-03-11 00:06:45,1,338,100,49.4089548049483,5.8447576070302
"683",2022-03-11 00:06:50,1,338,100,48.4735894647035,5.14304014908619
"684",2022-03-11 00:06:55,1,338,100,49.0955664553273,5.27424422540085
"685",2022-03-11 00:07:00,1,338,100,49.5151423204793,5.96630567179994
"686",2022-03-11 00:07:05,1,338,100,48.0854725684853,5.71340632916407
"687",2022-03-11 00:07:10,1,338,100,47.9296467754765,5.40661850310533
"688",2022-03-11 00:07:15,1,338,100,48.3876569545666,5.2026504320124
"689",2022-03-11 00:07:20,1,338,100,48.3436673151468,5.18623318156072
"690",2022-03-11 00:07:25,1,338,100,46.8073072224327,5.17084931073386
"691",2022-03-11 00:07:30,1,338,100,48.9658248163763,4.87765513830279
"692",2022-03-11 00:07:35,1,338,100,46.9859468766888,5.17115881369241
"693",2022-03-11 00:07:40,1,338,100,48.6749662293598,5.66192307905033
"694",2022-03-11 00:07:45,1,338,100,47.6545326182611,5.54552940187422
"695",2022-03-11 00:07:50,1,338,100,48.7807072937972,5.12217452205115
"696",2022-03-11 00:07:55,1,338,100,48.790377710902,5.77775842488746
"697",2022-03-11 00:08:00,1,338,100,48.5351572773728,5.95166457679807
"698",2022-03-11 00:08:05,1,338,100,49.2749759329811,5.14911121613008
"699",2022-03-11 00:08:10,1,338,100,48.5333925505619,5.82974555068062
"700",2022-03-11 00:08:15,1,338,100,48.1897536269427,5.80362579418566
"701",2022-03-11 00:08:20,1,338,100,48.3771196057774,5.56124976642578
"702",2022-03-11 00:08:25,1,338,100,49.0597555269707,5.09864148972894
"703",2022-03-11 00:08:30,1,338,100,47.5162276750907,5.36265135166864
"704",2022-03-11 00:08:35,1,338,100,48.2493725511418,4.93681571592672
"705",2022-03-11 00:08:40,1,338,100,48.052431641191,5.48070017541884
"706",2022-03-11 00:08:45,1,338,100,48.5045858289638,5.28882340282382
"707",2022-03-11 00:08:50,1,338,100,47.5052375444106,5.34441505716283
"708",2022-03-11 00:08:55,1,338,100,48.8802932467288,5.41404972213037
"709",2022-03-11 00:09:00,1,338,100,48.3498138923666,5.59271525190979
"710",2022-03-11 00:09:05,1,338,100,48.7591852681176,5.677276081578
"711",2022-03-11 00:09:10,1,338,100,47.9721899333835,5.28902989448242
"712",2022-03-11 00:09:15,1,338,100,48.939440158253,5.2421463328809
"713",2022-03-11 00:09:20,1,338,100,48.3826048195006,5.48322450246819
"714",2022-03-11 00:09:25,1,338,100,48.249332764955,5.7912175652603
"715",2022-03-11 00:09:30,1,338,100,48.2775062856339,5.85054538569199
"716",2022-03-11 00:09:35,1,338,100,46.9807647420908,5.62888639677084
"717",2022-03-11 00:09:40,1,338,100,47.1051522601472,5.42569762472602
"718",2022-03-11 00:09:45,1,338,100,47.5106645611221,5.97865201103295
"719",2022-03-11 00:09:50,1,338,100,47.515993247845,5.80885760316394
"720",2022-03-11 00:09:55,1,338,100,48.6050364392186,5.31297052187236
"721",2022-03-11 00:10:00,1,338,100,47.6416242837228,5.06009125554957
"722",2022-03-11 00:10:05,1,338,100,48.2011443241069,5.3846416360958
"723",2022-03-11 00:10:10,1,338,100,48.8585981192337,6.00733656170953
"724",2022-03-11 00:10:15,1,338,100,46.4838595314908,5.77830605119167
"725",2022-03-11 00:10:20,1,338,100,48.1281985820643,5.28033134276134
"726",2022-03-11 00:10:25,1,338,100,47.6211967512506,5.10925239992272
"727",2022-03-11 00:10:30,1,338,100,49.1128828920983,5.40561668680666
"728",2022-03-11 00:10:35,1,338,100,48.0075890975241,5.50827426740313
"729",2022-03-11 00:10:40,1,338,100,47.9370905874858,5.5496335275168
"730",2022-03-11 00:10:45,1,338,100,48.3406394726597,5.04354733255428
"731",2022-03-11 00:10:50,1,338,100,47.2543913653813,5.25024946908605
"732",2022-03-11 00:10:55,1,338,100,48.2791470985598,5.37292604572348
"733",2022-03-11 00:11:00,1,338,100,48.9964418211816,5.30128620835582
"734",2022-03-11 00:11:05,1,338,100,47.5426895080709,5.76806683708662
"735",2022-03-11 00:11:10,1,338,100,48.8126013368247,5.56800187972928
"736",2022-03-11 00:11:15,1,338,100,47.0697282648784,5.36999262316164
"737",2022-03-11 00:11:20,1,338,100,47.0818245116346,5.2663017932052
"738",2022-03-11 00:11:25,1,338,100,48.0601395664717,5.96094451847838
"739",2022-03-11 00:11:30,1,338,100,47.5831807154751,5.37587954512564
"740",2022-03-11 00:11:35,1,338,100,48.5905235155158,5.36322638852975
"741",2022-03-11 00:11:40,1,338,100,46.8697630644058,5.52794290278345
"742",2022-03-11 00:11:45,1,338,100,48.8553097241965,5.61658560063718
"743",2022-03-11 00:11:50,1,338,100,48.2363842507591,5.82979164115316
"744",2022-03-11 00:11:55,1,338,100,48.6064869618197,5.38825562633143
"745",2022-03-11 00:12:00,1,338,100,49.2578168102989,5.2628872691191
"746",2022-03-11 00:12:05,1,338,100,47.3991277734076,5.7193316999511
"747",2022-03-11 00:12:10,1,338,100,48.3661174692999,5.22073499578264
"748",2022-03-11 00:12:15,1,338,100,47.5465486222605,5.68089484101797
"749",2022-03-11 00:12:20,1,338,100,48.1233259449429,5.68484572994051
"750",2022-03-11 00:12:25,1,338,100,49.2483322150616,5.32428546328283
"751",2022-03-11 00:12:30,1,338,100,47.4713637189369,5.41884672720186
"752",2022-03-11 00:12:35,1,338,100,49.8303572009493,5.10893924714618
"753",2022-03-11 00:12:40,1,338,100,48.7043261714707,5.27919304148737
"754",2022-03-11 00:12:45,1,338,100,48.0938628677644,5.55897093174714
"755",2022-03-11 00:12:50,1,338,100,47.4056537498554,5.80685447764065
"756",2022-03-11 00:12:55,1,338,100,49.1197574054181,5.47664977622082
"757",2022-03-11 00:13:00,1,338,100,47.3446680958785,5.38318482591037
"758",2022-03-11 00:13:05,1,338,100,47.9601307384922,5.32331592018418
"759",2022-03-11 00:13:10,1,338,100,48.9017403176011,5.13607281342134
"760",2022-03-11 00:13:15,1,338,100,48.5138550003997,5.23804752271405
"761",2022-03-11 00:13:20,1,338,100,47.3050809374041,5.69818999057401
"762",2022-03-11 00:13:25,1,338,100,47.9218938287559,5.55339732220287
"763",2022-03-11 00:13:30,1,338,100,48.8669021672493,5.46315704509729
"764",2022-03-11 00:13:35,1,338,100,48.8979783808074,5.25535480309535
"765",2022-03-11 00:13:40,1,338,100,47.2665530730623,5.18486074422075
"766",2022-03-11 00:13:45,1,338,100,48.0101192746,5.06011210450626
"767",2022-03-11 00:13:50,1,338,100,48.677663964685,5.46387278461763
"768",2022-03-11 00:13:55,1,338,100,48.5909567570906,5.43126721230172
"769",2022-03-11 00:14:00,1,338,100,48.0478038521807,5.67340746764498
"770",2022-03-11 00:14:05,1,338,100,48.4932523772338,5.94316213717185
"771",2022-03-11 00:14:10,1,338,100,48.8434335713795,5.35934031607881
"772",2022-03-11 00:14:15,1,338,100,47.9874636543698,5.91628806120616
"773",2022-03-11 00:14:20,1,338,100,46.583291539705,5.27592658884374
"774",2022-03-11 00:14:25,1,338,100,48.3698516539727,5.35928289250272
"775",2022-03-11 00:14:30,1,338,100,49.0147986440659,5.0988834120075
"776",2022-03-11 00:14:35,1,338,100,47.7003276335832,5.10814189151279
"777",2022-03-11 00:14:40,1,338,100,49.3805015511802,5.86664869213396
"778",2022-03-11 00:14:45,1,338,100,47.6543069228943,5.27297873830105
"779",2022-03-11 00:14:50,1,338,100,48.9706322219218,5.20885480803391
"780",2022-03-11 00:14:55,1,338,100,47.0506282148555,5.8315471377159
"781",2022-03-11 00:15:00,1,338,100,49.3471064975792,5.51992056157529
"782",2022-03-11 00:15:05,1,338,100,49.1683192066085,5.41453830037131
"783",2022-03-11 00:15:10,1,338,100,48.0452226470281,5.21053580151674
"784",2022-03-11 00:15:15,1,338,100,48.4046979869005,4.84184577406174
"785",2022-03-11 00:15:20,1,338,100,48.5018638035714,5.35184426492011
"786",2022-03-11 00:15:25,1,338,100,47.9835818247169,4.7836405990437
"787",2022-03-11 00:15:30,1,338,100,48.8679928062083,4.85392882997476
"788",2022-03-11 00:15:35,1,338,100,46.1701367516391,5.45931899581457
"789",2022-03-11 00:15:40,1,338,100,47.7063266443057,5.62814777316374
"790",2022-03-11 00:15:45,1,338,100,48.7570998059699,5.79906718931692
"791",2022-03-11 00:15:50,1,338,100,48.4181108594161,5.62392788504972
"792",2022-03-11 00:15:55,1,338,100,49.1113469729084,5.17065507995287
"793",2022-03-11 00:16:00,1,338,100,48.6256735228345,5.40096169969049
"794",2022-03-11 00:16:05,1,338,100,47.8012576929463,5.50119730049874
"795",2022-03-11 00:16:10,1,338,100,48.0181300880985,5.85210984964982
"796",2022-03-11 00:16:15,1,338,100,47.4893788272122,5.68167947800013
"797",2022-03-11 00:16:20,1,338,100,49.1429485297461,5.58883953342604
"798",2022-03-11 00:16:25,1,338,100,48.0295386027322,5.18744119954548
"799",2022-03-11 00:16:30,1,338,100,49.5073672505025,5.66640464750546
"800",2022-03-11 00:16:35,1,338,100,48.7863455614081,5.37870247881857
"801",2022-03-12 00:00:00,1,338,200,48.7133677006687,5.27069537373623
"802",2022-03-12 00:00:05,1,338,200,47.8655499780066,5.86043907182358
"803",2022-03-12 00:00:10,1,338,200,47.7079178574258,5.45183405094794
"804",2022-03-12 00:00:15,1,338,200,48.1019281558384,5.49645383776488
"805",2022-03-12 00:00:20,1,338,200,49.7218739134798,5.25441923385053
"806",2022-03-12 00:00:25,1,338,200,48.8664240668609,5.47003315360755
"807",2022-03-12 00:00:30,1,338,200,47.593278756761,5.36148976121206
"808",2022-03-12 00:00:35,1,338,200,48.0806585555349,5.49563003726236
"809",2022-03-12 00:00:40,1,338,200,48.641744367084,5.51008365724366
"810",2022-03-12 00:00:45,1,338,200,47.5125895236572,5.74189702940672
"811",2022-03-12 00:00:50,1,338,200,49.012472325679,5.38818445581584
"812",2022-03-12 00:00:55,1,338,200,46.2703483282421,5.22992065489322
"813",2022-03-12 00:01:00,1,338,200,48.0194686391573,5.4543641793979
"814",2022-03-12 00:01:05,1,338,200,47.2737917171985,5.12119112878238
"815",2022-03-12 00:01:10,1,338,200,48.5249369741042,5.54138058026126
"816",2022-03-12 00:01:15,1,338,200,48.801947595902,5.42717630506933
"817",2022-03-12 00:01:20,1,338,200,48.2931567893537,5.8520912124207
"818",2022-03-12 00:01:25,1,338,200,48.4389950326361,5.09393870608288
"819",2022-03-12 00:01:30,1,338,200,47.3902675234934,5.68871350442482
"820",2022-03-12 00:01:35,1,338,200,48.4724324082131,5.18197097834555
"821",2022-03-12 00:01:40,1,338,200,47.4533068464107,5.49382619086118
"822",2022-03-12 00:01:45,1,338,200,47.7483974491638,5.52937972338401
"823",2022-03-12 00:01:50,1,338,200,49.0591953686027,5.33957418035084
"824",2022-03-12 00:01:55,1,338,200,47.9286705951431,5.43266513853136
"825",2022-03-12 00:02:00,1,338,200,49.1882036805184,5.36712639258914
"826",2022-03-12 00:02:05,1,338,200,47.4817023666555,5.39779932147241
"827",2022-03-12 00:02:10,1,338,200,47.5104658558468,5.19168906831853
"828",2022-03-12 00:02:15,1,338,200,47.7828877052872,5.15816983458713
"829",2022-03-12 00:02:20,1,338,200,47.9462755514528,5.3038568152075
"830",2022-03-12 00:02:25,1,338,200,47.93984459722,5.77058564183564
"831",2022-03-12 00:02:30,1,338,200,47.8371408115427,5.9310099854281
"832",2022-03-12 00:02:35,1,338,200,47.9570518722118,5.64995817922254
"833",2022-03-12 00:02:40,1,338,200,48.1997289232432,5.1701328660223
"834",2022-03-12 00:02:45,1,338,200,48.0897222512128,5.48354436710322
"835",2022-03-12 00:02:50,1,338,200,49.140145417661,5.24920628691127
"836",2022-03-12 00:02:55,1,338,200,48.3259772497388,5.18699149136382
"837",2022-03-12 00:03:00,1,338,200,48.5799025901248,5.6545251429875
"838",2022-03-12 00:03:05,1,338,200,48.602453134687,5.51357457375062
"839",2022-03-12 00:03:10,1,338,200,48.5159753891187,5.32913029832426
"840",2022-03-12 00:03:15,1,338,200,48.0623797034488,6.07089119095104
"841",2022-03-12 00:03:20,1,338,200,47.1287761929528,4.87963270241564
"842",2022-03-12 00:03:25,1,338,200,47.4380552170233,5.60617928385715
"843",2022-03-12 00:03:30,1,338,200,49.4854394328478,5.84455982777204
"844",2022-03-12 00:03:35,1,338,200,45.3754189341461,5.16581234586895
"845",2022-03-12 00:03:40,1,338,200,47.2251208062953,4.92693892466567
"846",2022-03-12 00:03:45,1,338,200,48.1857540996488,5.62082206207017
"847",2022-03-12 00:03:50,1,338,200,47.1086140785533,4.9178035467135
"848",2022-03-12 00:03:55,1,338,200,47.5561693065029,5.21460148801395
"849",2022-03-12 00:04:00,1,338,200,47.4785796318004,5.7120293937091
"850",2022-03-12 00:04:05,1,338,200,47.8092814427246,5.63958300924449
"851",2022-03-12 00:04:10,1,338,200,48.6658024512663,5.65569930993339
"852",2022-03-12 00:04:15,1,338,200,48.7717518767035,5.49922313696995
"853",2022-03-12 00:04:20,1,338,200,47.2499824660407,5.29224454729151
"854",2022-03-12 00:04:25,1,338,200,47.9997595827511,5.12521327848988
"855",2022-03-12 00:04:30,1,338,200,48.0547757138203,5.3114810115831
"856",2022-03-12 00:04:35,1,338,200,49.5167603777361,5.51912080772028
"857",2022-03-12 00:04:40,1,338,200,46.9114573198167,5.99355300733858
"858",2022-03-12 00:04:45,1,338,200,48.4466265629858,5.37210350733663
"859",2022-03-12 00:04:50,1,338,200,48.7275617611927,5.4570635963489
"860",2022-03-12 00:04:55,1,338,200,47.9720016271649,5.89410094650666
"861",2022-03-12 00:05:00,1,338,200,48.9913967674997,5.08407095144325
"862",2022-03-12 00:05:05,1,338,200,48.3522629081677,5.450070529325
"863",2022-03-12 00:05:10,1,338,200,47.7518057179265,5.28480656276675
"864",2022-03-12 00:05:15,1,338,200,47.9109215976288,5.23477554040979
"865",2022-03-12 00:05:20,1,338,200,48.6335907432706,5.18299832650345
"866",2022-03-12 00:05:25,1,338,200,48.0664575923436,5.6376967719499
"867",2022-03-12 00:05:30,1,338,200,48.1733257476495,5.50302221843738
"868",2022-03-12 00:05:35,1,338,200,47.8394142350603,5.45613004103859
"869",2022-03-12 00:05:40,1,338,200,48.0487184056342,5.52503490129396
"870",2022-03-12 00:05:45,1,338,200,47.9826372277406,4.96266712456776
"871",2022-03-12 00:05:50,1,338,200,47.75242156085,5.33132162518573
"872",2022-03-12 00:05:55,1,338,200,48.0868174231914,5.68016900838629
"873",2022-03-12 00:06:00,1,338,200,48.7165967868612,5.49332310816188
"874",2022-03-12 00:06:05,1,338,200,49.5695289791891,5.35242694179433
"875",2022-03-12 00:06:10,1,338,200,47.5154867446332,5.58759511549639
"876",2022-03-12 00:06:15,1,338,200,46.3705783723182,5.67628192999783
"877",2022-03-12 00:06:20,1,338,200,47.2639350922716,5.51509443237386
"878",2022-03-12 00:06:25,1,338,200,48.1122838387677,5.11454095159469
"879",2022-03-12 00:06:30,1,338,200,48.5745648274749,5.71221378713295
"880",2022-03-12 00:06:35,1,338,200,48.5413300724195,5.56377975796554
"881",2022-03-12 00:06:40,1,338,200,50.1259891153744,5.47219041187616
"882",2022-03-12 00:06:45,1,338,200,47.467247950874,5.52336760009498
"883",2022-03-12 00:06:50,1,338,200,49.0085733490048,5.5331174842762
"884",2022-03-12 00:06:55,1,338,200,47.8127747500608,5.6859540835026
"885",2022-03-12 00:07:00,1,338,200,48.1194788914185,5.47905986503548
"886",2022-03-12 00:07:05,1,338,200,47.7175678490422,5.67605221420673
"887",2022-03-12 00:07:10,1,338,200,48.8954549788937,5.26707763994118
"888",2022-03-12 00:07:15,1,338,200,48.7730110093869,5.29158870726564
"889",2022-03-12 00:07:20,1,338,200,47.2322334215305,5.03655335696927
"890",2022-03-12 00:07:25,1,338,200,46.9250192664456,5.83138633303192
"891",2022-03-12 00:07:30,1,338,200,49.4877815081856,5.57853056861745
"892",2022-03-12 00:07:35,1,338,200,48.085058137442,5.25077140182148
"893",2022-03-12 00:07:40,1,338,200,48.1313309349624,5.56501085990557
"894",2022-03-12 00:07:45,1,338,200,50.0294775153199,5.34602475197829
"895",2022-03-12 00:07:50,1,338,200,48.1724212952791,5.71708485485496
"896",2022-03-12 00:07:55,1,338,200,47.4626669389289,5.76013689200642
"897",2022-03-12 00:08:00,1,338,200,48.0798437932186,4.87513717931674
"898",2022-03-12 00:08:05,1,338,200,47.9959431639883,5.2947042177825
"899",2022-03-12 00:08:10,1,338,200,49.5228374231993,5.54745000667488
"900",2022-03-12 00:08:15,1,338,200,46.7704448220181,5.80268368408386
"901",2022-03-12 00:08:20,1,338,200,48.0912540009103,5.72376074948932
"902",2022-03-12 00:08:25,1,338,200,48.9476618573774,5.29391089576547
"903",2022-03-12 00:08:30,1,338,200,48.2096691443491,5.22994869326853
"904",2022-03-12 00:08:35,1,338,200,46.9685953405809,5.76117874437775
"905",2022-03-12 00:08:40,1,338,200,47.1952264492554,5.16722007776805
"906",2022-03-12 00:08:45,1,338,200,48.6339436418395,5.25762587567455
"907",2022-03-12 00:08:50,1,338,200,48.4289049448331,5.57001766208569
"908",2022-03-12 00:08:55,1,338,200,47.4347863630325,5.45647835306159
"909",2022-03-12 00:09:00,1,338,200,47.6650189053788,5.48039761453343
"910",2022-03-12 00:09:05,1,338,200,47.2312583506695,5.9049150936036
"911",2022-03-12 00:09:10,1,338,200,48.0976882177141,5.55961981224847
"912",2022-03-12 00:09:15,1,338,200,48.4852705629999,5.46680953956946
"913",2022-03-12 00:09:20,1,338,200,47.7463658520718,5.58198951674733
"914",2022-03-12 00:09:25,1,338,200,48.7503424189581,5.25054019071344
"915",2022-03-12 00:09:30,1,338,200,47.7004462403825,5.67950854383246
"916",2022-03-12 00:09:35,1,338,200,48.979852846867,5.47596699504928
"917",2022-03-12 00:09:40,1,338,200,47.7223777862592,5.27570155589101
"918",2022-03-12 00:09:45,1,338,200,48.021095422518,5.49408168474163
"919",2022-03-12 00:09:50,1,338,200,48.0500664986154,5.77764483009514
"920",2022-03-12 00:09:55,1,338,200,48.5149704902583,4.97408649569457
"921",2022-03-12 00:10:00,1,338,200,48.9443019169718,5.13470629488303
"922",2022-03-12 00:10:05,1,338,200,47.6199483861086,5.66480946470876
"923",2022-03-12 00:10:10,1,338,200,47.3909621698751,5.66148596276608
"924",2022-03-12 00:10:15,1,338,200,48.2182449434295,5.48069551682811
"925",2022-03-12 00:10:20,1,338,200,47.8891445721361,4.97192946860167
"926",2022-03-12 00:10:25,1,338,200,47.4298087177955,5.33317875275145
"927",2022-03-12 00:10:30,1,338,200,48.2037533237615,5.67321876114109
"928",2022-03-12 00:10:35,1,338,200,48.8290910250699,5.41202588830928
"929",2022-03-12 00:10:40,1,338,200,48.9006234389454,4.91512244473248
"930",2022-03-12 00:10:45,1,338,200,47.5845023351596,5.44535201194264
"931",2022-03-12 00:10:50,1,338,200,47.5796730319748,5.40050012456301
"932",2022-03-12 00:10:55,1,338,200,47.3763562967004,5.70297243523916
"933",2022-03-12 00:11:00,1,338,200,47.8673097217491,4.98837271359802
"934",2022-03-12 00:11:05,1,338,200,48.8191010806754,5.47559360803185
"935",2022-03-12 00:11:10,1,338,200,47.9654968796776,5.25805132280665
"936",2022-03-12 00:11:15,1,338,200,47.3187454979854,5.30446400401165
"937",2022-03-12 00:11:20,1,338,200,48.0360574376868,5.50212416674962
"938",2022-03-12 00:11:25,1,338,200,47.3952760313211,5.16158185366168
"939",2022-03-12 00:11:30,1,338,200,48.1302231517412,5.83113264092579
"940",2022-03-12 00:11:35,1,338,200,48.2429263805074,5.37977222707598
"941",2022-03-12 00:11:40,1,338,200,47.5051518951867,5.42729509664725
"942",2022-03-12 00:11:45,1,338,200,48.1692976648911,5.26809375131718
"943",2022-03-12 00:11:50,1,338,200,47.1981972172379,5.58439089310071
"944",2022-03-12 00:11:55,1,338,200,47.273413961181,5.67888498168862
"945",2022-03-12 00:12:00,1,338,200,48.6857814745223,5.6304722816783
"946",2022-03-12 00:12:05,1,338,200,48.0879610170188,5.80615861725398
"947",2022-03-12 00:12:10,1,338,200,47.2951110211506,5.74545734403745
"948",2022-03-12 00:12:15,1,338,200,48.0537775726343,5.44340879209475
"949",2022-03-12 00:12:20,1,338,200,47.4592496855361,5.27791373950741
"950",2022-03-12 00:12:25,1,338,200,48.3488146275623,5.3881358037277
"951",2022-03-12 00:12:30,1,338,200,48.9581411035246,5.3484749610777
"952",2022-03-12 00:12:35,1,338,200,46.7704871624332,5.49647386817361
"953",2022-03-12 00:12:40,1,338,200,47.6491246491215,5.27913785361427
"954",2022-03-12 00:12:45,1,338,200,49.0347421317121,5.24717265977077
"955",2022-03-12 00:12:50,1,338,200,48.7710369778739,5.36051363831806
"956",2022-03-12 00:12:55,1,338,200,49.0956854427087,5.64081599337272
"957",2022-03-12 00:13:00,1,338,200,48.6796175918024,5.40940192127385
"958",2022-03-12 00:13:05,1,338,200,47.295025669231,5.33764387800668
"959",2022-03-12 00:13:10,1,338,200,48.3140154039555,5.1922410773126
"960",2022-03-12 00:13:15,1,338,200,48.4753209202517,5.73835395847775
"961",2022-03-12 00:13:20,1,338,200,47.9451665843921,5.68918302652349
"962",2022-03-12 00:13:25,1,338,200,48.286127671231,5.47621988695168
"963",2022-03-12 00:13:30,1,338,200,49.2148816634181,5.81450768605622
"964",2022-03-12 00:13:35,1,338,200,47.0177483984458,5.35620707558029
"965",2022-03-12 00:13:40,1,338,200,48.7925722922289,5.96424438277341
"966",2022-03-12 00:13:45,1,338,200,47.1287035133685,5.42033127186217
"967",2022-03-12 00:13:50,1,338,200,47.7129479778548,5.57569483651157
"968",2022-03-12 00:13:55,1,338,200,47.8953447053025,5.05458809777541
"969",2022-03-12 00:14:00,1,338,200,47.8729638931543,5.06814813920803
"970",2022-03-12 00:14:05,1,338,200,48.3127678697982,5.41107016792283
"971",2022-03-12 00:14:10,1,338,200,48.0051804876707,5.62592733720219
"972",2022-03-12 00:14:15,1,338,200,47.8679045942681,5.56404271970525
"973",2022-03-12 00:14:20,1,338,200,49.2491714267373,5.77276370450394
"974",2022-03-12 00:14:25,1,338,200,47.9415835192514,5.2058867603108
"975",2022-03-12 00:14:30,1,338,200,49.1008126444426,5.87451606940851
"976",2022-03-12 00:14:35,1,338,200,46.8843888672097,5.46662087796201
"977",2022-03-12 00:14:40,1,338,200,47.9777589785826,5.3287707225295
"978",2022-03-12 00:14:45,1,338,200,47.8552091989152,4.83015533051013
"979",2022-03-12 00:14:50,1,338,200,47.06823852837,5.5528791776082
"980",2022-03-12 00:14:55,1,338,200,48.0788688462483,5.24729048376618
"981",2022-03-12 00:15:00,1,338,200,47.4038102327439,5.20306436168524
"982",2022-03-12 00:15:05,1,338,200,47.4646183115663,5.41803324086874
"983",2022-03-12 00:15:10,1,338,200,48.5450299825224,5.6751741829619
"984",2022-03-12 00:15:15,1,338,200,47.284824092969,5.57213228466092
"985",2022-03-12 00:15:20,1,338,200,48.956915469172,5.62549899968567
"986",2022-03-12 00:15:25,1,338,200,48.0714821064461,5.14497957102555
"987",2022-03-12 00:15:30,1,338,200,47.7736532132357,5.26897119248633
"988",2022-03-12 00:15:35,1,338,200,48.2546261747057,5.33531667164714
"989",2022-03-12 00:15:40,1,338,200,47.6201778269007,5.82849257259872
"990",2022-03-12 00:15:45,1,338,200,48.8392602134577,5.40923596358105
"991",2022-03-12 00:15:50,1,338,200,49.4328336116028,5.04272515292808
"992",2022-03-12 00:15:55,1,338,200,48.6183724609618,5.66114363040655
"993",2022-03-12 00:16:00,1,338,200,49.2239063972824,5.89956978339033
"994",2022-03-12 00:16:05,1,338,200,47.460636121952,5.10364185403435
"995",2022-03-12 00:16:10,1,338,200,49.0924056957246,5.88394741551083
"996",2022-03-12 00:16:15,1,338,200,48.013282703582,5.55555137744056
"997",2022-03-12 00:16:20,1,338,200,47.8610490969027,5.41644707051988
"998",2022-03-12 00:16:25,1,338,200,48.6754186680681,5.6889373750557
"999",2022-03-12 00:16:30,1,338,200,48.5980651577982,5.36041275736943
"1000",2022-03-12 00:16:35,1,338,200,46.6711991970979,5.27492754686105
"1001",2022-03-13 00:00:00,1,338,300,48.8310749112904,5.37474828620191
"1002",2022-03-13 00:00:05,1,338,300,48.2523019185922,5.23040506327475
"1003",2022-03-13 00:00:10,1,338,300,47.6817503024299,5.65574098460594
"1004",2022-03-13 00:00:15,1,338,300,47.5183360551273,5.53559364604253
"1005",2022-03-13 00:00:20,1,338,300,47.8943575879493,5.53235391203781
"1006",2022-03-13 00:00:25,1,338,300,48.3136999704114,5.4872355973626
"1007",2022-03-13 00:00:30,1,338,300,46.0886850111032,5.62184797027603
"1008",2022-03-13 00:00:35,1,338,300,47.5897796455635,5.32076961925639
"1009",2022-03-13 00:00:40,1,338,300,47.7977064123943,5.56762999472208
"1010",2022-03-13 00:00:45,1,338,300,47.5517228147482,4.86663353502671
"1011",2022-03-13 00:00:50,1,338,300,48.9125069812147,5.09203865346563
"1012",2022-03-13 00:00:55,1,338,300,48.1832780071167,5.00426022798235
"1013",2022-03-13 00:01:00,1,338,300,47.6674525482747,5.22390746126684
"1014",2022-03-13 00:01:05,1,338,300,47.6624363933155,5.64117680771859
"1015",2022-03-13 00:01:10,1,338,300,47.4874924647444,5.41615429585941
"1016",2022-03-13 00:01:15,1,338,300,48.213284874317,5.78535227754267
"1017",2022-03-13 00:01:20,1,338,300,48.1644022226407,5.2102203486571
"1018",2022-03-13 00:01:25,1,338,300,47.1308139789216,5.99559273377339
"1019",2022-03-13 00:01:30,1,338,300,47.5068683303384,5.36523805657532
"1020",2022-03-13 00:01:35,1,338,300,48.4518777481879,5.65532112760093
"1021",2022-03-13 00:01:40,1,338,300,47.9030476719495,5.41220324242504
"1022",2022-03-13 00:01:45,1,338,300,47.1747487735102,5.62824745637093
"1023",2022-03-13 00:01:50,1,338,300,47.5905308956646,5.42419271192236
"1024",2022-03-13 00:01:55,1,338,300,48.3580169599264,5.90102073918809
"1025",2022-03-13 00:02:00,1,338,300,48.3769341133856,5.26561734255589
"1026",2022-03-13 00:02:05,1,338,300,48.2334241914413,4.99762679892537
"1027",2022-03-13 00:02:10,1,338,300,47.9468205416061,5.28722908057265
"1028",2022-03-13 00:02:15,1,338,300,48.8940251686254,5.15340103358298
"1029",2022-03-13 00:02:20,1,338,300,48.3625117528851,5.70404406757298
"1030",2022-03-13 00:02:25,1,338,300,47.7641828252842,5.26538408884352
"1031",2022-03-13 00:02:30,1,338,300,48.9346129336303,5.26117375081662
"1032",2022-03-13 00:02:35,1,338,300,48.5834282406094,5.59188041073446
"1033",2022-03-13 00:02:40,1,338,300,47.3105775741955,5.17133006467975
"1034",2022-03-13 00:02:45,1,338,300,48.9229618572098,5.30547640766498
"1035",2022-03-13 00:02:50,1,338,300,47.6586630826853,5.50695420780996
"1036",2022-03-13 00:02:55,1,338,300,47.6135844685228,5.4432456641757
"1037",2022-03-13 00:03:00,1,338,300,48.5729907016209,5.57818351186626
"1038",2022-03-13 00:03:05,1,338,300,48.0792552338405,5.21382782119607
"1039",2022-03-13 00:03:10,1,338,300,48.044224939172,5.23080541889863
"1040",2022-03-13 00:03:15,1,338,300,48.2283898465799,5.53082508179627
"1041",2022-03-13 00:03:20,1,338,300,47.3844533776105,5.28413815258701
"1042",2022-03-13 00:03:25,1,338,300,47.9193622850841,4.7072899682275
"1043",2022-03-13 00:03:30,1,338,300,49.6194336233787,5.0465980888122
"1044",2022-03-13 00:03:35,1,338,300,47.5294073421463,5.17097020066691
"1045",2022-03-13 00:03:40,1,338,300,47.0024483631993,5.67345278267314
"1046",2022-03-13 00:03:45,1,338,300,47.81657472577,5.5672469984456
"1047",2022-03-13 00:03:50,1,338,300,46.5209530925992,5.33619998609664
"1048",2022-03-13 00:03:55,1,338,300,48.0260081859216,5.11809740202944
"1049",2022-03-13 00:04:00,1,338,300,47.340266431205,5.25428986592666
"1050",2022-03-13 00:04:05,1,338,300,47.4043157598285,5.62117139044255
"1051",2022-03-13 00:04:10,1,338,300,48.4799511308693,5.32393256603035
"1052",2022-03-13 00:04:15,1,338,300,48.5077903467758,5.12527986837011
"1053",2022-03-13 00:04:20,1,338,300,47.4601510321856,5.91578879339685
"1054",2022-03-13 00:04:25,1,338,300,47.7854032663186,5.47237401477993
"1055",2022-03-13 00:04:30,1,338,300,46.8056282932405,5.95357558361575
"1056",2022-03-13 00:04:35,1,338,300,46.8272200102033,5.5089730697816
"1057",2022-03-13 00:04:40,1,338,300,47.0472781422844,5.11744990780789
"1058",2022-03-13 00:04:45,1,338,300,48.494986045217,5.61943473834269
"1059",2022-03-13 00:04:50,1,338,300,48.4728191473673,5.19751920043451
"1060",2022-03-13 00:04:55,1,338,300,48.3352054770565,4.97649210774171
"1061",2022-03-13 00:05:00,1,338,300,48.6027620172542,6.01323765102231
"1062",2022-03-13 00:05:05,1,338,300,49.1056057056083,6.04894025620058
"1063",2022-03-13 00:05:10,1,338,300,48.7370105654527,5.35312335267351
"1064",2022-03-13 00:05:15,1,338,300,49.077881320672,5.43790316292557
"1065",2022-03-13 00:05:20,1,338,300,49.3366333344841,5.43783041679051
"1066",2022-03-13 00:05:25,1,338,300,47.5114903861976,5.37184384225173
"1067",2022-03-13 00:05:30,1,338,300,49.5348722353755,4.92718452707835
"1068",2022-03-13 00:05:35,1,338,300,49.0353844603992,5.44275380511062
"1069",2022-03-13 00:05:40,1,338,300,48.996004230883,5.19474127143633
"1070",2022-03-13 00:05:45,1,338,300,47.2782152750999,5.04943453344089
"1071",2022-03-13 00:05:50,1,338,300,47.860034198442,5.50227404804533
"1072",2022-03-13 00:05:55,1,338,300,48.1204835443577,5.4776385050378
"1073",2022-03-13 00:06:00,1,338,300,47.9076693570924,5.5613806788385
"1074",2022-03-13 00:06:05,1,338,300,49.6081546253288,5.54395627323458
"1075",2022-03-13 00:06:10,1,338,300,48.5927329041578,5.39368659478584
"1076",2022-03-13 00:06:15,1,338,300,48.0528018626385,5.56795573787734
"1077",2022-03-13 00:06:20,1,338,300,48.1013327298806,5.35674264097351
"1078",2022-03-13 00:06:25,1,338,300,47.3896582490859,5.27789268557492
"1079",2022-03-13 00:06:30,1,338,300,48.1871761975334,5.24606113975378
"1080",2022-03-13 00:06:35,1,338,300,48.3891177638439,5.28755404782601
"1081",2022-03-13 00:06:40,1,338,300,47.6754605028761,5.75477213682087
"1082",2022-03-13 00:06:45,1,338,300,48.6075396024246,5.25890109680322
"1083",2022-03-13 00:06:50,1,338,300,47.8284276432158,5.50926124221349
"1084",2022-03-13 00:06:55,1,338,300,47.5507804146668,5.20765166007861
"1085",2022-03-13 00:07:00,1,338,300,49.0730134698382,5.5198030740483
"1086",2022-03-13 00:07:05,1,338,300,47.1326718158583,5.64416054438525
"1087",2022-03-13 00:07:10,1,338,300,47.5078689869411,5.02563162021522
"1088",2022-03-13 00:07:15,1,338,300,48.062400467183,5.45845899075064
"1089",2022-03-13 00:07:20,1,338,300,48.0269620203851,5.43776453348335
"1090",2022-03-13 00:07:25,1,338,300,49.4865072807272,5.05540900903921
"1091",2022-03-13 00:07:30,1,338,300,48.4757115154402,5.66085162546656
"1092",2022-03-13 00:07:35,1,338,300,49.7382037584431,5.47655867715737
"1093",2022-03-13 00:07:40,1,338,300,48.8782863397382,5.35551173658805
"1094",2022-03-13 00:07:45,1,338,300,49.5145997180069,5.74686957243591
"1095",2022-03-13 00:07:50,1,338,300,48.2083533457829,5.75562955184369
"1096",2022-03-13 00:07:55,1,338,300,49.1998018040409,5.56067654986359
"1097",2022-03-13 00:08:00,1,338,300,48.6763200959531,5.56143821472974
"1098",2022-03-13 00:08:05,1,338,300,48.2062405735832,4.88698613048869
"1099",2022-03-13 00:08:10,1,338,300,47.7500917101353,5.04210691185446
"1100",2022-03-13 00:08:15,1,338,300,48.1443676840832,4.91589112512962
"1101",2022-03-13 00:08:20,1,338,300,48.6527588894649,5.47490556478691
"1102",2022-03-13 00:08:25,1,338,300,46.0169228474022,5.68186297508363
"1103",2022-03-13 00:08:30,1,338,300,47.8005637124037,5.4399595376999
"1104",2022-03-13 00:08:35,1,338,300,47.2572343485292,5.20489853657492
"1105",2022-03-13 00:08:40,1,338,300,48.9318427550365,5.13558129179912
"1106",2022-03-13 00:08:45,1,338,300,47.7857398276034,5.08607526084882
"1107",2022-03-13 00:08:50,1,338,300,47.8859107693548,5.64290783975293
"1108",2022-03-13 00:08:55,1,338,300,47.3392722679781,5.17299985515787
"1109",2022-03-13 00:09:00,1,338,300,47.4978846848329,5.36986564679988
"1110",2022-03-13 00:09:05,1,338,300,48.2288349618947,5.32244990230268
"1111",2022-03-13 00:09:10,1,338,300,48.9396783340352,5.28524626737693
"1112",2022-03-13 00:09:15,1,338,300,48.8708962709511,5.25261512232229
"1113",2022-03-13 00:09:20,1,338,300,47.0550562796252,5.67548642079843
"1114",2022-03-13 00:09:25,1,338,300,48.7707608227884,5.18406744375468
"1115",2022-03-13 00:09:30,1,338,300,48.1545204600844,5.3244048710391
"1116",2022-03-13 00:09:35,1,338,300,47.0258928435221,5.46415367968934
"1117",2022-03-13 00:09:40,1,338,300,48.9929100221082,5.30294329294891
"1118",2022-03-13 00:09:45,1,338,300,47.9252603144877,5.5894377239726
"1119",2022-03-13 00:09:50,1,338,300,48.9245029597338,5.37819821335656
"1120",2022-03-13 00:09:55,1,338,300,47.6801351007125,5.17049969923877
"1121",2022-03-13 00:10:00,1,338,300,47.7295358178595,5.83817865452617
"1122",2022-03-13 00:10:05,1,338,300,48.9443619988873,5.29385467526498
"1123",2022-03-13 00:10:10,1,338,300,47.6870508527016,5.91795403573148
"1124",2022-03-13 00:10:15,1,338,300,48.2364880308222,5.17961224870793
"1125",2022-03-13 00:10:20,1,338,300,48.3448805880494,5.48827877503295
"1126",2022-03-13 00:10:25,1,338,300,49.0474635767963,5.29464934386683
"1127",2022-03-13 00:10:30,1,338,300,49.3381996286022,5.65178639226643
"1128",2022-03-13 00:10:35,1,338,300,48.5573960325529,5.2173383501269
"1129",2022-03-13 00:10:40,1,338,300,48.5587037163927,5.535915830306
"1130",2022-03-13 00:10:45,1,338,300,49.2814562414355,5.08123624794747
"1131",2022-03-13 00:10:50,1,338,300,47.303450840453,5.5966167231772
"1132",2022-03-13 00:10:55,1,338,300,47.4434562899607,5.3677691170445
"1133",2022-03-13 00:11:00,1,338,300,48.8860963646893,5.35321213732224
"1134",2022-03-13 00:11:05,1,338,300,48.1787056858194,5.60732115794284
"1135",2022-03-13 00:11:10,1,338,300,47.8606134092552,5.93358843576743
"1136",2022-03-13 00:11:15,1,338,300,48.3046732718663,4.95816782647861
"1137",2022-03-13 00:11:20,1,338,300,48.6970864391641,5.5516613114539
"1138",2022-03-13 00:11:25,1,338,300,48.6111755557603,5.59070160041618
"1139",2022-03-13 00:11:30,1,338,300,49.1036751045867,5.29813255072097
"1140",2022-03-13 00:11:35,1,338,300,47.9130011403375,5.08358000826058
"1141",2022-03-13 00:11:40,1,338,300,48.4794956545433,5.38355812571894
"1142",2022-03-13 00:11:45,1,338,300,48.1096297837,5.6213928020147
"1143",2022-03-13 00:11:50,1,338,300,48.8500371314789,5.24393197403375
"1144",2022-03-13 00:11:55,1,338,300,47.9846693829108,5.08691294799571
"1145",2022-03-13 00:12:00,1,338,300,47.1997650220298,5.69186388411057
"1146",2022-03-13 00:12:05,1,338,300,48.7936050908088,5.35733874419711
"1147",2022-03-13 00:12:10,1,338,300,48.3483770011597,5.31394519477402
"1148",2022-03-13 00:12:15,1,338,300,49.0315989265212,5.55816731599905
"1149",2022-03-13 00:12:20,1,338,300,47.9876047567317,5.29779991876926
"1150",2022-03-13 00:12:25,1,338,300,48.2986218932922,5.1679413279754
"1151",2022-03-13 00:12:30,1,338,300,47.4322397986174,5.56558490360064
"1152",2022-03-13 00:12:35,1,338,300,47.7753623235745,5.38535968667413
"1153",2022-03-13 00:12:40,1,338,300,48.8329467919806,5.22720957396893
"1154",2022-03-13 00:12:45,1,338,300,49.343977228536,5.2664898171458
"1155",2022-03-13 00:12:50,1,338,300,48.4288154646731,5.36335261064076
"1156",2022-03-13 00:12:55,1,338,300,48.4212889600581,5.79335387236326
"1157",2022-03-13 00:13:00,1,338,300,46.9104194953152,5.45082384407462
"1158",2022-03-13 00:13:05,1,338,300,46.8899038830466,4.98718655740754
"1159",2022-03-13 00:13:10,1,338,300,47.1516608539559,5.38885000695966
"1160",2022-03-13 00:13:15,1,338,300,47.9869636951521,5.42818790712306
"1161",2022-03-13 00:13:20,1,338,300,47.1172270036069,5.37124527996825
"1162",2022-03-13 00:13:25,1,338,300,47.10960241075,5.57416177798574
"1163",2022-03-13 00:13:30,1,338,300,48.070194155781,5.61165644572173
"1164",2022-03-13 00:13:35,1,338,300,48.6548217980049,5.28473695020231
"1165",2022-03-13 00:13:40,1,338,300,48.7322221997508,5.37024670335909
"1166",2022-03-13 00:13:45,1,338,300,47.3361324182394,5.60113910446459
"1167",2022-03-13 00:13:50,1,338,300,50.4474499840813,5.29361759073217
"1168",2022-03-13 00:13:55,1,338,300,48.3566459785531,5.23237051265059
"1169",2022-03-13 00:14:00,1,338,300,48.6672224249151,5.91385492389649
"1170",2022-03-13 00:14:05,1,338,300,48.2085981705939,5.38315760233478
"1171",2022-03-13 00:14:10,1,338,300,48.10170939079,6.16250471165622
"1172",2022-03-13 00:14:15,1,338,300,49.1240299934842,5.57311114993074
"1173",2022-03-13 00:14:20,1,338,300,47.7956458228892,5.71567218989434
"1174",2022-03-13 00:14:25,1,338,300,46.266911142858,5.28004581173478
"1175",2022-03-13 00:14:30,1,338,300,47.5330897943325,5.53527849188568
"1176",2022-03-13 00:14:35,1,338,300,46.7331366937877,5.31260349127951
"1177",2022-03-13 00:14:40,1,338,300,48.5799819841687,5.42683415719651
"1178",2022-03-13 00:14:45,1,338,300,47.7796528481146,5.3259488367754
"1179",2022-03-13 00:14:50,1,338,300,49.1286477929981,5.69089640824733
"1180",2022-03-13 00:14:55,1,338,300,47.559110392345,5.35068283941542
"1181",2022-03-13 00:15:00,1,338,300,48.2363879046282,5.4960691915369
"1182",2022-03-13 00:15:05,1,338,300,48.5385698914597,5.79455334569801
"1183",2022-03-13 00:15:10,1,338,300,47.5480849872902,5.08329628597853
"1184",2022-03-13 00:15:15,1,338,300,47.4928424739722,5.20455783643362
"1185",2022-03-13 00:15:20,1,338,300,47.2198416620678,5.24301462613929
"1186",2022-03-13 00:15:25,1,338,300,49.1120556307536,5.28247673426828
"1187",2022-03-13 00:15:30,1,338,300,49.0098512645439,5.62761966627986
"1188",2022-03-13 00:15:35,1,338,300,48.7758164646256,5.40833889124644
"1189",2022-03-13 00:15:40,1,338,300,47.4379260917548,5.29531627888342
"1190",2022-03-13 00:15:45,1,338,300,49.0896272498954,5.5423257902658
"1191",2022-03-13 00:15:50,1,338,300,47.945871059625,5.28208936293169
"1192",2022-03-13 00:15:55,1,338,300,47.6497371427354,5.57479133326504
"1193",2022-03-13 00:16:00,1,338,300,46.7744707848759,5.02062542510336
"1194",2022-03-13 00:16:05,1,338,300,50.1392526203645,5.31914566593384
"1195",2022-03-13 00:16:10,1,338,300,48.3677405683207,5.71946224786482
"1196",2022-03-13 00:16:15,1,338,300,48.3399472487265,5.5799964205328
"1197",2022-03-13 00:16:20,1,338,300,47.6036972489004,5.37672614139861
"1198",2022-03-13 00:16:25,1,338,300,47.8914544597265,5.49927955762451
"1199",2022-03-13 00:16:30,1,338,300,48.8837119280561,5.29786771810499
"1200",2022-03-13 00:16:35,1,338,300,48.0203433552911,5.7160144366047
"1201",2022-03-14 00:00:00,1,373,100,48.6428780367591,5.52306544471251
"1202",2022-03-14 00:00:05,1,373,100,47.6158941347263,5.49282331825793
"1203",2022-03-14 00:00:10,1,373,100,48.4228847765543,5.69276238464917
"1204",2022-03-14 00:00:15,1,373,100,47.2333552723557,4.78338192170624
"1205",2022-03-14 00:00:20,1,373,100,47.0382203236426,5.18267547611658
"1206",2022-03-14 00:00:25,1,373,100,48.3934653057817,5.47722863929846
"1207",2022-03-14 00:00:30,1,373,100,47.4525743609236,5.27597615698749
"1208",2022-03-14 00:00:35,1,373,100,47.8129426202113,5.17466647502154
"1209",2022-03-14 00:00:40,1,373,100,47.8946822093185,5.69024926677965
"1210",2022-03-14 00:00:45,1,373,100,48.2894379190613,5.59437364399445
"1211",2022-03-14 00:00:50,1,373,100,47.3492163301888,5.59852002727417
"1212",2022-03-14 00:00:55,1,373,100,47.88759811461,5.26442745758874
"1213",2022-03-14 00:01:00,1,373,100,48.9522745842951,5.80673566950166
"1214",2022-03-14 00:01:05,1,373,100,46.4517691802471,5.45735808148907
"1215",2022-03-14 00:01:10,1,373,100,48.2992170579639,5.32338529637459
"1216",2022-03-14 00:01:15,1,373,100,48.1626261568211,5.84446295211212
"1217",2022-03-14 00:01:20,1,373,100,50.3027638120104,5.32552880102553
"1218",2022-03-14 00:01:25,1,373,100,48.4416126490266,6.09699511278845
"1219",2022-03-14 00:01:30,1,373,100,46.7611085729949,5.46349493725287
"1220",2022-03-14 00:01:35,1,373,100,47.0854756283439,5.28861372759274
"1221",2022-03-14 00:01:40,1,373,100,50.1692065467546,5.33835623796937
"1222",2022-03-14 00:01:45,1,373,100,47.5022090496374,5.46138231391763
"1223",2022-03-14 00:01:50,1,373,100,48.2750402652941,5.24524434164504
"1224",2022-03-14 00:01:55,1,373,100,47.7225314519871,4.97271256069362
"1225",2022-03-14 00:02:00,1,373,100,47.8432321438504,5.51033282663481
"1226",2022-03-14 00:02:05,1,373,100,47.6559036806529,5.26203958845893
"1227",2022-03-14 00:02:10,1,373,100,48.0191905166962,5.78041259905812
"1228",2022-03-14 00:02:15,1,373,100,48.588517213156,6.14856773085956
"1229",2022-03-14 00:02:20,1,373,100,48.3346404947953,5.83047416354519
"1230",2022-03-14 00:02:25,1,373,100,48.7469737104572,5.126370957289
"1231",2022-03-14 00:02:30,1,373,100,49.1669074946335,5.22665764202905
"1232",2022-03-14 00:02:35,1,373,100,48.2174475122985,5.70719035252153
"1233",2022-03-14 00:02:40,1,373,100,47.8080705647609,5.93325157768892
"1234",2022-03-14 00:02:45,1,373,100,48.5499801063154,5.68973859830508
"1235",2022-03-14 00:02:50,1,373,100,47.8758673015248,5.57203797804737
"1236",2022-03-14 00:02:55,1,373,100,48.3567930345218,5.32000221943413
"1237",2022-03-14 00:03:00,1,373,100,47.5901620674032,5.25413563033042
"1238",2022-03-14 00:03:05,1,373,100,48.1411209300562,5.1743719481504
"1239",2022-03-14 00:03:10,1,373,100,48.6940238144282,5.31658399332048
"1240",2022-03-14 00:03:15,1,373,100,48.6175652731956,5.53541910331358
"1241",2022-03-14 00:03:20,1,373,100,47.0059636884242,5.79152343823146
"1242",2022-03-14 00:03:25,1,373,100,49.3729929048778,5.40272191515679
"1243",2022-03-14 00:03:30,1,373,100,48.3604030553946,5.21228077716006
"1244",2022-03-14 00:03:35,1,373,100,48.1934823292925,5.4338528747086
"1245",2022-03-14 00:03:40,1,373,100,48.2639714320005,4.86835419126927
"1246",2022-03-14 00:03:45,1,373,100,47.9984422616257,5.41937740498612
"1247",2022-03-14 00:03:50,1,373,100,47.8791808288299,5.86899948223196
"1248",2022-03-14 00:03:55,1,373,100,47.7785546209908,5.28553656647687
"1249",2022-03-14 00:04:00,1,373,100,49.0320398983267,5.30211821266
"1250",2022-03-14 00:04:05,1,373,100,47.9256031822786,5.15665280509507
"1251",2022-03-14 00:04:10,1,373,100,47.8961487195404,5.41602783929542
"1252",2022-03-14 00:04:15,1,373,100,47.8090483191011,5.17601656153896
"1253",2022-03-14 00:04:20,1,373,100,48.4943337522449,5.47211747466054
"1254",2022-03-14 00:04:25,1,373,100,47.195386109396,5.51104848045218
"1255",2022-03-14 00:04:30,1,373,100,47.6297257356635,5.45260799803706
"1256",2022-03-14 00:04:35,1,373,100,47.2304685366516,5.35153592702091
"1257",2022-03-14 00:04:40,1,373,100,48.4272333675295,5.49638842584918
"1258",2022-03-14 00:04:45,1,373,100,48.2842710233935,5.52903648083752
"1259",2022-03-14 00:04:50,1,373,100,47.9304073590296,5.56128887069019
"1260",2022-03-14 00:04:55,1,373,100,47.8137024617597,5.74079180905007
"1261",2022-03-14 00:05:00,1,373,100,48.0535981858089,5.40551806285978
"1262",2022-03-14 00:05:05,1,373,100,48.1275343077562,5.01947367804018
"1263",2022-03-14 00:05:10,1,373,100,48.1043699800782,5.35898044816275
"1264",2022-03-14 00:05:15,1,373,100,48.3759291841619,5.54870930088754
"1265",2022-03-14 00:05:20,1,373,100,47.5835008899734,5.48228612368008
"1266",2022-03-14 00:05:25,1,373,100,48.9905147707094,5.17566338449443
"1267",2022-03-14 00:05:30,1,373,100,48.1161560664067,5.47270073615113
"1268",2022-03-14 00:05:35,1,373,100,48.6084639205295,5.31980789040877
"1269",2022-03-14 00:05:40,1,373,100,48.7437423689746,5.24825525979827
"1270",2022-03-14 00:05:45,1,373,100,47.6613837651993,5.12941836318899
"1271",2022-03-14 00:05:50,1,373,100,48.4228970728649,5.99004661489553
"1272",2022-03-14 00:05:55,1,373,100,47.8931901513377,5.57663440257177
"1273",2022-03-14 00:06:00,1,373,100,47.3892264358654,5.2478313624604
"1274",2022-03-14 00:06:05,1,373,100,47.388776989071,5.12276618216305
"1275",2022-03-14 00:06:10,1,373,100,46.9232880563484,5.85297734324033
"1276",2022-03-14 00:06:15,1,373,100,47.6384896987895,5.37460153970848
"1277",2022-03-14 00:06:20,1,373,100,47.8888231153545,5.48261029640276
"1278",2022-03-14 00:06:25,1,373,100,48.9644253953064,5.48426772469106
"1279",2022-03-14 00:06:30,1,373,100,48.1066882064046,5.5324844848834
"1280",2022-03-14 00:06:35,1,373,100,49.2103454678455,5.49741322082748
"1281",2022-03-14 00:06:40,1,373,100,48.2796875030597,5.24604429789921
"1282",2022-03-14 00:06:45,1,373,100,49.8810649495252,5.65568997262325
"1283",2022-03-14 00:06:50,1,373,100,49.7192449194974,5.08408193342548
"1284",2022-03-14 00:06:55,1,373,100,50.0718952042426,5.31687196697918
"1285",2022-03-14 00:07:00,1,373,100,49.1882117135013,5.20962341254086
"1286",2022-03-14 00:07:05,1,373,100,47.2455106856738,5.40823529436792
"1287",2022-03-14 00:07:10,1,373,100,48.0315407525121,5.40530799885155
"1288",2022-03-14 00:07:15,1,373,100,47.0780030007687,5.23618459742245
"1289",2022-03-14 00:07:20,1,373,100,48.6578340642846,5.48003760588968
"1290",2022-03-14 00:07:25,1,373,100,47.9659821188318,5.16463456961617
"1291",2022-03-14 00:07:30,1,373,100,47.0313289387994,5.47978731929415
"1292",2022-03-14 00:07:35,1,373,100,47.1189895675835,5.67845553502812
"1293",2022-03-14 00:07:40,1,373,100,48.3795718934729,5.58386772971905
"1294",2022-03-14 00:07:45,1,373,100,47.902105492435,5.15858356871312
"1295",2022-03-14 00:07:50,1,373,100,48.3153995260801,5.08057857086053
"1296",2022-03-14 00:07:55,1,373,100,49.4607340617305,5.31173195927879
"1297",2022-03-14 00:08:00,1,373,100,48.5999482234448,5.35495155316877
"1298",2022-03-14 00:08:05,1,373,100,48.7646972029467,5.42200767431179
"1299",2022-03-14 00:08:10,1,373,100,47.7004435505044,5.35450164387367
"1300",2022-03-14 00:08:15,1,373,100,48.0583504913393,5.57325725591199
"1301",2022-03-14 00:08:20,1,373,100,48.9518476532974,5.50561756149184
"1302",2022-03-14 00:08:25,1,373,100,48.2810085680003,5.1924516903644
"1303",2022-03-14 00:08:30,1,373,100,47.8792949004788,5.2416293873428
"1304",2022-03-14 00:08:35,1,373,100,47.7011521798347,5.78985175279363
"1305",2022-03-14 00:08:40,1,373,100,48.417854833748,5.42449815044198
"1306",2022-03-14 00:08:45,1,373,100,49.0078837194125,5.11478847605692
"1307",2022-03-14 00:08:50,1,373,100,47.4290037621333,5.09837535899175
"1308",2022-03-14 00:08:55,1,373,100,49.0930623736452,5.28382649463059
"1309",2022-03-14 00:09:00,1,373,100,47.9304025984201,5.47598500913588
"1310",2022-03-14 00:09:05,1,373,100,45.9384451822128,5.77449036610272
"1311",2022-03-14 00:09:10,1,373,100,47.4417582474241,5.26416737834874
"1312",2022-03-14 00:09:15,1,373,100,48.7528835215327,5.48307401413651
"1313",2022-03-14 00:09:20,1,373,100,47.2184275166613,5.36261992960887
"1314",2022-03-14 00:09:25,1,373,100,47.4477079599802,5.64315390476599
"1315",2022-03-14 00:09:30,1,373,100,47.8992206317718,5.700864527097
"1316",2022-03-14 00:09:35,1,373,100,47.2603875124872,5.22036761860034
"1317",2022-03-14 00:09:40,1,373,100,48.6454455694754,5.3455628432111
"1318",2022-03-14 00:09:45,1,373,100,47.9291117047563,5.28410612832658
"1319",2022-03-14 00:09:50,1,373,100,48.6174305132141,5.63544744219196
"1320",2022-03-14 00:09:55,1,373,100,48.5891225654267,5.23668972892036
"1321",2022-03-14 00:10:00,1,373,100,47.8506558890732,5.34915927968967
"1322",2022-03-14 00:10:05,1,373,100,48.579732854443,5.36712568233359
"1323",2022-03-14 00:10:10,1,373,100,48.7143274344807,5.30066508433888
"1324",2022-03-14 00:10:15,1,373,100,48.6911892010208,5.80284294433547
"1325",2022-03-14 00:10:20,1,373,100,48.9536577194242,5.42409449398855
"1326",2022-03-14 00:10:25,1,373,100,48.9548031897504,5.44757314239803
"1327",2022-03-14 00:10:30,1,373,100,47.9055721992072,5.51814334466373
"1328",2022-03-14 00:10:35,1,373,100,46.7317535103714,5.36799199742447
"1329",2022-03-14 00:10:40,1,373,100,49.0419998787208,5.15917878739171
"1330",2022-03-14 00:10:45,1,373,100,48.1230326010551,5.68732908581171
"1331",2022-03-14 00:10:50,1,373,100,47.7178623510559,5.22712619335417
"1332",2022-03-14 00:10:55,1,373,100,47.4153829808886,5.32900360757501
"1333",2022-03-14 00:11:00,1,373,100,48.5504499401509,5.3156040708538
"1334",2022-03-14 00:11:05,1,373,100,48.8420544140611,5.64981925286548
"1335",2022-03-14 00:11:10,1,373,100,49.1204689491334,5.75842320106961
"1336",2022-03-14 00:11:15,1,373,100,47.9296455858915,5.15040581792084
"1337",2022-03-14 00:11:20,1,373,100,48.2736753954729,5.19780233137633
"1338",2022-03-14 00:11:25,1,373,100,48.3190844412826,5.29250870161387
"1339",2022-03-14 00:11:30,1,373,100,48.7410955309171,5.45855733512604
"1340",2022-03-14 00:11:35,1,373,100,47.2018707237371,5.34039436785758
"1341",2022-03-14 00:11:40,1,373,100,49.3655584723706,5.49892161369517
"1342",2022-03-14 00:11:45,1,373,100,48.7885201322087,5.39703072700631
"1343",2022-03-14 00:11:50,1,373,100,48.6405378960903,5.26455714220875
"1344",2022-03-14 00:11:55,1,373,100,48.7006169558603,5.32614611292343
"1345",2022-03-14 00:12:00,1,373,100,48.1378313998767,5.18613838410217
"1346",2022-03-14 00:12:05,1,373,100,45.764602515503,4.99950630766526
"1347",2022-03-14 00:12:10,1,373,100,48.4241386637092,5.19891191122615
"1348",2022-03-14 00:12:15,1,373,100,47.8474244298399,5.37554850202577
"1349",2022-03-14 00:12:20,1,373,100,48.331869256681,5.8351118958289
"1350",2022-03-14 00:12:25,1,373,100,46.8907995026487,5.46796570286317
"1351",2022-03-14 00:12:30,1,373,100,48.4489037666181,5.50352405800056
"1352",2022-03-14 00:12:35,1,373,100,47.8606375168373,5.66255774884025
"1353",2022-03-14 00:12:40,1,373,100,48.5099378611709,5.61737030687895
"1354",2022-03-14 00:12:45,1,373,100,48.6011334881412,5.22876526793641
"1355",2022-03-14 00:12:50,1,373,100,47.5948742885772,5.36699766581754
"1356",2022-03-14 00:12:55,1,373,100,48.2005699686037,5.34106096831714
"1357",2022-03-14 00:13:00,1,373,100,48.1440434015712,5.53804115817501
"1358",2022-03-14 00:13:05,1,373,100,48.168794014392,5.77027966046593
"1359",2022-03-14 00:13:10,1,373,100,49.2449018532696,5.36449625180483
"1360",2022-03-14 00:13:15,1,373,100,48.3849121356611,5.74582124973949
"1361",2022-03-14 00:13:20,1,373,100,48.3427492229541,5.38126534050564
"1362",2022-03-14 00:13:25,1,373,100,47.8845601734295,5.21172011205662
"1363",2022-03-14 00:13:30,1,373,100,47.8990259645663,5.67982335581047
"1364",2022-03-14 00:13:35,1,373,100,47.7023899142685,5.58767675769037
"1365",2022-03-14 00:13:40,1,373,100,46.6517790343614,5.61776683981044
"1366",2022-03-14 00:13:45,1,373,100,48.4182915664869,5.66879226978662
"1367",2022-03-14 00:13:50,1,373,100,48.1590392658683,5.84316723981457
"1368",2022-03-14 00:13:55,1,373,100,48.3111644136222,5.45114865496536
"1369",2022-03-14 00:14:00,1,373,100,47.843602459768,5.09855962831518
"1370",2022-03-14 00:14:05,1,373,100,47.4530584522633,5.63653466264099
"1371",2022-03-14 00:14:10,1,373,100,48.1116992661477,5.3994670490198
"1372",2022-03-14 00:14:15,1,373,100,49.3615711340154,5.25793877848998
"1373",2022-03-14 00:14:20,1,373,100,47.7974327682921,5.39924261147785
"1374",2022-03-14 00:14:25,1,373,100,49.1735599448454,5.33803394301311
"1375",2022-03-14 00:14:30,1,373,100,48.6892336889777,5.73911906882321
"1376",2022-03-14 00:14:35,1,373,100,48.9965543052714,5.50837476651889
"1377",2022-03-14 00:14:40,1,373,100,48.3526711641012,5.34271940818134
"1378",2022-03-14 00:14:45,1,373,100,47.389546640852,5.51061416684017
"1379",2022-03-14 00:14:50,1,373,100,48.9793071212496,5.88451185987446
"1380",2022-03-14 00:14:55,1,373,100,46.692302506203,5.8383625231993
"1381",2022-03-14 00:15:00,1,373,100,48.8125957273153,5.46570590941355
"1382",2022-03-14 00:15:05,1,373,100,49.0939915598362,5.50324307345987
"1383",2022-03-14 00:15:10,1,373,100,47.6413949673965,5.55934530092478
"1384",2022-03-14 00:15:15,1,373,100,47.5164985628718,5.56133503432343
"1385",2022-03-14 00:15:20,1,373,100,47.7005485920001,5.45999253342423
"1386",2022-03-14 00:15:25,1,373,100,48.1084591258385,5.75611096748671
"1387",2022-03-14 00:15:30,1,373,100,46.3437449822725,5.74411771681269
"1388",2022-03-14 00:15:35,1,373,100,47.8782720187428,5.18411657683276
"1389",2022-03-14 00:15:40,1,373,100,48.0733983089629,5.41050921736419
"1390",2022-03-14 00:15:45,1,373,100,49.0741472067903,5.43525270685608
"1391",2022-03-14 00:15:50,1,373,100,48.9080174027232,5.4322581849347
"1392",2022-03-14 00:15:55,1,373,100,49.264906604199,5.44960236553815
"1393",2022-03-14 00:16:00,1,373,100,48.2060882625334,5.2009091366139
"1394",2022-03-14 00:16:05,1,373,100,47.8240467165198,5.13328342179478
"1395",2022-03-14 00:16:10,1,373,100,46.2632896535271,5.45376636111719
"1396",2022-03-14 00:16:15,1,373,100,47.3690861737741,5.64090251340351
"1397",2022-03-14 00:16:20,1,373,100,47.7191016487626,5.56318241455097
"1398",2022-03-14 00:16:25,1,373,100,48.2925031468926,5.60531203804514
"1399",2022-03-14 00:16:30,1,373,100,48.4945047143449,5.23688765567025
"1400",2022-03-14 00:16:35,1,373,100,48.8196158518358,5.65698991412688
"1401",2022-03-15 00:00:00,1,373,200,48.6114717820549,5.37039082876908
"1402",2022-03-15 00:00:05,1,373,200,48.6728749992472,6.18938185256545
"1403",2022-03-15 00:00:10,1,373,200,48.8066928812256,5.13175471907263
"1404",2022-03-15 00:00:15,1,373,200,48.1817881915708,5.26310628511293
"1405",2022-03-15 00:00:20,1,373,200,47.3960719065098,5.17868260811465
"1406",2022-03-15 00:00:25,1,373,200,49.1751820033673,5.40742606612007
"1407",2022-03-15 00:00:30,1,373,200,47.0924454980764,5.20837839174929
"1408",2022-03-15 00:00:35,1,373,200,47.8146212207785,4.82025470174588
"1409",2022-03-15 00:00:40,1,373,200,47.8369113929269,5.36967130554897
"1410",2022-03-15 00:00:45,1,373,200,47.2276555630672,5.19545774394465
"1411",2022-03-15 00:00:50,1,373,200,48.8463527037401,5.21060690725944
"1412",2022-03-15 00:00:55,1,373,200,47.7605930201446,5.27270510665214
"1413",2022-03-15 00:01:00,1,373,200,49.5067631930328,5.96228604295304
"1414",2022-03-15 00:01:05,1,373,200,48.4891332458187,5.55442381623532
"1415",2022-03-15 00:01:10,1,373,200,48.4373977435236,5.29200028121186
"1416",2022-03-15 00:01:15,1,373,200,47.4176999239172,5.64805156663222
"1417",2022-03-15 00:01:20,1,373,200,47.8931547945989,5.49934580564515
"1418",2022-03-15 00:01:25,1,373,200,48.5541263198467,5.29668434968125
"1419",2022-03-15 00:01:30,1,373,200,48.5771581793926,5.58563714129886
"1420",2022-03-15 00:01:35,1,373,200,48.6868240644014,5.17720655466305
"1421",2022-03-15 00:01:40,1,373,200,48.110160616383,5.65313808694907
"1422",2022-03-15 00:01:45,1,373,200,48.535005624948,5.94177402214325
"1423",2022-03-15 00:01:50,1,373,200,48.770113551699,5.56095456312664
"1424",2022-03-15 00:01:55,1,373,200,48.9449143697526,5.28229122281653
"1425",2022-03-15 00:02:00,1,373,200,48.0508913035313,5.21297244448877
"1426",2022-03-15 00:02:05,1,373,200,46.5364470303871,5.35359735242408
"1427",2022-03-15 00:02:10,1,373,200,48.9985831798511,5.41975884127148
"1428",2022-03-15 00:02:15,1,373,200,47.8653437548218,5.61999430937056
"1429",2022-03-15 00:02:20,1,373,200,48.1917475599161,5.03324119062146
"1430",2022-03-15 00:02:25,1,373,200,47.6886529947395,5.28479872064964
"1431",2022-03-15 00:02:30,1,373,200,47.503479749325,5.11133119664759
"1432",2022-03-15 00:02:35,1,373,200,47.6941310275775,5.00938695546161
"1433",2022-03-15 00:02:40,1,373,200,46.2264292423413,5.23126468126429
"1434",2022-03-15 00:02:45,1,373,200,47.9966361221679,5.39356597422389
"1435",2022-03-15 00:02:50,1,373,200,48.1152338870357,5.56237001441693
"1436",2022-03-15 00:02:55,1,373,200,48.8106853776405,5.80440558611032
"1437",2022-03-15 00:03:00,1,373,200,48.0638624501052,5.56704312843626
"1438",2022-03-15 00:03:05,1,373,200,47.5225750286378,4.78143822157769
"1439",2022-03-15 00:03:10,1,373,200,49.7394389881172,5.40187510185356
"1440",2022-03-15 00:03:15,1,373,200,47.3234543723338,6.10617597285874
"1441",2022-03-15 00:03:20,1,373,200,48.3495227998586,5.84921628789082
"1442",2022-03-15 00:03:25,1,373,200,47.732213545071,5.62877875538806
"1443",2022-03-15 00:03:30,1,373,200,47.586037372033,5.55181384016434
"1444",2022-03-15 00:03:35,1,373,200,48.8856127398332,5.20428486861534
"1445",2022-03-15 00:03:40,1,373,200,47.1451393912028,5.50047496557526
"1446",2022-03-15 00:03:45,1,373,200,47.789164480044,5.44242406152149
"1447",2022-03-15 00:03:50,1,373,200,49.5867863616939,5.8560123952245
"1448",2022-03-15 00:03:55,1,373,200,47.9061273514379,5.3623817938628
"1449",2022-03-15 00:04:00,1,373,200,47.5577264148577,5.12106373184064
"1450",2022-03-15 00:04:05,1,373,200,48.690989831859,5.38847471973549
"1451",2022-03-15 00:04:10,1,373,200,47.0155921301919,5.2997932190505
"1452",2022-03-15 00:04:15,1,373,200,46.8094053060933,5.12718119552675
"1453",2022-03-15 00:04:20,1,373,200,47.1491404690532,5.29168160755561
"1454",2022-03-15 00:04:25,1,373,200,48.8335431221799,5.35020623190497
"1455",2022-03-15 00:04:30,1,373,200,47.9002429586006,5.69236276621765
"1456",2022-03-15 00:04:35,1,373,200,47.0136213263115,5.47310253731974
"1457",2022-03-15 00:04:40,1,373,200,49.4299634519949,5.31605267380671
"1458",2022-03-15 00:04:45,1,373,200,47.3895789741888,5.42354284313569
"1459",2022-03-15 00:04:50,1,373,200,48.624491191559,5.48118387991672
"1460",2022-03-15 00:04:55,1,373,200,49.7998246602209,5.28772296133158
"1461",2022-03-15 00:05:00,1,373,200,49.7207443369243,5.43064351108899
"1462",2022-03-15 00:05:05,1,373,200,48.7782711207472,5.64304548924921
"1463",2022-03-15 00:05:10,1,373,200,48.3796304293011,5.60017791967606
"1464",2022-03-15 00:05:15,1,373,200,48.2836875306173,5.50044153941092
"1465",2022-03-15 00:05:20,1,373,200,47.4227939357407,5.51847770431544
"1466",2022-03-15 00:05:25,1,373,200,47.6491814902468,5.6235433406595
"1467",2022-03-15 00:05:30,1,373,200,48.5963239116801,5.89935301272317
"1468",2022-03-15 00:05:35,1,373,200,47.0245407821833,5.26961404700934
"1469",2022-03-15 00:05:40,1,373,200,47.0185056731765,5.42525517205194
"1470",2022-03-15 00:05:45,1,373,200,49.424731751207,5.96251231151723
"1471",2022-03-15 00:05:50,1,373,200,49.1084668499744,5.45003558961637
"1472",2022-03-15 00:05:55,1,373,200,48.082331991632,5.24306485401638
"1473",2022-03-15 00:06:00,1,373,200,48.061682806081,5.62538053054594
"1474",2022-03-15 00:06:05,1,373,200,47.2936917069058,5.56827291242672
"1475",2022-03-15 00:06:10,1,373,200,48.9126379593264,5.34718437863093
"1476",2022-03-15 00:06:15,1,373,200,48.2150980418077,5.48062864574161
"1477",2022-03-15 00:06:20,1,373,200,47.3576488121809,5.33161837054326
"1478",2022-03-15 00:06:25,1,373,200,48.6185898855706,5.6000513399308
"1479",2022-03-15 00:06:30,1,373,200,48.599556898167,5.29292762197887
"1480",2022-03-15 00:06:35,1,373,200,47.4638134296154,5.77501097865363
"1481",2022-03-15 00:06:40,1,373,200,46.9316005716337,5.34959524969033
"1482",2022-03-15 00:06:45,1,373,200,48.6597475359012,5.17990412913687
"1483",2022-03-15 00:06:50,1,373,200,48.4919269926235,5.57608255907118
"1484",2022-03-15 00:06:55,1,373,200,46.9402029531311,5.31426754125762
"1485",2022-03-15 00:07:00,1,373,200,49.6962882041821,5.93802927857518
"1486",2022-03-15 00:07:05,1,373,200,47.0892222182369,5.3632299267503
"1487",2022-03-15 00:07:10,1,373,200,48.7014196823721,5.60620691602865
"1488",2022-03-15 00:07:15,1,373,200,48.3542078189094,5.61512920706043
"1489",2022-03-15 00:07:20,1,373,200,48.1368163261962,4.98990975420729
"1490",2022-03-15 00:07:25,1,373,200,48.3077119261573,5.12143195759939
"1491",2022-03-15 00:07:30,1,373,200,48.604962657411,5.37868107089974
"1492",2022-03-15 00:07:35,1,373,200,47.8692013960206,5.37887717549881
"1493",2022-03-15 00:07:40,1,373,200,48.8964695544487,5.37513400004463
"1494",2022-03-15 00:07:45,1,373,200,48.4732621593207,5.10334100847786
"1495",2022-03-15 00:07:50,1,373,200,46.9861748805388,5.49158013900056
"1496",2022-03-15 00:07:55,1,373,200,49.495976254202,5.6250053203302
"1497",2022-03-15 00:08:00,1,373,200,48.020798698276,5.84698385974831
"1498",2022-03-15 00:08:05,1,373,200,47.1201826185513,5.5328309107351
"1499",2022-03-15 00:08:10,1,373,200,46.0903373228004,5.36390552869488
"1500",2022-03-15 00:08:15,1,373,200,47.9743624941192,5.30822960574128
"1501",2022-03-15 00:08:20,1,373,200,48.8477807965424,5.40497035167328
"1502",2022-03-15 00:08:25,1,373,200,48.2195463250114,6.20756695136099
"1503",2022-03-15 00:08:30,1,373,200,47.6377463525027,4.99175883036528
"1504",2022-03-15 00:08:35,1,373,200,47.8475107421607,5.40166261314819
"1505",2022-03-15 00:08:40,1,373,200,46.8615997007737,5.53258517644232
"1506",2022-03-15 00:08:45,1,373,200,47.3627469853758,5.63424106394882
"1507",2022-03-15 00:08:50,1,373,200,49.5972148601102,5.20166436784574
"1508",2022-03-15 00:08:55,1,373,200,48.1716645424461,5.58145152099792
"1509",2022-03-15 00:09:00,1,373,200,50.0131409393955,5.65300320092992
"1510",2022-03-15 00:09:05,1,373,200,48.6827030726233,5.43316467445572
"1511",2022-03-15 00:09:10,1,373,200,48.9643239332083,4.92538271264158
"1512",2022-03-15 00:09:15,1,373,200,49.1261296775326,5.88403270196305
"1513",2022-03-15 00:09:20,1,373,200,46.62467272362,5.55126375770206
"1514",2022-03-15 00:09:25,1,373,200,48.9303889920076,5.39401693278167
"1515",2022-03-15 00:09:30,1,373,200,48.8634089211166,5.57770210035222
"1516",2022-03-15 00:09:35,1,373,200,48.6822143625167,5.08710164282164
"1517",2022-03-15 00:09:40,1,373,200,49.1017370678329,5.67599188053184
"1518",2022-03-15 00:09:45,1,373,200,47.5245604614761,5.13148255244537
"1519",2022-03-15 00:09:50,1,373,200,48.519527426345,5.86985878635547
"1520",2022-03-15 00:09:55,1,373,200,47.8047117794583,5.23810687988168
"1521",2022-03-15 00:10:00,1,373,200,47.8003683020639,4.93547159472911
"1522",2022-03-15 00:10:05,1,373,200,48.4881244546729,5.03709773056985
"1523",2022-03-15 00:10:10,1,373,200,47.0035423289484,5.23024340673337
"1524",2022-03-15 00:10:15,1,373,200,47.8669885527318,5.61655061394989
"1525",2022-03-15 00:10:20,1,373,200,48.7482641525221,5.51787388772838
"1526",2022-03-15 00:10:25,1,373,200,49.1095462472542,5.27063343085917
"1527",2022-03-15 00:10:30,1,373,200,48.9266226488081,5.29051571046018
"1528",2022-03-15 00:10:35,1,373,200,48.174602267612,5.40544658203797
"1529",2022-03-15 00:10:40,1,373,200,48.5161897799488,5.18394433159574
"1530",2022-03-15 00:10:45,1,373,200,47.2093827497195,5.4159636150108
"1531",2022-03-15 00:10:50,1,373,200,46.6197336923581,5.10639956561252
"1532",2022-03-15 00:10:55,1,373,200,48.0658142993228,5.66431911652583
"1533",2022-03-15 00:11:00,1,373,200,48.5662376553037,5.29152184369293
"1534",2022-03-15 00:11:05,1,373,200,48.5994171545522,5.56867901937319
"1535",2022-03-15 00:11:10,1,373,200,47.6219328228579,5.37517521015422
"1536",2022-03-15 00:11:15,1,373,200,48.2649900648323,5.23575048087927
"1537",2022-03-15 00:11:20,1,373,200,49.5146525068024,5.59555169186707
"1538",2022-03-15 00:11:25,1,373,200,48.4366116899184,5.2494588050864
"1539",2022-03-15 00:11:30,1,373,200,47.0431001543437,5.71411662140795
"1540",2022-03-15 00:11:35,1,373,200,48.0796865668956,5.13592572350033
"1541",2022-03-15 00:11:40,1,373,200,47.4381165672577,5.2485100697182
"1542",2022-03-15 00:11:45,1,373,200,46.5938699559993,5.75856058237803
"1543",2022-03-15 00:11:50,1,373,200,47.2686265847801,5.59404452136601
"1544",2022-03-15 00:11:55,1,373,200,49.1787211646224,5.33227779441392
"1545",2022-03-15 00:12:00,1,373,200,47.1113834130542,5.11988202895404
"1546",2022-03-15 00:12:05,1,373,200,47.2716846452932,5.67825271457306
"1547",2022-03-15 00:12:10,1,373,200,48.7915726170348,5.40680141126353
"1548",2022-03-15 00:12:15,1,373,200,47.7579630969866,4.84162166959192
"1549",2022-03-15 00:12:20,1,373,200,48.032734578184,5.45940519716318
"1550",2022-03-15 00:12:25,1,373,200,48.4931011339227,5.48116606837142
"1551",2022-03-15 00:12:30,1,373,200,46.6381436898148,5.48330734609791
"1552",2022-03-15 00:12:35,1,373,200,49.1664981602677,5.82723706135915
"1553",2022-03-15 00:12:40,1,373,200,47.7819914026655,5.27902948612332
"1554",2022-03-15 00:12:45,1,373,200,47.4833831943142,5.23459446591057
"1555",2022-03-15 00:12:50,1,373,200,48.9392771327406,5.36063589020144
"1556",2022-03-15 00:12:55,1,373,200,46.6727021362833,5.42904379494227
"1557",2022-03-15 00:13:00,1,373,200,47.7227698338837,5.90801450279017
"1558",2022-03-15 00:13:05,1,373,200,48.0005619689374,4.9785626928174
"1559",2022-03-15 00:13:10,1,373,200,48.6767072535603,5.54192663965912
"1560",2022-03-15 00:13:15,1,373,200,46.8879614114117,5.18210466408839
"1561",2022-03-15 00:13:20,1,373,200,48.3811154042748,5.27433666123059
"1562",2022-03-15 00:13:25,1,373,200,47.7736158510822,5.36043314168694
"1563",2022-03-15 00:13:30,1,373,200,47.8076325419859,5.3801986570899
"1564",2022-03-15 00:13:35,1,373,200,48.8395359577589,5.60788670286289
"1565",2022-03-15 00:13:40,1,373,200,48.8457682947844,5.41406532100784
"1566",2022-03-15 00:13:45,1,373,200,46.6288849082875,5.96542109642076
"1567",2022-03-15 00:13:50,1,373,200,46.7394029730919,5.24840821710838
"1568",2022-03-15 00:13:55,1,373,200,47.7108774436425,5.725183564353
"1569",2022-03-15 00:14:00,1,373,200,48.3022102564662,5.12832030736352
"1570",2022-03-15 00:14:05,1,373,200,48.6738904386015,5.55119675772469
"1571",2022-03-15 00:14:10,1,373,200,48.6236079770839,5.55094279002266
"1572",2022-03-15 00:14:15,1,373,200,48.9175470617449,5.21827873113888
"1573",2022-03-15 00:14:20,1,373,200,48.5713281544314,5.24865786504029
"1574",2022-03-15 00:14:25,1,373,200,47.9710964159989,5.38140175724134
"1575",2022-03-15 00:14:30,1,373,200,47.7209529554619,5.18584319464461
"1576",2022-03-15 00:14:35,1,373,200,49.2974687662389,5.15197829291466
"1577",2022-03-15 00:14:40,1,373,200,47.7115333968986,5.59550813563177
"1578",2022-03-15 00:14:45,1,373,200,47.9877681869365,5.51773662417016
"1579",2022-03-15 00:14:50,1,373,200,47.6910521749945,5.53763123404216
"1580",2022-03-15 00:14:55,1,373,200,46.4478407356882,5.57402704999513
"1581",2022-03-15 00:15:00,1,373,200,46.4666822805185,5.25940291159079
"1582",2022-03-15 00:15:05,1,373,200,48.891796794674,5.3940424954918
"1583",2022-03-15 00:15:10,1,373,200,47.3643202084866,5.6175314038492
"1584",2022-03-15 00:15:15,1,373,200,47.1423611951033,4.89622934188766
"1585",2022-03-15 00:15:20,1,373,200,48.9632616668186,5.81962486004347
"1586",2022-03-15 00:15:25,1,373,200,49.1685358476766,5.69455323574984
"1587",2022-03-15 00:15:30,1,373,200,49.8303855502799,5.22364763937262
"1588",2022-03-15 00:15:35,1,373,200,47.829986317033,5.30941512973377
"1589",2022-03-15 00:15:40,1,373,200,47.5138490599157,5.29421048289696
"1590",2022-03-15 00:15:45,1,373,200,48.669458440958,5.58898503550055
"1591",2022-03-15 00:15:50,1,373,200,48.9597478796912,5.18267245189592
"1592",2022-03-15 00:15:55,1,373,200,48.3607606697044,5.17552369528966
"1593",2022-03-15 00:16:00,1,373,200,47.3102332120768,4.74744574444368
"1594",2022-03-15 00:16:05,1,373,200,47.0919284819284,5.62800994055864
"1595",2022-03-15 00:16:10,1,373,200,49.1487505560564,5.38394268763538
"1596",2022-03-15 00:16:15,1,373,200,48.2600092367284,5.46254943284221
"1597",2022-03-15 00:16:20,1,373,200,48.9720632805131,4.9959491192575
"1598",2022-03-15 00:16:25,1,373,200,47.3635439718319,5.63325460701556
"1599",2022-03-15 00:16:30,1,373,200,48.3626025023229,5.58438674530164
"1600",2022-03-15 00:16:35,1,373,200,48.6969322535676,5.3067092932182
"1601",2022-03-16 00:00:00,1,373,300,49.8180202174877,5.41020826667586
"1602",2022-03-16 00:00:05,1,373,300,49.2126645478087,5.57125296619536
"1603",2022-03-16 00:00:10,1,373,300,47.2323762651008,5.24474860410123
"1604",2022-03-16 00:00:15,1,373,300,48.1493279382463,5.44721783778932
"1605",2022-03-16 00:00:20,1,373,300,47.6990066015436,5.25223557693966
"1606",2022-03-16 00:00:25,1,373,300,48.8285169604132,5.20210177564525
"1607",2022-03-16 00:00:30,1,373,300,49.4566916121501,4.66204367083689
"1608",2022-03-16 00:00:35,1,373,300,47.9647139045192,5.36538045212759
"1609",2022-03-16 00:00:40,1,373,300,48.7510327737129,5.24438255652381
"1610",2022-03-16 00:00:45,1,373,300,48.9525953972251,5.01794045517854
"1611",2022-03-16 00:00:50,1,373,300,46.6544312969706,5.12199247066285
"1612",2022-03-16 00:00:55,1,373,300,48.0942760607719,5.32758607399225
"1613",2022-03-16 00:01:00,1,373,300,46.767383531085,5.10612129979771
"1614",2022-03-16 00:01:05,1,373,300,47.7154584941729,5.22567845977593
"1615",2022-03-16 00:01:10,1,373,300,47.7138980243687,5.53997769206574
"1616",2022-03-16 00:01:15,1,373,300,46.7697395029846,5.19941553354757
"1617",2022-03-16 00:01:20,1,373,300,48.1219791210185,5.50492333512699
"1618",2022-03-16 00:01:25,1,373,300,48.7162594035502,5.64374427780055
"1619",2022-03-16 00:01:30,1,373,300,48.1711539461536,5.44709734502623
"1620",2022-03-16 00:01:35,1,373,300,48.7167728470002,5.1471749392514
"1621",2022-03-16 00:01:40,1,373,300,48.4621946817697,5.16527173787453
"1622",2022-03-16 00:01:45,1,373,300,47.167544686568,5.24416976329579
"1623",2022-03-16 00:01:50,1,373,300,48.4041720659905,5.35802136973752
"1624",2022-03-16 00:01:55,1,373,300,49.6144073583589,5.28983691935528
"1625",2022-03-16 00:02:00,1,373,300,48.6933040331898,5.21564831801542
"1626",2022-03-16 00:02:05,1,373,300,46.146259147199,5.13177334411314
"1627",2022-03-16 00:02:10,1,373,300,48.0783430092556,5.80946480580589
"1628",2022-03-16 00:02:15,1,373,300,49.1663470913171,5.56653216015537
"1629",2022-03-16 00:02:20,1,373,300,48.6567271894652,5.28925136492346
"1630",2022-03-16 00:02:25,1,373,300,46.8716115673384,5.59815216671729
"1631",2022-03-16 00:02:30,1,373,300,47.0895176707513,5.38357102217652
"1632",2022-03-16 00:02:35,1,373,300,46.6240169963595,5.80721211837051
"1633",2022-03-16 00:02:40,1,373,300,48.0486684692694,5.21320050034472
"1634",2022-03-16 00:02:45,1,373,300,48.2540734157577,5.40722688083894
"1635",2022-03-16 00:02:50,1,373,300,48.5050658450364,5.57227572614039
"1636",2022-03-16 00:02:55,1,373,300,48.4748868324348,5.22833436234804
"1637",2022-03-16 00:03:00,1,373,300,47.4452527050125,5.51101670900425
"1638",2022-03-16 00:03:05,1,373,300,47.9944252314494,5.51809960347519
"1639",2022-03-16 00:03:10,1,373,300,46.3661631796862,5.36059206047412
"1640",2022-03-16 00:03:15,1,373,300,47.25373201512,5.33952087598895
"1641",2022-03-16 00:03:20,1,373,300,49.1972085583828,5.64571334720074
"1642",2022-03-16 00:03:25,1,373,300,49.7600909832527,5.33489693856951
"1643",2022-03-16 00:03:30,1,373,300,47.7038991883262,5.26151796778847
"1644",2022-03-16 00:03:35,1,373,300,47.94376027698,5.27336320100228
"1645",2022-03-16 00:03:40,1,373,300,46.5438476438758,4.9655087960934
"1646",2022-03-16 00:03:45,1,373,300,47.0720098409009,5.3678308727619
"1647",2022-03-16 00:03:50,1,373,300,48.221519091536,5.52170559057258
"1648",2022-03-16 00:03:55,1,373,300,47.8775521543323,5.60598027396121
"1649",2022-03-16 00:04:00,1,373,300,47.592521782646,5.65363618186978
"1650",2022-03-16 00:04:05,1,373,300,48.7162081628553,5.17940125718513
"1651",2022-03-16 00:04:10,1,373,300,48.224183491308,5.66026121518233
"1652",2022-03-16 00:04:15,1,373,300,47.7368289221021,5.16300824189911
"1653",2022-03-16 00:04:20,1,373,300,47.7577770995457,5.29492346765194
"1654",2022-03-16 00:04:25,1,373,300,48.832448681866,5.67552252171584
"1655",2022-03-16 00:04:30,1,373,300,47.6224468355688,5.32985103410961
"1656",2022-03-16 00:04:35,1,373,300,49.9213357766869,5.1895286540627
"1657",2022-03-16 00:04:40,1,373,300,48.0477318969268,5.47345326873277
"1658",2022-03-16 00:04:45,1,373,300,47.8861894547448,5.66459476737294
"1659",2022-03-16 00:04:50,1,373,300,47.8248206821229,6.1645167765156
"1660",2022-03-16 00:04:55,1,373,300,47.8055067652614,5.55798345950464
"1661",2022-03-16 00:05:00,1,373,300,47.9593359391453,6.15906928745292
"1662",2022-03-16 00:05:05,1,373,300,48.9063736914234,5.24064215712978
"1663",2022-03-16 00:05:10,1,373,300,48.9047564033734,5.1949348470506
"1664",2022-03-16 00:05:15,1,373,300,48.7903911585414,6.04433486274183
"1665",2022-03-16 00:05:20,1,373,300,47.9226958791175,5.65171790917602
"1666",2022-03-16 00:05:25,1,373,300,47.9312717111481,5.6256857026639
"1667",2022-03-16 00:05:30,1,373,300,47.1135339373156,5.28352076606905
"1668",2022-03-16 00:05:35,1,373,300,46.7731695550541,5.3283692711417
"1669",2022-03-16 00:05:40,1,373,300,48.6941059330939,5.43348677887052
"1670",2022-03-16 00:05:45,1,373,300,47.9565937839336,5.29174903553449
"1671",2022-03-16 00:05:50,1,373,300,46.919782911463,4.9504219204151
"1672",2022-03-16 00:05:55,1,373,300,48.0575289605869,5.29473702435477
"1673",2022-03-16 00:06:00,1,373,300,47.7633996159918,5.51160573902167
"1674",2022-03-16 00:06:05,1,373,300,46.944156582315,5.521101224106
"1675",2022-03-16 00:06:10,1,373,300,48.904913806733,5.85696402312157
"1676",2022-03-16 00:06:15,1,373,300,49.1701204598925,5.5883890164172
"1677",2022-03-16 00:06:20,1,373,300,48.1019722500514,5.08559704223419
"1678",2022-03-16 00:06:25,1,373,300,47.4529672406458,5.13893919934361
"1679",2022-03-16 00:06:30,1,373,300,48.8010117017804,5.36709281978384
"1680",2022-03-16 00:06:35,1,373,300,47.5153123148806,5.30525713966009
"1681",2022-03-16 00:06:40,1,373,300,48.5379238997407,5.16119907689914
"1682",2022-03-16 00:06:45,1,373,300,47.9543758965951,5.29811003599627
"1683",2022-03-16 00:06:50,1,373,300,48.0914725654464,5.72874795603661
"1684",2022-03-16 00:06:55,1,373,300,48.6181289233505,5.57651616539882
"1685",2022-03-16 00:07:00,1,373,300,47.5424213134876,5.18191059473441
"1686",2022-03-16 00:07:05,1,373,300,47.6979839785028,5.74746603109565
"1687",2022-03-16 00:07:10,1,373,300,48.1156830073871,5.62657471752631
"1688",2022-03-16 00:07:15,1,373,300,49.3036050040736,5.14925833348526
"1689",2022-03-16 00:07:20,1,373,300,46.7865357527577,5.43395276244553
"1690",2022-03-16 00:07:25,1,373,300,48.8536701092666,5.57322117933783
"1691",2022-03-16 00:07:30,1,373,300,48.5763375518315,5.05413516028908
"1692",2022-03-16 00:07:35,1,373,300,48.9028363317467,5.29906051556933
"1693",2022-03-16 00:07:40,1,373,300,47.8010228026348,5.47458932166246
"1694",2022-03-16 00:07:45,1,373,300,49.7042922476742,5.36021649536822
"1695",2022-03-16 00:07:50,1,373,300,49.0153829371274,5.41582920123805
"1696",2022-03-16 00:07:55,1,373,300,49.1803742273547,5.32698893435556
"1697",2022-03-16 00:08:00,1,373,300,48.6454127167613,5.17722794679537
"1698",2022-03-16 00:08:05,1,373,300,49.2081082891222,5.36832292227876
"1699",2022-03-16 00:08:10,1,373,300,48.1654627029625,5.27256785201564
"1700",2022-03-16 00:08:15,1,373,300,47.536005499815,5.76205921309644
"1701",2022-03-16 00:08:20,1,373,300,47.278877543258,5.25111072490231
"1702",2022-03-16 00:08:25,1,373,300,49.1640703798215,5.49003750842924
"1703",2022-03-16 00:08:30,1,373,300,45.6937925293246,5.39647769591279
"1704",2022-03-16 00:08:35,1,373,300,47.6512522034815,5.1317945528375
"1705",2022-03-16 00:08:40,1,373,300,48.1787192838042,5.51279526857568
"1706",2022-03-16 00:08:45,1,373,300,49.505997443696,5.62468894792422
"1707",2022-03-16 00:08:50,1,373,300,47.6205455319502,5.4396331175662
"1708",2022-03-16 00:08:55,1,373,300,46.8042686750975,5.6956005113982
"1709",2022-03-16 00:09:00,1,373,300,46.8714756789203,4.97937209667802
"1710",2022-03-16 00:09:05,1,373,300,47.9301928651818,5.29230944842811
"1711",2022-03-16 00:09:10,1,373,300,49.3039877780964,5.70244946076392
"1712",2022-03-16 00:09:15,1,373,300,47.7005478075265,5.43868453934295
"1713",2022-03-16 00:09:20,1,373,300,47.8559857419844,5.38676982398052
"1714",2022-03-16 00:09:25,1,373,300,48.1308664758307,5.54949620837334
"1715",2022-03-16 00:09:30,1,373,300,50.2122145974486,5.64201364562146
"1716",2022-03-16 00:09:35,1,373,300,48.0755291914511,5.43295077204992
"1717",2022-03-16 00:09:40,1,373,300,48.2419074921042,5.55174587713993
"1718",2022-03-16 00:09:45,1,373,300,46.7151509758889,5.36653111490444
"1719",2022-03-16 00:09:50,1,373,300,47.6995776331643,5.20802141473371
"1720",2022-03-16 00:09:55,1,373,300,49.0068169839836,4.86792261678407
"1721",2022-03-16 00:10:00,1,373,300,48.3419151879967,5.50431617252732
"1722",2022-03-16 00:10:05,1,373,300,47.5424530305959,5.03440866779465
"1723",2022-03-16 00:10:10,1,373,300,48.5357908713779,5.31059953706647
"1724",2022-03-16 00:10:15,1,373,300,48.5100035159827,5.43238815817046
"1725",2022-03-16 00:10:20,1,373,300,47.7543776688415,4.84122791392309
"1726",2022-03-16 00:10:25,1,373,300,47.585598392647,5.54309282445162
"1727",2022-03-16 00:10:30,1,373,300,47.6113886080335,5.00228757895579
"1728",2022-03-16 00:10:35,1,373,300,49.2334218836871,5.22394723378537
"1729",2022-03-16 00:10:40,1,373,300,48.4801472452524,4.90332808753787
"1730",2022-03-16 00:10:45,1,373,300,46.6696454876767,5.21346491798116
"1731",2022-03-16 00:10:50,1,373,300,48.1166480445676,5.44183009450529
"1732",2022-03-16 00:10:55,1,373,300,46.9196073267138,5.5562755412643
"1733",2022-03-16 00:11:00,1,373,300,48.6567287774593,5.37095518693751
"1734",2022-03-16 00:11:05,1,373,300,48.5613283950951,5.43028520747264
"1735",2022-03-16 00:11:10,1,373,300,48.3147571245367,5.21032034585911
"1736",2022-03-16 00:11:15,1,373,300,49.0841660595325,5.49589949077073
"1737",2022-03-16 00:11:20,1,373,300,47.7392067930636,5.16530961589113
"1738",2022-03-16 00:11:25,1,373,300,47.0897857207933,5.4689338602323
"1739",2022-03-16 00:11:30,1,373,300,47.8179823603224,5.5398387219466
"1740",2022-03-16 00:11:35,1,373,300,48.8834407202363,5.46758092512273
"1741",2022-03-16 00:11:40,1,373,300,46.6870917627271,5.51488900035943
"1742",2022-03-16 00:11:45,1,373,300,48.3804472836891,5.38326374903555
"1743",2022-03-16 00:11:50,1,373,300,48.1082944581562,5.75711763080733
"1744",2022-03-16 00:11:55,1,373,300,47.8923682543202,5.120454515791
"1745",2022-03-16 00:12:00,1,373,300,49.1785586897208,5.24192290686544
"1746",2022-03-16 00:12:05,1,373,300,48.1512549240304,4.98979168225829
"1747",2022-03-16 00:12:10,1,373,300,48.9439267567411,4.99510928376674
"1748",2022-03-16 00:12:15,1,373,300,48.9119977168368,5.48035856832287
"1749",2022-03-16 00:12:20,1,373,300,48.1853411249877,5.49587146989731
"1750",2022-03-16 00:12:25,1,373,300,48.6106611579331,5.50542017280583
"1751",2022-03-16 00:12:30,1,373,300,48.1143006240138,5.50011365590611
"1752",2022-03-16 00:12:35,1,373,300,48.2183301779653,5.04552272781624
"1753",2022-03-16 00:12:40,1,373,300,47.2134547527723,5.0357793884826
"1754",2022-03-16 00:12:45,1,373,300,49.2189519565775,5.52851523094544
"1755",2022-03-16 00:12:50,1,373,300,48.5262436870317,5.34085544303192
"1756",2022-03-16 00:12:55,1,373,300,47.7486852516347,5.38480020995998
"1757",2022-03-16 00:13:00,1,373,300,48.2008340928589,5.57846318460457
"1758",2022-03-16 00:13:05,1,373,300,48.4575047561755,5.58005385964578
"1759",2022-03-16 00:13:10,1,373,300,47.3345113931551,5.63737173080193
"1760",2022-03-16 00:13:15,1,373,300,48.5202292202962,5.49363102794502
"1761",2022-03-16 00:13:20,1,373,300,48.4626109861263,5.50356163155959
"1762",2022-03-16 00:13:25,1,373,300,49.253832747063,5.04919263054152
"1763",2022-03-16 00:13:30,1,373,300,47.432723081496,5.39614952851956
"1764",2022-03-16 00:13:35,1,373,300,47.2255431563531,5.21731385937576
"1765",2022-03-16 00:13:40,1,373,300,48.394192730228,5.39233124147508
"1766",2022-03-16 00:13:45,1,373,300,48.2871981293084,5.79898431384855
"1767",2022-03-16 00:13:50,1,373,300,47.9009382822542,5.26067024132158
"1768",2022-03-16 00:13:55,1,373,300,48.5391558175651,5.40065444309764
"1769",2022-03-16 00:14:00,1,373,300,47.177426019872,5.42010644805872
"1770",2022-03-16 00:14:05,1,373,300,48.0104098010914,5.70045547414477
"1771",2022-03-16 00:14:10,1,373,300,46.9843383756433,5.32771220511848
"1772",2022-03-16 00:14:15,1,373,300,48.4048593602724,5.74337017834218
"1773",2022-03-16 00:14:20,1,373,300,48.4578222624532,5.14351088074728
"1774",2022-03-16 00:14:25,1,373,300,49.4110039845231,5.57869275397933
"1775",2022-03-16 00:14:30,1,373,300,48.8925250014159,5.37579366974502
"1776",2022-03-16 00:14:35,1,373,300,48.10890895991,5.53965147589451
"1777",2022-03-16 00:14:40,1,373,300,48.1703992470795,5.55848208398176
"1778",2022-03-16 00:14:45,1,373,300,47.9298531220429,5.5918249282772
"1779",2022-03-16 00:14:50,1,373,300,47.6359079646116,5.59025319720123
"1780",2022-03-16 00:14:55,1,373,300,47.6323570081175,5.35204255906227
"1781",2022-03-16 00:15:00,1,373,300,47.8949253299444,4.91305201552358
"1782",2022-03-16 00:15:05,1,373,300,46.519476799517,5.45586755574822
"1783",2022-03-16 00:15:10,1,373,300,49.1330758327252,5.32615796468001
"1784",2022-03-16 00:15:15,1,373,300,47.2782934180089,5.59831301735896
"1785",2022-03-16 00:15:20,1,373,300,47.7790533842383,5.48736021981634
"1786",2022-03-16 00:15:25,1,373,300,49.0803927769842,5.38126052902519
"1787",2022-03-16 00:15:30,1,373,300,47.606748094694,5.07575992852053
"1788",2022-03-16 00:15:35,1,373,300,47.2720165055716,5.31624040120619
"1789",2022-03-16 00:15:40,1,373,300,47.5341247991255,5.25826764483595
"1790",2022-03-16 00:15:45,1,373,300,47.7387984017863,5.25371847963027
"1791",2022-03-16 00:15:50,1,373,300,47.6787406523763,5.73518880098804
"1792",2022-03-16 00:15:55,1,373,300,49.0336357606917,5.29911681693472
"1793",2022-03-16 00:16:00,1,373,300,48.5885824362145,5.40230428092852
"1794",2022-03-16 00:16:05,1,373,300,47.1171723040318,5.15840348121027
"1795",2022-03-16 00:16:10,1,373,300,48.6236235294304,5.23808982806268
"1796",2022-03-16 00:16:15,1,373,300,47.5030776425442,5.19113945820885
"1797",2022-03-16 00:16:20,1,373,300,47.5667937766533,5.61384552102254
"1798",2022-03-16 00:16:25,1,373,300,45.7852331169964,5.43552463759511
"1799",2022-03-16 00:16:30,1,373,300,47.3943036421085,5.22045466866255
"1800",2022-03-16 00:16:35,1,373,300,47.9431580850998,5.691316495746
"1801",2022-03-17 00:00:00,2,303,100,49.1171858148257,6.01378211081732
"1802",2022-03-17 00:00:05,2,303,100,49.9789895519948,5.69200450746777
"1803",2022-03-17 00:00:10,2,303,100,47.5339021517981,5.31134859206427
"1804",2022-03-17 00:00:15,2,303,100,48.5397923363988,5.31003371373793
"1805",2022-03-17 00:00:20,2,303,100,48.1997443227032,6.08547690037791
"1806",2022-03-17 00:00:25,2,303,100,49.6816823877235,5.95267258024986
"1807",2022-03-17 00:00:30,2,303,100,48.64901953873,5.92164059199283
"1808",2022-03-17 00:00:35,2,303,100,48.2060407833634,6.05544097154961
"1809",2022-03-17 00:00:40,2,303,100,49.3199010643357,5.91546947992586
"1810",2022-03-17 00:00:45,2,303,100,47.6017236198079,5.87134874814596
"1811",2022-03-17 00:00:50,2,303,100,47.7996349011423,5.86496448148463
"1812",2022-03-17 00:00:55,2,303,100,48.0050005677335,6.25122478045305
"1813",2022-03-17 00:01:00,2,303,100,49.9264352145081,5.74110880044518
"1814",2022-03-17 00:01:05,2,303,100,49.0722186775935,5.7514772969641
"1815",2022-03-17 00:01:10,2,303,100,49.5699374345418,5.69170826440467
"1816",2022-03-17 00:01:15,2,303,100,49.341338898418,5.67303784890647
"1817",2022-03-17 00:01:20,2,303,100,48.1421379101403,5.80493976426577
"1818",2022-03-17 00:01:25,2,303,100,48.5210759498801,6.40714918016315
"1819",2022-03-17 00:01:30,2,303,100,48.0667960312019,5.73945716603367
"1820",2022-03-17 00:01:35,2,303,100,47.9965487126013,6.76529289991963
"1821",2022-03-17 00:01:40,2,303,100,51.4473875018642,5.74650021881897
"1822",2022-03-17 00:01:45,2,303,100,45.9448926225725,5.32320694612175
"1823",2022-03-17 00:01:50,2,303,100,48.8497961325464,5.69696475706141
"1824",2022-03-17 00:01:55,2,303,100,50.0134564910727,5.86425064447154
"1825",2022-03-17 00:02:00,2,303,100,48.6401052212065,5.97351510237104
"1826",2022-03-17 00:02:05,2,303,100,47.8023293022943,5.73318829549875
"1827",2022-03-17 00:02:10,2,303,100,47.9940187531909,6.37811232342358
"1828",2022-03-17 00:02:15,2,303,100,45.0285569183451,6.02999943163576
"1829",2022-03-17 00:02:20,2,303,100,48.2241684391094,5.51216276533497
"1830",2022-03-17 00:02:25,2,303,100,49.5534480677065,5.59534096308502
"1831",2022-03-17 00:02:30,2,303,100,48.9429684953339,5.81753797038038
"1832",2022-03-17 00:02:35,2,303,100,47.0034812133955,5.86569295527101
"1833",2022-03-17 00:02:40,2,303,100,46.8284455300706,5.6476876621763
"1834",2022-03-17 00:02:45,2,303,100,47.5577373893448,5.77604462987456
"1835",2022-03-17 00:02:50,2,303,100,49.309068122321,5.35329575514299
"1836",2022-03-17 00:02:55,2,303,100,50.1960397551283,5.98050120564685
"1837",2022-03-17 00:03:00,2,303,100,50.6639743845778,5.63915882386068
"1838",2022-03-17 00:03:05,2,303,100,44.9942511812693,5.40254525754741
"1839",2022-03-17 00:03:10,2,303,100,49.1859211812239,5.61119740172298
"1840",2022-03-17 00:03:15,2,303,100,50.2475624223006,5.528690565539
"1841",2022-03-17 00:03:20,2,303,100,47.832272240563,5.10331595371469
"1842",2022-03-17 00:03:25,2,303,100,47.0941786843069,5.509924354132
"1843",2022-03-17 00:03:30,2,303,100,47.3635664292271,6.11212987269169
"1844",2022-03-17 00:03:35,2,303,100,49.5858179564177,6.18162482698183
"1845",2022-03-17 00:03:40,2,303,100,49.0620893883688,5.61859305469636
"1846",2022-03-17 00:03:45,2,303,100,48.0757705250988,5.71163047660199
"1847",2022-03-17 00:03:50,2,303,100,49.6808747825599,6.16850584010423
"1848",2022-03-17 00:03:55,2,303,100,48.2344052464281,5.97271842698607
"1849",2022-03-17 00:04:00,2,303,100,48.4065472207472,5.71201058515345
"1850",2022-03-17 00:04:05,2,303,100,47.9929247630307,5.95968610995109
"1851",2022-03-17 00:04:10,2,303,100,47.4998085168424,6.08828120616094
"1852",2022-03-17 00:04:15,2,303,100,48.4758299683215,6.12860061848339
"1853",2022-03-17 00:04:20,2,303,100,46.8805391195661,6.12551329873146
"1854",2022-03-17 00:04:25,2,303,100,46.2217288065069,6.55828403688064
"1855",2022-03-17 00:04:30,2,303,100,49.7172936681022,6.19110101624503
"1856",2022-03-17 00:04:35,2,303,100,49.2371040959164,6.13242058384316
"1857",2022-03-17 00:04:40,2,303,100,49.2891837618955,5.6782241356451
"1858",2022-03-17 00:04:45,2,303,100,48.0946426078518,5.72486335409125
"1859",2022-03-17 00:04:50,2,303,100,48.9373013817807,5.74295011259796
"1860",2022-03-17 00:04:55,2,303,100,50.8165464014313,5.76656278418473
"1861",2022-03-17 00:05:00,2,303,100,48.0630559099846,5.81544894985968
"1862",2022-03-17 00:05:05,2,303,100,48.9934730187753,6.32365811250196
"1863",2022-03-17 00:05:10,2,303,100,51.4294473214057,5.94602490620791
"1864",2022-03-17 00:05:15,2,303,100,49.2461568950463,5.59545518667851
"1865",2022-03-17 00:05:20,2,303,100,47.6361705533421,5.98952835331467
"1866",2022-03-17 00:05:25,2,303,100,48.2729840310633,5.33141625459675
"1867",2022-03-17 00:05:30,2,303,100,49.7676308698079,6.1169015594991
"1868",2022-03-17 00:05:35,2,303,100,48.6683142366809,5.55885964199202
"1869",2022-03-17 00:05:40,2,303,100,48.883323814207,5.68360520837318
"1870",2022-03-17 00:05:45,2,303,100,48.8999980289125,5.67223976148009
"1871",2022-03-17 00:05:50,2,303,100,49.9687723155323,5.62657831992727
"1872",2022-03-17 00:05:55,2,303,100,47.6433553954416,5.58319282904377
"1873",2022-03-17 00:06:00,2,303,100,51.719571523529,5.48228767818052
"1874",2022-03-17 00:06:05,2,303,100,48.5827180119758,5.28779547912059
"1875",2022-03-17 00:06:10,2,303,100,48.2578728743708,5.55697315659242
"1876",2022-03-17 00:06:15,2,303,100,50.8976315321857,5.78141386060168
"1877",2022-03-17 00:06:20,2,303,100,47.1201205956491,5.92472862717841
"1878",2022-03-17 00:06:25,2,303,100,50.5886438717421,5.79642144837557
"1879",2022-03-17 00:06:30,2,303,100,47.2719718106347,5.92008558012122
"1880",2022-03-17 00:06:35,2,303,100,49.5401862149979,5.5076900138462
"1881",2022-03-17 00:06:40,2,303,100,47.9423203234423,6.04394406816363
"1882",2022-03-17 00:06:45,2,303,100,49.2546943105918,5.28622398337901
"1883",2022-03-17 00:06:50,2,303,100,49.7712108461205,5.70430561927845
"1884",2022-03-17 00:06:55,2,303,100,47.372211970741,6.12586011490424
"1885",2022-03-17 00:07:00,2,303,100,48.1527971335892,6.4074168601522
"1886",2022-03-17 00:07:05,2,303,100,50.6473244615923,5.57825709493313
"1887",2022-03-17 00:07:10,2,303,100,46.6516936123173,6.2351722041025
"1888",2022-03-17 00:07:15,2,303,100,46.3785721789717,5.80103150772728
"1889",2022-03-17 00:07:20,2,303,100,47.8785034910819,5.82604544279213
"1890",2022-03-17 00:07:25,2,303,100,47.9789848000338,6.78941075907188
"1891",2022-03-17 00:07:30,2,303,100,47.9304801550355,5.5578314436117
"1892",2022-03-17 00:07:35,2,303,100,49.583718951883,6.02988044219685
"1893",2022-03-17 00:07:40,2,303,100,46.297919992339,6.34305437120484
"1894",2022-03-17 00:07:45,2,303,100,48.6875516760055,5.76703816350753
"1895",2022-03-17 00:07:50,2,303,100,47.2905957406859,5.88540191885102
"1896",2022-03-17 00:07:55,2,303,100,48.6670204765661,5.88436750233953
"1897",2022-03-17 00:08:00,2,303,100,49.0797175598847,5.75037266576528
"1898",2022-03-17 00:08:05,2,303,100,48.4654850011942,5.98233546535541
"1899",2022-03-17 00:08:10,2,303,100,49.3219739587133,6.06724009220819
"1900",2022-03-17 00:08:15,2,303,100,49.4164152563144,5.51206341641634
"1901",2022-03-17 00:08:20,2,303,100,48.8633974942012,5.51106315718418
"1902",2022-03-17 00:08:25,2,303,100,48.1176174584997,5.73796006525007
"1903",2022-03-17 00:08:30,2,303,100,48.7909214868508,5.27469998350575
"1904",2022-03-17 00:08:35,2,303,100,48.5004871074146,5.77483816383575
"1905",2022-03-17 00:08:40,2,303,100,49.5655615373747,5.51956705904996
"1906",2022-03-17 00:08:45,2,303,100,48.3641558994811,5.41217552736368
"1907",2022-03-17 00:08:50,2,303,100,49.8491126938096,5.32495526109229
"1908",2022-03-17 00:08:55,2,303,100,48.5019703633181,6.4521746014161
"1909",2022-03-17 00:09:00,2,303,100,49.343552260518,6.13338297833242
"1910",2022-03-17 00:09:05,2,303,100,48.516795446987,5.90800357745417
"1911",2022-03-17 00:09:10,2,303,100,50.4988220849293,6.06205967689363
"1912",2022-03-17 00:09:15,2,303,100,49.0877033650634,5.91127478138859
"1913",2022-03-17 00:09:20,2,303,100,47.90395309264,5.31757582905625
"1914",2022-03-17 00:09:25,2,303,100,48.1312479108272,5.36618047008199
"1915",2022-03-17 00:09:30,2,303,100,48.7819107886782,5.86027294029449
"1916",2022-03-17 00:09:35,2,303,100,46.1467995534619,5.69684293094018
"1917",2022-03-17 00:09:40,2,303,100,47.9413118055742,5.79730872079474
"1918",2022-03-17 00:09:45,2,303,100,47.430883827834,6.48392109341669
"1919",2022-03-17 00:09:50,2,303,100,47.8183726824801,5.71730458708253
"1920",2022-03-17 00:09:55,2,303,100,49.5396952131773,5.7409751543864
"1921",2022-03-17 00:10:00,2,303,100,47.6767626806328,6.03191614165175
"1922",2022-03-17 00:10:05,2,303,100,51.2205502820842,5.25112794989761
"1923",2022-03-17 00:10:10,2,303,100,47.0283571792638,5.67022786748637
"1924",2022-03-17 00:10:15,2,303,100,49.6117678582364,6.12797020827834
"1925",2022-03-17 00:10:20,2,303,100,48.5626955879965,6.20654038547121
"1926",2022-03-17 00:10:25,2,303,100,48.7186563615662,5.96716175747577
"1927",2022-03-17 00:10:30,2,303,100,48.3713387309522,5.58272207417855
"1928",2022-03-17 00:10:35,2,303,100,49.3497345658976,5.88838039123435
"1929",2022-03-17 00:10:40,2,303,100,49.7958089951837,5.52807094673258
"1930",2022-03-17 00:10:45,2,303,100,49.3290717837744,5.78959438328108
"1931",2022-03-17 00:10:50,2,303,100,49.4074549055057,5.34417508184261
"1932",2022-03-17 00:10:55,2,303,100,51.7948875885007,6.34752859039637
"1933",2022-03-17 00:11:00,2,303,100,48.9701278628038,5.63247102786539
"1934",2022-03-17 00:11:05,2,303,100,49.6030911163665,6.1930380555708
"1935",2022-03-17 00:11:10,2,303,100,48.60491059647,6.05898136064817
"1936",2022-03-17 00:11:15,2,303,100,47.845837702387,5.40430383595222
"1937",2022-03-17 00:11:20,2,303,100,51.2911751558306,6.11728432077958
"1938",2022-03-17 00:11:25,2,303,100,48.4427916765584,4.97738213677696
"1939",2022-03-17 00:11:30,2,303,100,47.1701871579239,5.9967119507091
"1940",2022-03-17 00:11:35,2,303,100,47.9660517677707,6.34799206698365
"1941",2022-03-17 00:11:40,2,303,100,50.4657383098425,6.02071507286381
"1942",2022-03-17 00:11:45,2,303,100,51.6341065441595,6.05734470980398
"1943",2022-03-17 00:11:50,2,303,100,49.7083068543085,6.11967098457328
"1944",2022-03-17 00:11:55,2,303,100,46.2861809135236,5.72834495512942
"1945",2022-03-17 00:12:00,2,303,100,49.0882983037996,6.22162561533156
"1946",2022-03-17 00:12:05,2,303,100,48.9944103284934,5.36471598073513
"1947",2022-03-17 00:12:10,2,303,100,46.5379392337454,6.01546005408608
"1948",2022-03-17 00:12:15,2,303,100,47.4888440842691,6.21176659381559
"1949",2022-03-17 00:12:20,2,303,100,48.0284407049146,6.01285412411121
"1950",2022-03-17 00:12:25,2,303,100,48.7642069617321,5.82244023768739
"1951",2022-03-17 00:12:30,2,303,100,48.8556637853015,5.57288675822899
"1952",2022-03-17 00:12:35,2,303,100,49.0211982121555,6.45114034854544
"1953",2022-03-17 00:12:40,2,303,100,48.7524885605038,6.11802137992347
"1954",2022-03-17 00:12:45,2,303,100,48.8916075695779,5.67232494832791
"1955",2022-03-17 00:12:50,2,303,100,47.7016375534976,5.63599065898803
"1956",2022-03-17 00:12:55,2,303,100,47.1184063787112,5.788087940958
"1957",2022-03-17 00:13:00,2,303,100,46.8501636586621,5.48545789596544
"1958",2022-03-17 00:13:05,2,303,100,47.1052006432656,6.22379955032764
"1959",2022-03-17 00:13:10,2,303,100,49.6485734809661,6.33995144509651
"1960",2022-03-17 00:13:15,2,303,100,48.4086368749476,5.80220124547508
"1961",2022-03-17 00:13:20,2,303,100,49.5414305913343,5.60223337826969
"1962",2022-03-17 00:13:25,2,303,100,47.8978874772517,5.70557554160405
"1963",2022-03-17 00:13:30,2,303,100,48.777669131902,5.72231925655771
"1964",2022-03-17 00:13:35,2,303,100,45.5062159903344,5.95003268925455
"1965",2022-03-17 00:13:40,2,303,100,48.0277310713488,6.29984253179687
"1966",2022-03-17 00:13:45,2,303,100,46.6812205970592,5.580174668107
"1967",2022-03-17 00:13:50,2,303,100,48.2444960318514,5.68815415004981
"1968",2022-03-17 00:13:55,2,303,100,49.1410145943509,5.78833336313417
"1969",2022-03-17 00:14:00,2,303,100,47.0520798823473,5.97112286706142
"1970",2022-03-17 00:14:05,2,303,100,48.720137531761,5.87553100329335
"1971",2022-03-17 00:14:10,2,303,100,49.0550322862719,5.94300268033239
"1972",2022-03-17 00:14:15,2,303,100,48.1386642494382,5.30410680692983
"1973",2022-03-17 00:14:20,2,303,100,48.4166430924092,5.85544153530307
"1974",2022-03-17 00:14:25,2,303,100,51.0272300425208,5.49427690869923
"1975",2022-03-17 00:14:30,2,303,100,50.4234887175507,6.61854943328088
"1976",2022-03-17 00:14:35,2,303,100,46.7676430820888,6.28025717156948
"1977",2022-03-17 00:14:40,2,303,100,49.6848795474038,6.28337898995666
"1978",2022-03-17 00:14:45,2,303,100,47.2553821664755,5.64480344139556
"1979",2022-03-17 00:14:50,2,303,100,47.9196172404617,5.85939067078168
"1980",2022-03-17 00:14:55,2,303,100,46.4252847414982,6.06655293636672
"1981",2022-03-17 00:15:00,2,303,100,48.3040085500965,6.05264768657072
"1982",2022-03-17 00:15:05,2,303,100,47.9027814947671,5.42178287685962
"1983",2022-03-17 00:15:10,2,303,100,47.862588986133,5.78715803380398
"1984",2022-03-17 00:15:15,2,303,100,47.5315946394342,5.54640710891793
"1985",2022-03-17 00:15:20,2,303,100,50.5015869262545,6.04120742866549
"1986",2022-03-17 00:15:25,2,303,100,52.5153001671275,5.89859758235027
"1987",2022-03-17 00:15:30,2,303,100,47.6104059979425,5.44300622100121
"1988",2022-03-17 00:15:35,2,303,100,49.8619538795811,5.70582944405397
"1989",2022-03-17 00:15:40,2,303,100,49.6811332838878,5.43470014383152
"1990",2022-03-17 00:15:45,2,303,100,48.1506472886186,5.80768167021605
"1991",2022-03-17 00:15:50,2,303,100,47.6429678675155,5.56887108483142
"1992",2022-03-17 00:15:55,2,303,100,47.4124889533658,6.2124205132474
"1993",2022-03-17 00:16:00,2,303,100,46.6694147309109,5.36151616516614
"1994",2022-03-17 00:16:05,2,303,100,47.9819811856363,5.75511963772131
"1995",2022-03-17 00:16:10,2,303,100,47.6250335176631,5.64046593843497
"1996",2022-03-17 00:16:15,2,303,100,50.0615611004623,6.0083506571446
"1997",2022-03-17 00:16:20,2,303,100,47.1291748792142,5.42002868449065
"1998",2022-03-17 00:16:25,2,303,100,48.827022594987,5.85789031577394
"1999",2022-03-17 00:16:30,2,303,100,47.8921985231176,5.19764930242511
"2000",2022-03-17 00:16:35,2,303,100,47.8520488678326,6.94013448920748
"2001",2022-03-18 00:00:00,2,303,200,51.3459173982291,6.18460286607019
"2002",2022-03-18 00:00:05,2,303,200,48.0117306261336,5.44828216541077
"2003",2022-03-18 00:00:10,2,303,200,46.8248589307437,5.82229616297988
"2004",2022-03-18 00:00:15,2,303,200,47.6064832598491,6.32490423810589
"2005",2022-03-18 00:00:20,2,303,200,47.8310338547211,5.69157636841629
"2006",2022-03-18 00:00:25,2,303,200,46.9948195053564,5.86241886117765
"2007",2022-03-18 00:00:30,2,303,200,48.9301780234942,4.98740905265765
"2008",2022-03-18 00:00:35,2,303,200,49.8074969988531,5.27321513644595
"2009",2022-03-18 00:00:40,2,303,200,46.9301423113799,6.56457328494352
"2010",2022-03-18 00:00:45,2,303,200,50.9769682292819,5.72823668372799
"2011",2022-03-18 00:00:50,2,303,200,48.55743098532,6.50729844361154
"2012",2022-03-18 00:00:55,2,303,200,47.7873655212116,6.36880501113217
"2013",2022-03-18 00:01:00,2,303,200,49.2983044080566,5.84885008813248
"2014",2022-03-18 00:01:05,2,303,200,46.916223012443,5.46825342591367
"2015",2022-03-18 00:01:10,2,303,200,48.8226018674947,5.87626418688706
"2016",2022-03-18 00:01:15,2,303,200,50.9748819075144,5.87593783243583
"2017",2022-03-18 00:01:20,2,303,200,48.5209831711401,5.36321586210824
"2018",2022-03-18 00:01:25,2,303,200,50.98566660756,5.82414426171517
"2019",2022-03-18 00:01:30,2,303,200,47.1639180118162,6.11477296750831
"2020",2022-03-18 00:01:35,2,303,200,49.5615387452123,5.67310988165117
"2021",2022-03-18 00:01:40,2,303,200,49.4019481804408,6.13576290751467
"2022",2022-03-18 00:01:45,2,303,200,49.1331235364424,5.85483901674072
"2023",2022-03-18 00:01:50,2,303,200,50.9634302663534,5.49114679968531
"2024",2022-03-18 00:01:55,2,303,200,47.4847578756502,5.68659112856611
"2025",2022-03-18 00:02:00,2,303,200,48.4377495333226,5.74664573488287
"2026",2022-03-18 00:02:05,2,303,200,47.1468307245979,5.93449786113639
"2027",2022-03-18 00:02:10,2,303,200,47.6580409768507,6.16800640353787
"2028",2022-03-18 00:02:15,2,303,200,47.2210997593758,6.07798816997447
"2029",2022-03-18 00:02:20,2,303,200,49.250328649843,5.63632143153121
"2030",2022-03-18 00:02:25,2,303,200,46.2307310047036,6.24517993020299
"2031",2022-03-18 00:02:30,2,303,200,49.3564886719715,5.69521632763871
"2032",2022-03-18 00:02:35,2,303,200,47.3518855591781,5.29121120603267
"2033",2022-03-18 00:02:40,2,303,200,48.8338010622226,6.66101238705609
"2034",2022-03-18 00:02:45,2,303,200,47.6705283604633,5.62945784132596
"2035",2022-03-18 00:02:50,2,303,200,49.781625061757,5.48656859767915
"2036",2022-03-18 00:02:55,2,303,200,47.979975569762,5.61678999026121
"2037",2022-03-18 00:03:00,2,303,200,49.6424724418206,5.38271416947103
"2038",2022-03-18 00:03:05,2,303,200,48.6508863405093,5.79718250199461
"2039",2022-03-18 00:03:10,2,303,200,48.5581684043073,6.22442925642501
"2040",2022-03-18 00:03:15,2,303,200,49.5328040465445,5.35503626455688
"2041",2022-03-18 00:03:20,2,303,200,48.3999045045041,5.51032246764388
"2042",2022-03-18 00:03:25,2,303,200,49.832112009904,6.09950468329969
"2043",2022-03-18 00:03:30,2,303,200,49.2628038252908,5.8606231176291
"2044",2022-03-18 00:03:35,2,303,200,48.0967191532978,5.28254583798012
"2045",2022-03-18 00:03:40,2,303,200,45.7867928045776,5.75803596429345
"2046",2022-03-18 00:03:45,2,303,200,47.7044911778941,6.25389650281494
"2047",2022-03-18 00:03:50,2,303,200,48.7571492579074,6.03953468429052
"2048",2022-03-18 00:03:55,2,303,200,45.4942378888959,5.83124680482642
"2049",2022-03-18 00:04:00,2,303,200,48.2823717167659,5.64206635025549
"2050",2022-03-18 00:04:05,2,303,200,49.159410252336,5.78664288014496
"2051",2022-03-18 00:04:10,2,303,200,47.917022899229,5.98715135745722
"2052",2022-03-18 00:04:15,2,303,200,45.4063742304194,5.71559826394672
"2053",2022-03-18 00:04:20,2,303,200,48.1175965932131,6.20384409210335
"2054",2022-03-18 00:04:25,2,303,200,48.9018721334257,5.77964191120534
"2055",2022-03-18 00:04:30,2,303,200,49.4340632256281,5.62773871534073
"2056",2022-03-18 00:04:35,2,303,200,48.0114804531992,6.01592769528368
"2057",2022-03-18 00:04:40,2,303,200,47.6968421751649,5.46689580944633
"2058",2022-03-18 00:04:45,2,303,200,48.8798222730519,6.13977336362547
"2059",2022-03-18 00:04:50,2,303,200,49.3068309377962,5.81381881300482
"2060",2022-03-18 00:04:55,2,303,200,49.3104591375071,5.81993732363152
"2061",2022-03-18 00:05:00,2,303,200,47.7902644544097,5.73914047906512
"2062",2022-03-18 00:05:05,2,303,200,48.8718971360531,5.81089889800073
"2063",2022-03-18 00:05:10,2,303,200,47.6429182033752,5.59985638068125
"2064",2022-03-18 00:05:15,2,303,200,47.024093724886,5.71964245745624
"2065",2022-03-18 00:05:20,2,303,200,47.3855085956466,6.23927463603514
"2066",2022-03-18 00:05:25,2,303,200,49.4690983924733,6.11130763587964
"2067",2022-03-18 00:05:30,2,303,200,48.3306476650644,5.51561756932753
"2068",2022-03-18 00:05:35,2,303,200,48.1818855624605,5.79408870587801
"2069",2022-03-18 00:05:40,2,303,200,48.5338695943125,5.60008370728982
"2070",2022-03-18 00:05:45,2,303,200,49.6646429759336,6.25399824034093
"2071",2022-03-18 00:05:50,2,303,200,49.3993647181051,6.10634313034785
"2072",2022-03-18 00:05:55,2,303,200,49.1856725371046,6.18983071465927
"2073",2022-03-18 00:06:00,2,303,200,47.1519113690313,5.69124010459834
"2074",2022-03-18 00:06:05,2,303,200,49.1480502636743,6.20959459672912
"2075",2022-03-18 00:06:10,2,303,200,49.7521617352627,6.19502983541375
"2076",2022-03-18 00:06:15,2,303,200,51.331875199891,6.03714421563657
"2077",2022-03-18 00:06:20,2,303,200,48.7656756660853,5.83246386406467
"2078",2022-03-18 00:06:25,2,303,200,47.6197389770042,5.68067482722643
"2079",2022-03-18 00:06:30,2,303,200,46.8284199420598,6.11469455571045
"2080",2022-03-18 00:06:35,2,303,200,48.8308377145028,5.41419915510766
"2081",2022-03-18 00:06:40,2,303,200,48.6009180527049,5.97174085663126
"2082",2022-03-18 00:06:45,2,303,200,48.695381110789,5.72030332824528
"2083",2022-03-18 00:06:50,2,303,200,47.9670882408103,5.8607881401773
"2084",2022-03-18 00:06:55,2,303,200,49.661503102108,5.8301177141877
"2085",2022-03-18 00:07:00,2,303,200,47.5803188692892,5.79423476747234
"2086",2022-03-18 00:07:05,2,303,200,47.4484087469434,6.18655472574007
"2087",2022-03-18 00:07:10,2,303,200,48.4242868041821,5.77268492714759
"2088",2022-03-18 00:07:15,2,303,200,46.7841342026024,5.61682060501259
"2089",2022-03-18 00:07:20,2,303,200,46.6722184430223,5.89672157986022
"2090",2022-03-18 00:07:25,2,303,200,48.9811223885119,5.99293434808934
"2091",2022-03-18 00:07:30,2,303,200,50.0209621371218,5.99694394732619
"2092",2022-03-18 00:07:35,2,303,200,49.6747558554632,6.39651781569718
"2093",2022-03-18 00:07:40,2,303,200,48.7099465318771,5.91211958202349
"2094",2022-03-18 00:07:45,2,303,200,48.6268524171519,6.05362339724355
"2095",2022-03-18 00:07:50,2,303,200,46.9489093280968,5.18418008017179
"2096",2022-03-18 00:07:55,2,303,200,46.5501803706047,5.88018819764141
"2097",2022-03-18 00:08:00,2,303,200,49.131791340712,6.06367341972365
"2098",2022-03-18 00:08:05,2,303,200,46.9922893055094,5.87711018297248
"2099",2022-03-18 00:08:10,2,303,200,49.1230737724491,5.83859182602511
"2100",2022-03-18 00:08:15,2,303,200,50.6343544019743,5.65356763977248
"2101",2022-03-18 00:08:20,2,303,200,50.742026460562,5.99824615648663
"2102",2022-03-18 00:08:25,2,303,200,49.2528095026486,5.57940780038997
"2103",2022-03-18 00:08:30,2,303,200,49.9241392527359,5.81441117348635
"2104",2022-03-18 00:08:35,2,303,200,47.5874988250404,5.83398993332112
"2105",2022-03-18 00:08:40,2,303,200,46.6367538066552,5.91943116247632
"2106",2022-03-18 00:08:45,2,303,200,50.4084411774313,6.08252155787901
"2107",2022-03-18 00:08:50,2,303,200,48.4255493477073,5.97124162009415
"2108",2022-03-18 00:08:55,2,303,200,47.5711009582774,5.9116406011225
"2109",2022-03-18 00:09:00,2,303,200,47.8449388287767,5.89746386622152
"2110",2022-03-18 00:09:05,2,303,200,48.850216104357,5.92657313861057
"2111",2022-03-18 00:09:10,2,303,200,48.2560822006304,6.21000874386116
"2112",2022-03-18 00:09:15,2,303,200,49.9413360346445,5.73426119518201
"2113",2022-03-18 00:09:20,2,303,200,46.8686276638514,5.48971987080255
"2114",2022-03-18 00:09:25,2,303,200,48.3195972318179,6.02231780433565
"2115",2022-03-18 00:09:30,2,303,200,48.3557222456052,5.086381630612
"2116",2022-03-18 00:09:35,2,303,200,46.1972146998225,6.12582249964172
"2117",2022-03-18 00:09:40,2,303,200,50.1637266019489,5.82355680582785
"2118",2022-03-18 00:09:45,2,303,200,48.5626572595397,5.64415701012451
"2119",2022-03-18 00:09:50,2,303,200,50.752063284054,5.7624124368749
"2120",2022-03-18 00:09:55,2,303,200,49.839610775634,5.69052344113567
"2121",2022-03-18 00:10:00,2,303,200,49.7096561212528,6.17029561717187
"2122",2022-03-18 00:10:05,2,303,200,48.4658588067911,6.0328847117921
"2123",2022-03-18 00:10:10,2,303,200,48.7827839217946,5.10721883670266
"2124",2022-03-18 00:10:15,2,303,200,51.1721043566718,5.79888381841221
"2125",2022-03-18 00:10:20,2,303,200,48.7293264818962,6.19442191292833
"2126",2022-03-18 00:10:25,2,303,200,47.383582633946,5.67677854317387
"2127",2022-03-18 00:10:30,2,303,200,51.098133862722,5.73741440944874
"2128",2022-03-18 00:10:35,2,303,200,48.5425325360812,6.05089614350503
"2129",2022-03-18 00:10:40,2,303,200,48.2820524263345,5.64511083189846
"2130",2022-03-18 00:10:45,2,303,200,48.756182989949,5.95410207051993
"2131",2022-03-18 00:10:50,2,303,200,48.230390466483,5.74697765874052
"2132",2022-03-18 00:10:55,2,303,200,46.5644664379312,5.60005301516967
"2133",2022-03-18 00:11:00,2,303,200,47.121574827378,6.41053378967763
"2134",2022-03-18 00:11:05,2,303,200,47.1111113398644,6.1459710859724
"2135",2022-03-18 00:11:10,2,303,200,45.6315742216227,5.96250685233802
"2136",2022-03-18 00:11:15,2,303,200,46.1234459678572,5.5080494035039
"2137",2022-03-18 00:11:20,2,303,200,44.8773764506666,5.53573712396904
"2138",2022-03-18 00:11:25,2,303,200,45.5777015736983,6.25905775814756
"2139",2022-03-18 00:11:30,2,303,200,47.7147488460337,5.70408640001431
"2140",2022-03-18 00:11:35,2,303,200,46.7917448002322,5.9288868683884
"2141",2022-03-18 00:11:40,2,303,200,47.4586182101792,5.72319746587535
"2142",2022-03-18 00:11:45,2,303,200,48.499306563903,6.08285513938062
"2143",2022-03-18 00:11:50,2,303,200,47.7456683739883,5.65126005561824
"2144",2022-03-18 00:11:55,2,303,200,47.4625964354052,5.86448631911079
"2145",2022-03-18 00:12:00,2,303,200,48.1715371648963,5.94943797549827
"2146",2022-03-18 00:12:05,2,303,200,49.3130766479171,5.85266058743821
"2147",2022-03-18 00:12:10,2,303,200,49.7908965398064,5.85440003344518
"2148",2022-03-18 00:12:15,2,303,200,49.4850268693989,5.67819308969356
"2149",2022-03-18 00:12:20,2,303,200,48.6652258970607,5.83186713680982
"2150",2022-03-18 00:12:25,2,303,200,48.8549662696157,5.47476957714466
"2151",2022-03-18 00:12:30,2,303,200,47.2080708461068,6.11052475656156
"2152",2022-03-18 00:12:35,2,303,200,49.6042320057067,5.843272660732
"2153",2022-03-18 00:12:40,2,303,200,50.8925054719716,6.25302666960584
"2154",2022-03-18 00:12:45,2,303,200,47.8572078645878,5.92531968293549
"2155",2022-03-18 00:12:50,2,303,200,49.7872036497304,6.45045093704365
"2156",2022-03-18 00:12:55,2,303,200,50.6871484002941,6.17889762698513
"2157",2022-03-18 00:13:00,2,303,200,47.2898233895044,6.04176812529717
"2158",2022-03-18 00:13:05,2,303,200,48.845510127953,6.02307323634913
"2159",2022-03-18 00:13:10,2,303,200,48.1318200342728,5.75947159570735
"2160",2022-03-18 00:13:15,2,303,200,47.8118896875203,5.83194649310081
"2161",2022-03-18 00:13:20,2,303,200,51.5308189371109,6.09713762312091
"2162",2022-03-18 00:13:25,2,303,200,47.1633224148793,5.93641068978147
"2163",2022-03-18 00:13:30,2,303,200,49.4580152695969,5.83278386507977
"2164",2022-03-18 00:13:35,2,303,200,48.5729391520389,5.96488464474151
"2165",2022-03-18 00:13:40,2,303,200,48.8638640928126,5.68319375483698
"2166",2022-03-18 00:13:45,2,303,200,47.3341077706025,5.36897671893441
"2167",2022-03-18 00:13:50,2,303,200,47.2855525945033,6.15030073828457
"2168",2022-03-18 00:13:55,2,303,200,48.6803557856391,6.19481595155996
"2169",2022-03-18 00:14:00,2,303,200,50.9778498884921,6.13657660949936
"2170",2022-03-18 00:14:05,2,303,200,46.0906828351299,5.73864755201879
"2171",2022-03-18 00:14:10,2,303,200,48.2661698207902,5.94981659742869
"2172",2022-03-18 00:14:15,2,303,200,48.4334998770363,5.98353110138116
"2173",2022-03-18 00:14:20,2,303,200,49.8279992213845,5.2267108795484
"2174",2022-03-18 00:14:25,2,303,200,48.8090659401532,5.89188047401887
"2175",2022-03-18 00:14:30,2,303,200,51.366993817997,5.47764113978406
"2176",2022-03-18 00:14:35,2,303,200,49.3642616575546,5.67085157434671
"2177",2022-03-18 00:14:40,2,303,200,50.294239365204,5.49177584333341
"2178",2022-03-18 00:14:45,2,303,200,49.577489702282,5.80635039362212
"2179",2022-03-18 00:14:50,2,303,200,49.3037402364898,6.26558977713747
"2180",2022-03-18 00:14:55,2,303,200,48.8985657851496,5.62791508836189
"2181",2022-03-18 00:15:00,2,303,200,49.8016850532947,5.69231055908986
"2182",2022-03-18 00:15:05,2,303,200,47.9187760753612,5.99472853443145
"2183",2022-03-18 00:15:10,2,303,200,49.9210578467683,5.93168004165679
"2184",2022-03-18 00:15:15,2,303,200,48.745618383481,5.66169552583542
"2185",2022-03-18 00:15:20,2,303,200,50.6322082480369,6.06929434612989
"2186",2022-03-18 00:15:25,2,303,200,47.1334746652116,6.38892066431424
"2187",2022-03-18 00:15:30,2,303,200,51.2719210073019,5.76235935262244
"2188",2022-03-18 00:15:35,2,303,200,48.3857059265695,5.98430704977585
"2189",2022-03-18 00:15:40,2,303,200,47.7420440976893,5.55703491052958
"2190",2022-03-18 00:15:45,2,303,200,48.420549641779,5.75846415791969
"2191",2022-03-18 00:15:50,2,303,200,48.9836853373318,5.79970280937531
"2192",2022-03-18 00:15:55,2,303,200,47.6100916776846,6.17909097450571
"2193",2022-03-18 00:16:00,2,303,200,48.8941313423307,5.57749963432587
"2194",2022-03-18 00:16:05,2,303,200,49.8045326193901,5.59919959036773
"2195",2022-03-18 00:16:10,2,303,200,48.5850502750271,6.30406955005235
"2196",2022-03-18 00:16:15,2,303,200,47.9239144928604,5.72502415559066
"2197",2022-03-18 00:16:20,2,303,200,47.2064376122955,5.3153503513316
"2198",2022-03-18 00:16:25,2,303,200,47.3579321767747,5.73285948130323
"2199",2022-03-18 00:16:30,2,303,200,47.7697756332736,6.15743280616277
"2200",2022-03-18 00:16:35,2,303,200,48.9699218404975,5.91684854321805
"2201",2022-03-19 00:00:00,2,303,300,50.9865019092175,6.13005584588712
"2202",2022-03-19 00:00:05,2,303,300,46.8136025336109,5.85253644814647
"2203",2022-03-19 00:00:10,2,303,300,46.7119000521493,5.97598183550175
"2204",2022-03-19 00:00:15,2,303,300,49.2309883199605,5.73002869688688
"2205",2022-03-19 00:00:20,2,303,300,48.7303489106396,5.55692625205554
"2206",2022-03-19 00:00:25,2,303,300,47.3778865516691,5.34893030470998
"2207",2022-03-19 00:00:30,2,303,300,48.0668894512277,5.40009165762415
"2208",2022-03-19 00:00:35,2,303,300,47.7646601294498,5.70177288700867
"2209",2022-03-19 00:00:40,2,303,300,49.6239835849405,5.74167686197222
"2210",2022-03-19 00:00:45,2,303,300,49.0154003242474,6.35044771364612
"2211",2022-03-19 00:00:50,2,303,300,46.3826271469039,5.48297235617143
"2212",2022-03-19 00:00:55,2,303,300,46.3692885542469,6.01299995337128
"2213",2022-03-19 00:01:00,2,303,300,47.8829516847151,5.94355693922164
"2214",2022-03-19 00:01:05,2,303,300,48.9932338609236,5.44841899958609
"2215",2022-03-19 00:01:10,2,303,300,48.9837220801254,5.34589096076525
"2216",2022-03-19 00:01:15,2,303,300,48.5745781834316,5.50480758011283
"2217",2022-03-19 00:01:20,2,303,300,50.3093591059443,5.90328865569523
"2218",2022-03-19 00:01:25,2,303,300,50.6343347488207,5.78078034835923
"2219",2022-03-19 00:01:30,2,303,300,45.147781616767,5.73167531976889
"2220",2022-03-19 00:01:35,2,303,300,46.5338409193181,5.55881592199376
"2221",2022-03-19 00:01:40,2,303,300,49.6549945497607,6.26688325286927
"2222",2022-03-19 00:01:45,2,303,300,47.9535831037035,6.31684322245728
"2223",2022-03-19 00:01:50,2,303,300,48.6145469665044,6.04073197541391
"2224",2022-03-19 00:01:55,2,303,300,47.4582937530542,6.34183073049951
"2225",2022-03-19 00:02:00,2,303,300,48.2615000764887,5.87213906399426
"2226",2022-03-19 00:02:05,2,303,300,49.0751593719903,5.52710451777756
"2227",2022-03-19 00:02:10,2,303,300,47.7584370916872,5.72372007010274
"2228",2022-03-19 00:02:15,2,303,300,45.6565873694813,5.97588325309994
"2229",2022-03-19 00:02:20,2,303,300,48.326720762015,6.12177527455206
"2230",2022-03-19 00:02:25,2,303,300,49.2369119980329,5.55911284203958
"2231",2022-03-19 00:02:30,2,303,300,46.4522795861041,5.46004979639039
"2232",2022-03-19 00:02:35,2,303,300,49.6170827788905,6.14954497797921
"2233",2022-03-19 00:02:40,2,303,300,46.599052194132,6.25868476403062
"2234",2022-03-19 00:02:45,2,303,300,47.7818340838802,5.53949441163374
"2235",2022-03-19 00:02:50,2,303,300,47.5729985411114,5.70180048996826
"2236",2022-03-19 00:02:55,2,303,300,49.7714925285175,5.71844731127966
"2237",2022-03-19 00:03:00,2,303,300,49.2669006222274,5.72355032358612
"2238",2022-03-19 00:03:05,2,303,300,48.8134176108764,5.85552256498823
"2239",2022-03-19 00:03:10,2,303,300,50.1639495838398,5.84140342784955
"2240",2022-03-19 00:03:15,2,303,300,47.4567659318192,6.25005133705151
"2241",2022-03-19 00:03:20,2,303,300,45.5792482008094,5.87976448301107
"2242",2022-03-19 00:03:25,2,303,300,45.6601446566116,5.44746584819749
"2243",2022-03-19 00:03:30,2,303,300,49.3519053237484,6.18738057692071
"2244",2022-03-19 00:03:35,2,303,300,46.4341609167457,5.13494645120454
"2245",2022-03-19 00:03:40,2,303,300,49.6933346185647,5.37431605920109
"2246",2022-03-19 00:03:45,2,303,300,48.1270248101018,5.98444663702834
"2247",2022-03-19 00:03:50,2,303,300,46.7623306189846,5.94195155461791
"2248",2022-03-19 00:03:55,2,303,300,47.9291981511721,5.47849476522247
"2249",2022-03-19 00:04:00,2,303,300,49.2604521665696,6.20468576127671
"2250",2022-03-19 00:04:05,2,303,300,47.7579733196965,6.01354338727103
"2251",2022-03-19 00:04:10,2,303,300,45.1211620960389,6.08869627380879
"2252",2022-03-19 00:04:15,2,303,300,48.8929475521452,6.12638962435119
"2253",2022-03-19 00:04:20,2,303,300,47.8339261496139,5.05489182917155
"2254",2022-03-19 00:04:25,2,303,300,49.8837823837374,5.66599508965083
"2255",2022-03-19 00:04:30,2,303,300,47.8241790369208,5.6581160779588
"2256",2022-03-19 00:04:35,2,303,300,49.7686308110136,5.68173762454007
"2257",2022-03-19 00:04:40,2,303,300,47.1709342671348,6.09033986059673
"2258",2022-03-19 00:04:45,2,303,300,48.3168740108075,5.65511250187419
"2259",2022-03-19 00:04:50,2,303,300,47.8270749968117,6.32226129082341
"2260",2022-03-19 00:04:55,2,303,300,50.9856625495565,6.23135175708476
"2261",2022-03-19 00:05:00,2,303,300,49.7243466178709,5.644208083701
"2262",2022-03-19 00:05:05,2,303,300,52.2235373099243,5.86241278313509
"2263",2022-03-19 00:05:10,2,303,300,47.3565712977754,5.88399233831166
"2264",2022-03-19 00:05:15,2,303,300,48.3469787169992,5.88303768218789
"2265",2022-03-19 00:05:20,2,303,300,46.9108557736221,5.87729213585999
"2266",2022-03-19 00:05:25,2,303,300,47.4888200438577,6.00303570621894
"2267",2022-03-19 00:05:30,2,303,300,48.3552979924851,6.08940689764229
"2268",2022-03-19 00:05:35,2,303,300,49.1895711235475,5.92739120272671
"2269",2022-03-19 00:05:40,2,303,300,47.666519852418,5.62164888478684
"2270",2022-03-19 00:05:45,2,303,300,49.3050436247348,5.59827191621977
"2271",2022-03-19 00:05:50,2,303,300,46.2315718061844,5.25460718856485
"2272",2022-03-19 00:05:55,2,303,300,50.359482035065,5.63683412932676
"2273",2022-03-19 00:06:00,2,303,300,47.9085403527777,5.58478908643635
"2274",2022-03-19 00:06:05,2,303,300,45.9706087681931,5.9630853140601
"2275",2022-03-19 00:06:10,2,303,300,46.2117811398882,5.74972168669334
"2276",2022-03-19 00:06:15,2,303,300,44.7436770252435,6.07037703861396
"2277",2022-03-19 00:06:20,2,303,300,49.3259171037832,5.73886106787282
"2278",2022-03-19 00:06:25,2,303,300,49.1567237200398,6.0071636483123
"2279",2022-03-19 00:06:30,2,303,300,48.6330478635328,5.84249765142203
"2280",2022-03-19 00:06:35,2,303,300,48.7261178024989,5.79748817735125
"2281",2022-03-19 00:06:40,2,303,300,49.7743700128539,5.92267757322176
"2282",2022-03-19 00:06:45,2,303,300,49.8714827196873,5.08624635411041
"2283",2022-03-19 00:06:50,2,303,300,46.9766408802183,5.88491973789004
"2284",2022-03-19 00:06:55,2,303,300,47.3915726059277,6.36629851759884
"2285",2022-03-19 00:07:00,2,303,300,50.4343587697326,6.02741545098642
"2286",2022-03-19 00:07:05,2,303,300,49.1832783510088,5.56868177194893
"2287",2022-03-19 00:07:10,2,303,300,49.1130509173774,5.79319087863201
"2288",2022-03-19 00:07:15,2,303,300,47.832314645039,6.17281163054064
"2289",2022-03-19 00:07:20,2,303,300,49.4734697377387,5.5081285434854
"2290",2022-03-19 00:07:25,2,303,300,50.6560299879852,6.12191374870766
"2291",2022-03-19 00:07:30,2,303,300,48.6625339549235,5.87217422204565
"2292",2022-03-19 00:07:35,2,303,300,48.5310715565286,5.91934821445462
"2293",2022-03-19 00:07:40,2,303,300,50.9094365145126,5.85537882070243
"2294",2022-03-19 00:07:45,2,303,300,47.612700595664,5.97242729691586
"2295",2022-03-19 00:07:50,2,303,300,48.2043977285674,5.88823633372015
"2296",2022-03-19 00:07:55,2,303,300,48.677690711119,5.19794578414206
"2297",2022-03-19 00:08:00,2,303,300,49.4523828213075,5.30461048117153
"2298",2022-03-19 00:08:05,2,303,300,49.1109281019451,5.12526268598751
"2299",2022-03-19 00:08:10,2,303,300,48.8386636218234,6.12673311016101
"2300",2022-03-19 00:08:15,2,303,300,49.8893430384077,5.77691065175765
"2301",2022-03-19 00:08:20,2,303,300,49.8310106898683,6.07198912016306
"2302",2022-03-19 00:08:25,2,303,300,46.8235154519335,5.83151274852204
"2303",2022-03-19 00:08:30,2,303,300,48.5404624345255,5.84104381333568
"2304",2022-03-19 00:08:35,2,303,300,49.8501598570377,6.02129236787418
"2305",2022-03-19 00:08:40,2,303,300,47.831708820624,6.27948911926118
"2306",2022-03-19 00:08:45,2,303,300,49.087438544394,5.65837736701025
"2307",2022-03-19 00:08:50,2,303,300,48.8698334831014,5.71015678420531
"2308",2022-03-19 00:08:55,2,303,300,46.9449865497013,5.92311789050985
"2309",2022-03-19 00:09:00,2,303,300,50.6078544861926,6.01501083134687
"2310",2022-03-19 00:09:05,2,303,300,47.5658692424447,6.1601281370418
"2311",2022-03-19 00:09:10,2,303,300,49.8606460556749,5.96128909223794
"2312",2022-03-19 00:09:15,2,303,300,50.4519309568446,5.73869848523117
"2313",2022-03-19 00:09:20,2,303,300,50.7781073560292,5.54173651355824
"2314",2022-03-19 00:09:25,2,303,300,47.8787332320117,5.71399596130529
"2315",2022-03-19 00:09:30,2,303,300,46.6799254040162,5.71642296842353
"2316",2022-03-19 00:09:35,2,303,300,46.9519075788584,5.85629941560112
"2317",2022-03-19 00:09:40,2,303,300,48.4837839748921,6.02936249899063
"2318",2022-03-19 00:09:45,2,303,300,50.7978820531413,5.63793763783479
"2319",2022-03-19 00:09:50,2,303,300,46.1312602134251,6.1125569721109
"2320",2022-03-19 00:09:55,2,303,300,48.0860234301057,5.31882700568169
"2321",2022-03-19 00:10:00,2,303,300,47.1025309793244,6.35291644844488
"2322",2022-03-19 00:10:05,2,303,300,48.81288894085,5.88409586333388
"2323",2022-03-19 00:10:10,2,303,300,49.5086657253255,5.69583422062693
"2324",2022-03-19 00:10:15,2,303,300,50.2193382456273,5.79014041475596
"2325",2022-03-19 00:10:20,2,303,300,48.7626539328611,5.46700770765961
"2326",2022-03-19 00:10:25,2,303,300,49.2668070035116,6.14954067986957
"2327",2022-03-19 00:10:30,2,303,300,47.3034559221421,5.93427789748293
"2328",2022-03-19 00:10:35,2,303,300,47.4782540721926,5.79198089977991
"2329",2022-03-19 00:10:40,2,303,300,47.8245189291467,5.73462888410985
"2330",2022-03-19 00:10:45,2,303,300,47.1700475605166,6.21487490844126
"2331",2022-03-19 00:10:50,2,303,300,48.0022556823849,5.84719892745423
"2332",2022-03-19 00:10:55,2,303,300,49.3325021954734,5.89250126779744
"2333",2022-03-19 00:11:00,2,303,300,48.8839037647916,5.74639268303685
"2334",2022-03-19 00:11:05,2,303,300,48.2735050075143,5.94002336493867
"2335",2022-03-19 00:11:10,2,303,300,48.1488690470229,5.82366317741015
"2336",2022-03-19 00:11:15,2,303,300,49.123343000125,5.44385209990033
"2337",2022-03-19 00:11:20,2,303,300,46.6422095368457,6.1115471034252
"2338",2022-03-19 00:11:25,2,303,300,48.5239543920412,5.80553013165224
"2339",2022-03-19 00:11:30,2,303,300,48.0024763844397,5.77516047143897
"2340",2022-03-19 00:11:35,2,303,300,50.8199593619444,5.7442365634183
"2341",2022-03-19 00:11:40,2,303,300,47.1053605204777,5.86042167039275
"2342",2022-03-19 00:11:45,2,303,300,49.1807956782393,5.60038504339506
"2343",2022-03-19 00:11:50,2,303,300,49.1113570293576,5.52204656809196
"2344",2022-03-19 00:11:55,2,303,300,45.237241522096,5.71424043270438
"2345",2022-03-19 00:12:00,2,303,300,49.3019149093293,6.10644558113191
"2346",2022-03-19 00:12:05,2,303,300,49.9811903773527,5.19594266197091
"2347",2022-03-19 00:12:10,2,303,300,48.6297881708605,5.71780544564624
"2348",2022-03-19 00:12:15,2,303,300,45.4497208189944,5.68579994967905
"2349",2022-03-19 00:12:20,2,303,300,51.1367782054565,6.26847339429151
"2350",2022-03-19 00:12:25,2,303,300,47.667058824492,5.79636496655597
"2351",2022-03-19 00:12:30,2,303,300,47.6126367976006,5.81978221588387
"2352",2022-03-19 00:12:35,2,303,300,48.7348981006362,5.73241309538097
"2353",2022-03-19 00:12:40,2,303,300,48.6377625946789,5.76917854037732
"2354",2022-03-19 00:12:45,2,303,300,48.8191838861885,5.9162002816741
"2355",2022-03-19 00:12:50,2,303,300,48.805627270312,5.79390671642614
"2356",2022-03-19 00:12:55,2,303,300,50.6196992406731,5.79262128892293
"2357",2022-03-19 00:13:00,2,303,300,49.032355626322,5.82757180901279
"2358",2022-03-19 00:13:05,2,303,300,49.4400811900103,5.91043935973364
"2359",2022-03-19 00:13:10,2,303,300,48.5851396477004,5.98938767291099
"2360",2022-03-19 00:13:15,2,303,300,46.1768781020194,5.99421787798743
"2361",2022-03-19 00:13:20,2,303,300,47.741354943076,6.14202101320667
"2362",2022-03-19 00:13:25,2,303,300,48.4445408179863,5.76128846967949
"2363",2022-03-19 00:13:30,2,303,300,49.7004919068903,6.14169349457884
"2364",2022-03-19 00:13:35,2,303,300,49.4482230283741,5.8021886959675
"2365",2022-03-19 00:13:40,2,303,300,48.5914849386207,5.54562228206362
"2366",2022-03-19 00:13:45,2,303,300,48.5360134131221,5.75705761471993
"2367",2022-03-19 00:13:50,2,303,300,49.1506985257588,5.90739010118683
"2368",2022-03-19 00:13:55,2,303,300,49.318421659848,5.92861777201049
"2369",2022-03-19 00:14:00,2,303,300,48.0111785490893,5.61015405303866
"2370",2022-03-19 00:14:05,2,303,300,50.8771279187736,6.00945141470548
"2371",2022-03-19 00:14:10,2,303,300,50.5608242443835,5.55936442809125
"2372",2022-03-19 00:14:15,2,303,300,46.8098875588509,6.34585879614524
"2373",2022-03-19 00:14:20,2,303,300,49.6528514403684,5.51069391374505
"2374",2022-03-19 00:14:25,2,303,300,49.3562511992423,6.3678028041117
"2375",2022-03-19 00:14:30,2,303,300,48.7295319806903,6.4463172959232
"2376",2022-03-19 00:14:35,2,303,300,50.5045668146845,5.6917646049646
"2377",2022-03-19 00:14:40,2,303,300,48.7169510105007,5.54602783656645
"2378",2022-03-19 00:14:45,2,303,300,51.1769616510168,5.79028001579899
"2379",2022-03-19 00:14:50,2,303,300,49.3051035046086,5.7018457161315
"2380",2022-03-19 00:14:55,2,303,300,48.2342258685857,5.41819297699786
"2381",2022-03-19 00:15:00,2,303,300,48.6050161002746,5.6211700995765
"2382",2022-03-19 00:15:05,2,303,300,49.1515844281783,5.74391231798922
"2383",2022-03-19 00:15:10,2,303,300,45.4607598592261,6.12886649658959
"2384",2022-03-19 00:15:15,2,303,300,47.878505227772,5.97843928086648
"2385",2022-03-19 00:15:20,2,303,300,47.1603738921934,5.62635179576397
"2386",2022-03-19 00:15:25,2,303,300,48.2744242121433,5.60117195760613
"2387",2022-03-19 00:15:30,2,303,300,45.5773586492688,5.50569953661448
"2388",2022-03-19 00:15:35,2,303,300,49.1177279147682,5.45385909243552
"2389",2022-03-19 00:15:40,2,303,300,49.6795199120887,5.73240643331355
"2390",2022-03-19 00:15:45,2,303,300,48.5239099838212,5.87636703023487
"2391",2022-03-19 00:15:50,2,303,300,47.7706032272672,6.05313825531147
"2392",2022-03-19 00:15:55,2,303,300,48.2638828087845,5.96202243796802
"2393",2022-03-19 00:16:00,2,303,300,49.6454923496138,5.66365431242382
"2394",2022-03-19 00:16:05,2,303,300,47.4860553050787,6.25916159560452
"2395",2022-03-19 00:16:10,2,303,300,46.9056989403202,5.26486539803629
"2396",2022-03-19 00:16:15,2,303,300,46.3362516679947,5.5471550210192
"2397",2022-03-19 00:16:20,2,303,300,46.8572196875132,5.35985054675511
"2398",2022-03-19 00:16:25,2,303,300,48.14620398198,5.33057645320034
"2399",2022-03-19 00:16:30,2,303,300,49.3877234632152,6.05059569907058
"2400",2022-03-19 00:16:35,2,303,300,52.1112233010487,6.31472179009595
"2401",2022-03-20 00:00:00,2,338,100,51.2754635940555,5.6182903698051
"2402",2022-03-20 00:00:05,2,338,100,48.3538348877962,5.91042260983894
"2403",2022-03-20 00:00:10,2,338,100,48.636419578437,5.48628659168972
"2404",2022-03-20 00:00:15,2,338,100,47.6712128006029,6.45175161499165
"2405",2022-03-20 00:00:20,2,338,100,48.7241995960169,6.08937229283669
"2406",2022-03-20 00:00:25,2,338,100,46.1418241798426,5.66972295634262
"2407",2022-03-20 00:00:30,2,338,100,48.3161493237119,6.01956381316409
"2408",2022-03-20 00:00:35,2,338,100,47.861694746998,5.60817924334559
"2409",2022-03-20 00:00:40,2,338,100,47.7556035513629,5.36180476658366
"2410",2022-03-20 00:00:45,2,338,100,44.1082807842055,5.7011993097688
"2411",2022-03-20 00:00:50,2,338,100,48.8195406475225,5.77382070690936
"2412",2022-03-20 00:00:55,2,338,100,48.9416314119937,5.77479847381013
"2413",2022-03-20 00:01:00,2,338,100,46.6390962928462,5.98086268322367
"2414",2022-03-20 00:01:05,2,338,100,47.9588025941654,6.1797653820614
"2415",2022-03-20 00:01:10,2,338,100,48.9480762943878,6.06834154603564
"2416",2022-03-20 00:01:15,2,338,100,44.1290296926392,5.59712635037521
"2417",2022-03-20 00:01:20,2,338,100,47.8731870037617,5.78065753953398
"2418",2022-03-20 00:01:25,2,338,100,50.413259445546,5.57662535964313
"2419",2022-03-20 00:01:30,2,338,100,48.4609687479296,6.54977761406164
"2420",2022-03-20 00:01:35,2,338,100,46.2357933792792,5.79271739393373
"2421",2022-03-20 00:01:40,2,338,100,48.396197736276,5.63821871156943
"2422",2022-03-20 00:01:45,2,338,100,47.8439914629276,5.57368038394013
"2423",2022-03-20 00:01:50,2,338,100,45.4884244897243,6.10690022900872
"2424",2022-03-20 00:01:55,2,338,100,51.3293617733155,6.26281579014824
"2425",2022-03-20 00:02:00,2,338,100,47.0938030387198,6.15466455328801
"2426",2022-03-20 00:02:05,2,338,100,46.7172281723382,6.36167948199957
"2427",2022-03-20 00:02:10,2,338,100,48.1281518133247,5.80844527176663
"2428",2022-03-20 00:02:15,2,338,100,47.9446417356975,5.83302099197883
"2429",2022-03-20 00:02:20,2,338,100,48.1749554841811,6.25621713484348
"2430",2022-03-20 00:02:25,2,338,100,47.3010506167466,6.05483727094818
"2431",2022-03-20 00:02:30,2,338,100,47.8175937230933,6.01698510182907
"2432",2022-03-20 00:02:35,2,338,100,49.2058653654637,5.39581132149215
"2433",2022-03-20 00:02:40,2,338,100,47.1244663754475,5.80941669251373
"2434",2022-03-20 00:02:45,2,338,100,49.1102749449423,6.05049423282982
"2435",2022-03-20 00:02:50,2,338,100,50.0594998392565,5.65194216879425
"2436",2022-03-20 00:02:55,2,338,100,47.4568684620663,5.96175897533971
"2437",2022-03-20 00:03:00,2,338,100,50.4339338213121,5.96560345750799
"2438",2022-03-20 00:03:05,2,338,100,49.495709821368,5.90602771612809
"2439",2022-03-20 00:03:10,2,338,100,47.8327703733935,6.06914892800753
"2440",2022-03-20 00:03:15,2,338,100,50.573217733949,5.73603741854687
"2441",2022-03-20 00:03:20,2,338,100,49.7892119025507,5.80948721088226
"2442",2022-03-20 00:03:25,2,338,100,49.7255280320991,5.93731997958489
"2443",2022-03-20 00:03:30,2,338,100,51.2226677600172,5.27614694830626
"2444",2022-03-20 00:03:35,2,338,100,48.9287410925836,5.72951163834456
"2445",2022-03-20 00:03:40,2,338,100,47.9571702821082,6.17741277798351
"2446",2022-03-20 00:03:45,2,338,100,50.3894537864008,5.75795188728201
"2447",2022-03-20 00:03:50,2,338,100,51.3708480371721,5.31562366687154
"2448",2022-03-20 00:03:55,2,338,100,47.5390965389476,6.34384106809736
"2449",2022-03-20 00:04:00,2,338,100,52.5103273560714,5.90690831499399
"2450",2022-03-20 00:04:05,2,338,100,49.8881204124756,6.04133274831427
"2451",2022-03-20 00:04:10,2,338,100,48.3156351271912,6.58875033292529
"2452",2022-03-20 00:04:15,2,338,100,48.718088109732,6.22587239006811
"2453",2022-03-20 00:04:20,2,338,100,50.1060135070056,5.93033447528683
"2454",2022-03-20 00:04:25,2,338,100,47.7229018852434,5.66151404202955
"2455",2022-03-20 00:04:30,2,338,100,49.7007870476108,5.80860869774793
"2456",2022-03-20 00:04:35,2,338,100,49.9688380563737,5.40929283472341
"2457",2022-03-20 00:04:40,2,338,100,48.3511906962343,5.99446370226587
"2458",2022-03-20 00:04:45,2,338,100,47.9837524828346,5.91426786292484
"2459",2022-03-20 00:04:50,2,338,100,49.1147228072084,5.61677362116947
"2460",2022-03-20 00:04:55,2,338,100,46.2981271354115,5.56201591339134
"2461",2022-03-20 00:05:00,2,338,100,48.7506577215416,5.41781448166941
"2462",2022-03-20 00:05:05,2,338,100,49.5645998855664,5.76763555102768
"2463",2022-03-20 00:05:10,2,338,100,48.548640953027,5.86837455466051
"2464",2022-03-20 00:05:15,2,338,100,48.9697327779921,5.89113571491002
"2465",2022-03-20 00:05:20,2,338,100,45.6220029442488,5.63099957412638
"2466",2022-03-20 00:05:25,2,338,100,47.8609852390067,5.8095463402566
"2467",2022-03-20 00:05:30,2,338,100,48.0517626222635,5.86099432015932
"2468",2022-03-20 00:05:35,2,338,100,48.6510189602585,5.64170696879352
"2469",2022-03-20 00:05:40,2,338,100,49.4221931004407,6.22409486561132
"2470",2022-03-20 00:05:45,2,338,100,49.0519036202416,5.80717560776001
"2471",2022-03-20 00:05:50,2,338,100,47.7785650042476,5.28641192118457
"2472",2022-03-20 00:05:55,2,338,100,47.8392964343834,5.74116126026443
"2473",2022-03-20 00:06:00,2,338,100,47.2695809743458,5.46255839632434
"2474",2022-03-20 00:06:05,2,338,100,47.5114991965848,5.83194369755608
"2475",2022-03-20 00:06:10,2,338,100,48.3086466794631,5.97950711523072
"2476",2022-03-20 00:06:15,2,338,100,47.7792947880437,5.71891981245378
"2477",2022-03-20 00:06:20,2,338,100,47.0337662035286,5.54143091621504
"2478",2022-03-20 00:06:25,2,338,100,47.6267280772323,5.67243777258301
"2479",2022-03-20 00:06:30,2,338,100,49.9630879012404,6.03722681788181
"2480",2022-03-20 00:06:35,2,338,100,47.2340181347613,6.21075103233406
"2481",2022-03-20 00:06:40,2,338,100,49.8243832531374,5.69927105820591
"2482",2022-03-20 00:06:45,2,338,100,48.7443971300961,6.28000087768475
"2483",2022-03-20 00:06:50,2,338,100,47.8004925651557,5.39069705583727
"2484",2022-03-20 00:06:55,2,338,100,45.2452304197857,5.9678108631349
"2485",2022-03-20 00:07:00,2,338,100,49.5902283283777,5.56520378208516
"2486",2022-03-20 00:07:05,2,338,100,48.3432634202765,5.42269103434789
"2487",2022-03-20 00:07:10,2,338,100,48.0488959472473,5.31880963981248
"2488",2022-03-20 00:07:15,2,338,100,45.8193553832886,5.9123543568504
"2489",2022-03-20 00:07:20,2,338,100,48.4865256047363,6.26536592045054
"2490",2022-03-20 00:07:25,2,338,100,49.3784153192635,6.07180588844039
"2491",2022-03-20 00:07:30,2,338,100,47.1532790492677,6.24205799245328
"2492",2022-03-20 00:07:35,2,338,100,49.6850796529356,5.7897052397003
"2493",2022-03-20 00:07:40,2,338,100,48.8340266692771,5.58798756370688
"2494",2022-03-20 00:07:45,2,338,100,48.3838282149849,5.64349092281148
"2495",2022-03-20 00:07:50,2,338,100,48.0633838413676,5.813050371154
"2496",2022-03-20 00:07:55,2,338,100,48.7927783859052,6.35234242713223
"2497",2022-03-20 00:08:00,2,338,100,48.9245093656092,5.90352393825065
"2498",2022-03-20 00:08:05,2,338,100,48.8931527537185,5.40292537166421
"2499",2022-03-20 00:08:10,2,338,100,50.4433413784227,5.53133105097605
"2500",2022-03-20 00:08:15,2,338,100,47.2760267677209,5.84986523543527
"2501",2022-03-20 00:08:20,2,338,100,47.3283920825886,5.47562985925363
"2502",2022-03-20 00:08:25,2,338,100,49.1256432635507,5.911683162192
"2503",2022-03-20 00:08:30,2,338,100,48.027488310995,5.35528689070984
"2504",2022-03-20 00:08:35,2,338,100,47.6597384154885,6.1215550074934
"2505",2022-03-20 00:08:40,2,338,100,50.6306997805491,5.33086794153144
"2506",2022-03-20 00:08:45,2,338,100,49.9346754515965,5.99832158215475
"2507",2022-03-20 00:08:50,2,338,100,47.5126000079085,5.98858092883175
"2508",2022-03-20 00:08:55,2,338,100,47.281370825799,5.93851990873339
"2509",2022-03-20 00:09:00,2,338,100,48.7304178901354,5.50390437691191
"2510",2022-03-20 00:09:05,2,338,100,48.3191418302355,6.14975429108509
"2511",2022-03-20 00:09:10,2,338,100,49.0105953765232,5.78863727434888
"2512",2022-03-20 00:09:15,2,338,100,48.341035239972,5.69711441373017
"2513",2022-03-20 00:09:20,2,338,100,49.3219087127226,5.754488271899
"2514",2022-03-20 00:09:25,2,338,100,47.8805553740904,5.09862205350814
"2515",2022-03-20 00:09:30,2,338,100,46.1512946782088,5.61876657768729
"2516",2022-03-20 00:09:35,2,338,100,47.5830898161605,6.29857923707138
"2517",2022-03-20 00:09:40,2,338,100,48.6727365936176,5.95368381337676
"2518",2022-03-20 00:09:45,2,338,100,47.6233621271756,6.01103141732897
"2519",2022-03-20 00:09:50,2,338,100,47.5210295104495,5.4978936686311
"2520",2022-03-20 00:09:55,2,338,100,47.9971907302532,6.01905999654919
"2521",2022-03-20 00:10:00,2,338,100,46.5522430080284,6.13162476483413
"2522",2022-03-20 00:10:05,2,338,100,47.3912321275819,6.19299435953929
"2523",2022-03-20 00:10:10,2,338,100,52.1203284831355,5.72991709285522
"2524",2022-03-20 00:10:15,2,338,100,47.7330815079349,5.89197317120156
"2525",2022-03-20 00:10:20,2,338,100,47.2911454180715,6.25213717915066
"2526",2022-03-20 00:10:25,2,338,100,48.8828650022718,5.82588564068683
"2527",2022-03-20 00:10:30,2,338,100,47.7045610323008,5.94705556261115
"2528",2022-03-20 00:10:35,2,338,100,48.6657013891667,5.92368274146533
"2529",2022-03-20 00:10:40,2,338,100,47.5579933685571,5.89810300967194
"2530",2022-03-20 00:10:45,2,338,100,49.276577238944,5.67434161893984
"2531",2022-03-20 00:10:50,2,338,100,50.9410094798615,6.12461923691989
"2532",2022-03-20 00:10:55,2,338,100,48.1984414259184,5.93477522624528
"2533",2022-03-20 00:11:00,2,338,100,49.5234932117428,6.03985399262048
"2534",2022-03-20 00:11:05,2,338,100,48.7320895184045,5.98681607484866
"2535",2022-03-20 00:11:10,2,338,100,47.7519888006407,6.15190588130427
"2536",2022-03-20 00:11:15,2,338,100,47.8616748458821,5.67305308955504
"2537",2022-03-20 00:11:20,2,338,100,49.0348779024943,5.80324733504814
"2538",2022-03-20 00:11:25,2,338,100,47.9656490023688,5.64995876677605
"2539",2022-03-20 00:11:30,2,338,100,47.5189196478754,6.0215626657524
"2540",2022-03-20 00:11:35,2,338,100,45.9103832216847,5.58540367827903
"2541",2022-03-20 00:11:40,2,338,100,48.5414916728416,5.70051327003707
"2542",2022-03-20 00:11:45,2,338,100,51.0748889214195,5.90888271387437
"2543",2022-03-20 00:11:50,2,338,100,48.5677176510693,5.60050539968094
"2544",2022-03-20 00:11:55,2,338,100,49.617263394898,6.27215267776521
"2545",2022-03-20 00:12:00,2,338,100,52.3397377072327,6.06731363162037
"2546",2022-03-20 00:12:05,2,338,100,48.3582580665734,5.62571555455672
"2547",2022-03-20 00:12:10,2,338,100,47.5871560109049,5.47829402552471
"2548",2022-03-20 00:12:15,2,338,100,47.0305811666064,4.91993074602637
"2549",2022-03-20 00:12:20,2,338,100,47.7215593969136,5.81314987071694
"2550",2022-03-20 00:12:25,2,338,100,46.6938182186818,6.0562847744132
"2551",2022-03-20 00:12:30,2,338,100,49.0097003074988,6.13982392291863
"2552",2022-03-20 00:12:35,2,338,100,48.5855880329723,5.29655018168521
"2553",2022-03-20 00:12:40,2,338,100,46.7335164888308,6.00997677080675
"2554",2022-03-20 00:12:45,2,338,100,47.3251591446723,6.03532416473574
"2555",2022-03-20 00:12:50,2,338,100,49.3839841513109,5.84184358837469
"2556",2022-03-20 00:12:55,2,338,100,47.8484082934075,5.80883252434217
"2557",2022-03-20 00:13:00,2,338,100,49.4767915032615,5.69651788339717
"2558",2022-03-20 00:13:05,2,338,100,48.9736261463019,5.51998918558739
"2559",2022-03-20 00:13:10,2,338,100,48.683896544532,5.97518927526599
"2560",2022-03-20 00:13:15,2,338,100,50.5725305610572,5.70163028880261
"2561",2022-03-20 00:13:20,2,338,100,49.0472827904547,6.23542815049184
"2562",2022-03-20 00:13:25,2,338,100,49.7361203581845,5.56812494478494
"2563",2022-03-20 00:13:30,2,338,100,47.8434416895726,6.34795853041784
"2564",2022-03-20 00:13:35,2,338,100,46.7730655928604,5.95682193973495
"2565",2022-03-20 00:13:40,2,338,100,49.9627762170925,5.93324986479707
"2566",2022-03-20 00:13:45,2,338,100,47.6448023823405,5.28972320132692
"2567",2022-03-20 00:13:50,2,338,100,48.3112748843427,5.47964094705097
"2568",2022-03-20 00:13:55,2,338,100,47.4654790088859,6.14965544093562
"2569",2022-03-20 00:14:00,2,338,100,48.5242877702957,6.28884256705315
"2570",2022-03-20 00:14:05,2,338,100,49.1696042654402,6.17369105689178
"2571",2022-03-20 00:14:10,2,338,100,47.3614281093563,6.29658852189666
"2572",2022-03-20 00:14:15,2,338,100,49.595623081568,6.13165342587513
"2573",2022-03-20 00:14:20,2,338,100,48.6035758465342,5.72316329980701
"2574",2022-03-20 00:14:25,2,338,100,47.9940153256367,6.38653138228855
"2575",2022-03-20 00:14:30,2,338,100,46.8877586038992,5.813253952533
"2576",2022-03-20 00:14:35,2,338,100,50.4380731414515,5.31052946013868
"2577",2022-03-20 00:14:40,2,338,100,49.5167789756483,6.64166179085848
"2578",2022-03-20 00:14:45,2,338,100,49.2043777235242,5.89142076648579
"2579",2022-03-20 00:14:50,2,338,100,51.3498589447163,5.71403465315572
"2580",2022-03-20 00:14:55,2,338,100,47.3313134297057,5.86089370064647
"2581",2022-03-20 00:15:00,2,338,100,49.1118080179072,5.65651014908184
"2582",2022-03-20 00:15:05,2,338,100,50.3486564880453,5.70829971505826
"2583",2022-03-20 00:15:10,2,338,100,46.382814517502,5.9473301933974
"2584",2022-03-20 00:15:15,2,338,100,48.2547253797588,5.4048474606022
"2585",2022-03-20 00:15:20,2,338,100,48.5853783819274,5.81160735714552
"2586",2022-03-20 00:15:25,2,338,100,47.7612879559155,5.61650700364027
"2587",2022-03-20 00:15:30,2,338,100,47.5420708708659,5.94285307117015
"2588",2022-03-20 00:15:35,2,338,100,49.5631850127737,6.17339267381159
"2589",2022-03-20 00:15:40,2,338,100,48.2829341527111,5.94180408484427
"2590",2022-03-20 00:15:45,2,338,100,48.6119752098955,5.38736417406817
"2591",2022-03-20 00:15:50,2,338,100,49.9626146306318,6.21815395763708
"2592",2022-03-20 00:15:55,2,338,100,50.1847744528176,5.40886791749504
"2593",2022-03-20 00:16:00,2,338,100,47.494186822734,5.94819294417589
"2594",2022-03-20 00:16:05,2,338,100,47.2186154486831,6.01310948602768
"2595",2022-03-20 00:16:10,2,338,100,47.5422104870115,6.04416151222622
"2596",2022-03-20 00:16:15,2,338,100,47.5151936830221,5.52960255777431
"2597",2022-03-20 00:16:20,2,338,100,47.0565868646427,5.4800662748977
"2598",2022-03-20 00:16:25,2,338,100,49.0296952966405,6.13670009194605
"2599",2022-03-20 00:16:30,2,338,100,48.5818501280734,5.74560679067964
"2600",2022-03-20 00:16:35,2,338,100,47.989318354897,6.24476581461476
"2601",2022-03-21 00:00:00,2,338,200,47.9283137004383,5.56938596426224
"2602",2022-03-21 00:00:05,2,338,200,48.6012511267325,5.45718617883814
"2603",2022-03-21 00:00:10,2,338,200,47.947658570141,6.3919764581164
"2604",2022-03-21 00:00:15,2,338,200,49.4412816509863,5.62896584546182
"2605",2022-03-21 00:00:20,2,338,200,47.1756821804692,6.46043424548243
"2606",2022-03-21 00:00:25,2,338,200,48.6800950026211,5.78089873198268
"2607",2022-03-21 00:00:30,2,338,200,48.0257015289026,5.9514116864782
"2608",2022-03-21 00:00:35,2,338,200,47.1780775617705,5.74335909651852
"2609",2022-03-21 00:00:40,2,338,200,47.7909719242781,5.94281738572698
"2610",2022-03-21 00:00:45,2,338,200,47.6134188897452,5.43071420947494
"2611",2022-03-21 00:00:50,2,338,200,48.7771901720694,6.35817879146591
"2612",2022-03-21 00:00:55,2,338,200,47.4131298284322,6.04177146187163
"2613",2022-03-21 00:01:00,2,338,200,46.7403512643528,5.88183561811052
"2614",2022-03-21 00:01:05,2,338,200,47.0134070772899,5.92655546899688
"2615",2022-03-21 00:01:10,2,338,200,48.8667788798935,6.61295879207336
"2616",2022-03-21 00:01:15,2,338,200,49.5748151965295,5.63473922332673
"2617",2022-03-21 00:01:20,2,338,200,48.1286428602497,5.5112617979287
"2618",2022-03-21 00:01:25,2,338,200,48.3536626259295,6.02454151309835
"2619",2022-03-21 00:01:30,2,338,200,46.7607805538511,5.80638137025456
"2620",2022-03-21 00:01:35,2,338,200,48.990945125106,5.74671542666275
"2621",2022-03-21 00:01:40,2,338,200,51.3022829816725,6.45452958859158
"2622",2022-03-21 00:01:45,2,338,200,46.6556889336084,6.25270503519477
"2623",2022-03-21 00:01:50,2,338,200,50.0344412412406,5.67470611738638
"2624",2022-03-21 00:01:55,2,338,200,48.0752610485031,6.05930411954324
"2625",2022-03-21 00:02:00,2,338,200,48.0068408618845,5.41346146617758
"2626",2022-03-21 00:02:05,2,338,200,47.3117025838877,5.74674135780071
"2627",2022-03-21 00:02:10,2,338,200,47.5456255912175,6.8880069204451
"2628",2022-03-21 00:02:15,2,338,200,48.2009541004078,6.03706583914089
"2629",2022-03-21 00:02:20,2,338,200,48.6774194993359,6.08437016701136
"2630",2022-03-21 00:02:25,2,338,200,49.6206357910452,5.68372474497097
"2631",2022-03-21 00:02:30,2,338,200,48.2494876938089,6.12230949788799
"2632",2022-03-21 00:02:35,2,338,200,47.7496913612696,5.92702246857812
"2633",2022-03-21 00:02:40,2,338,200,47.7693532338631,6.42144840060369
"2634",2022-03-21 00:02:45,2,338,200,48.8969519713297,5.83047340612039
"2635",2022-03-21 00:02:50,2,338,200,45.1605607788358,6.0928572299772
"2636",2022-03-21 00:02:55,2,338,200,48.0821630217233,5.12108337729877
"2637",2022-03-21 00:03:00,2,338,200,47.3239914845521,5.88960086886488
"2638",2022-03-21 00:03:05,2,338,200,48.9835628622808,5.58276236113896
"2639",2022-03-21 00:03:10,2,338,200,47.2040560320583,5.95250779382604
"2640",2022-03-21 00:03:15,2,338,200,48.4914349114535,5.80065886632599
"2641",2022-03-21 00:03:20,2,338,200,49.5544780238431,5.05999137743416
"2642",2022-03-21 00:03:25,2,338,200,47.1285992413006,6.1238810020874
"2643",2022-03-21 00:03:30,2,338,200,47.6179869426565,6.37813874458935
"2644",2022-03-21 00:03:35,2,338,200,47.641026756871,5.61640870281897
"2645",2022-03-21 00:03:40,2,338,200,47.5078320095486,5.79091775408172
"2646",2022-03-21 00:03:45,2,338,200,49.5079268598323,5.91710350260671
"2647",2022-03-21 00:03:50,2,338,200,48.1413062395901,5.84122316111533
"2648",2022-03-21 00:03:55,2,338,200,48.1004768510121,6.18731016047495
"2649",2022-03-21 00:04:00,2,338,200,50.7181072290856,5.49441853536398
"2650",2022-03-21 00:04:05,2,338,200,48.4664124922125,5.76396735678301
"2651",2022-03-21 00:04:10,2,338,200,48.0637710566344,5.81486680481915
"2652",2022-03-21 00:04:15,2,338,200,51.070499195718,5.35906768148581
"2653",2022-03-21 00:04:20,2,338,200,48.7346459849849,6.19426205060961
"2654",2022-03-21 00:04:25,2,338,200,48.3624094238376,5.51976155593468
"2655",2022-03-21 00:04:30,2,338,200,47.9388024442811,5.99999294674423
"2656",2022-03-21 00:04:35,2,338,200,49.4960812090132,6.18445413821197
"2657",2022-03-21 00:04:40,2,338,200,46.4008011709286,5.89069196664384
"2658",2022-03-21 00:04:45,2,338,200,46.8853084883312,6.3606527234954
"2659",2022-03-21 00:04:50,2,338,200,51.0308519945786,5.93321521228162
"2660",2022-03-21 00:04:55,2,338,200,49.0748707546463,5.30442367773195
"2661",2022-03-21 00:05:00,2,338,200,49.8992972478067,5.19281925898167
"2662",2022-03-21 00:05:05,2,338,200,49.3553083720732,5.4177816083557
"2663",2022-03-21 00:05:10,2,338,200,46.1014040932178,5.41889752261836
"2664",2022-03-21 00:05:15,2,338,200,48.1033817290899,5.37516662153824
"2665",2022-03-21 00:05:20,2,338,200,47.8108312034639,5.37298331980818
"2666",2022-03-21 00:05:25,2,338,200,45.3302043285324,6.29601080850457
"2667",2022-03-21 00:05:30,2,338,200,48.9295285316317,5.71988234640471
"2668",2022-03-21 00:05:35,2,338,200,45.9987276581322,6.24232632803803
"2669",2022-03-21 00:05:40,2,338,200,48.0956035180901,5.90677487064127
"2670",2022-03-21 00:05:45,2,338,200,49.0188424798683,5.74658043701138
"2671",2022-03-21 00:05:50,2,338,200,48.9814615583829,6.02859654009649
"2672",2022-03-21 00:05:55,2,338,200,49.3432442228795,6.17143472672558
"2673",2022-03-21 00:06:00,2,338,200,47.1824565603711,5.75227571415146
"2674",2022-03-21 00:06:05,2,338,200,45.9466679336034,5.7056211934081
"2675",2022-03-21 00:06:10,2,338,200,47.6331825839487,5.77846086614387
"2676",2022-03-21 00:06:15,2,338,200,48.6010432739592,6.5262733843487
"2677",2022-03-21 00:06:20,2,338,200,47.0817133806022,6.0330122643279
"2678",2022-03-21 00:06:25,2,338,200,49.1606363432189,5.59761062888338
"2679",2022-03-21 00:06:30,2,338,200,50.0233823020928,6.48499852242871
"2680",2022-03-21 00:06:35,2,338,200,47.9582438581269,5.77297993996738
"2681",2022-03-21 00:06:40,2,338,200,49.8256823213824,5.65432828339748
"2682",2022-03-21 00:06:45,2,338,200,48.4601860517445,5.79564010401241
"2683",2022-03-21 00:06:50,2,338,200,49.4964044987498,6.37295770159165
"2684",2022-03-21 00:06:55,2,338,200,51.4514569655096,5.76684879572496
"2685",2022-03-21 00:07:00,2,338,200,48.9209085132804,5.85517631860634
"2686",2022-03-21 00:07:05,2,338,200,49.0084725442157,5.54202678039481
"2687",2022-03-21 00:07:10,2,338,200,49.124975940908,5.52817074047029
"2688",2022-03-21 00:07:15,2,338,200,49.3723591272284,5.95236736599056
"2689",2022-03-21 00:07:20,2,338,200,49.2071170031081,5.83130368549603
"2690",2022-03-21 00:07:25,2,338,200,49.0351609057921,5.72416850394441
"2691",2022-03-21 00:07:30,2,338,200,47.78412457757,6.19016973762958
"2692",2022-03-21 00:07:35,2,338,200,48.0138030311605,5.70588341018597
"2693",2022-03-21 00:07:40,2,338,200,49.3658882542473,6.38464883875438
"2694",2022-03-21 00:07:45,2,338,200,49.7607550372974,5.404679956568
"2695",2022-03-21 00:07:50,2,338,200,49.9284036763868,6.45170205091691
"2696",2022-03-21 00:07:55,2,338,200,51.2482159228057,5.93177352431863
"2697",2022-03-21 00:08:00,2,338,200,47.6643041217946,5.59235304034379
"2698",2022-03-21 00:08:05,2,338,200,50.7389983997729,5.42440579136975
"2699",2022-03-21 00:08:10,2,338,200,48.2059917281874,5.54709068995386
"2700",2022-03-21 00:08:15,2,338,200,50.1362015886501,5.83180311917768
"2701",2022-03-21 00:08:20,2,338,200,48.1920836151293,6.32936753929049
"2702",2022-03-21 00:08:25,2,338,200,49.038180902577,6.26728153128742
"2703",2022-03-21 00:08:30,2,338,200,49.9758974001529,5.87551878228341
"2704",2022-03-21 00:08:35,2,338,200,50.7770013820156,5.48207191162622
"2705",2022-03-21 00:08:40,2,338,200,49.9063611207322,6.5007768473476
"2706",2022-03-21 00:08:45,2,338,200,48.7046096012546,5.98902128703833
"2707",2022-03-21 00:08:50,2,338,200,48.2462179944443,5.85004685468262
"2708",2022-03-21 00:08:55,2,338,200,47.1711026787446,5.73991596688553
"2709",2022-03-21 00:09:00,2,338,200,48.3156665568384,5.96774077025986
"2710",2022-03-21 00:09:05,2,338,200,47.7515802232751,5.77385989722687
"2711",2022-03-21 00:09:10,2,338,200,48.7732693319046,6.01556988672465
"2712",2022-03-21 00:09:15,2,338,200,46.5473045098126,5.50012458414747
"2713",2022-03-21 00:09:20,2,338,200,46.3938815043906,5.58085407930923
"2714",2022-03-21 00:09:25,2,338,200,49.2381187594497,5.69078640210923
"2715",2022-03-21 00:09:30,2,338,200,49.9228285099086,5.93849100287896
"2716",2022-03-21 00:09:35,2,338,200,46.5441873602431,6.35892518522192
"2717",2022-03-21 00:09:40,2,338,200,46.5109188335639,5.97266466883668
"2718",2022-03-21 00:09:45,2,338,200,47.4163620693656,6.17147935379353
"2719",2022-03-21 00:09:50,2,338,200,46.0946328101023,6.10501548008575
"2720",2022-03-21 00:09:55,2,338,200,50.435166175164,5.50522265109289
"2721",2022-03-21 00:10:00,2,338,200,49.5968406351181,6.06957681630122
"2722",2022-03-21 00:10:05,2,338,200,48.1058898730773,5.88688265738191
"2723",2022-03-21 00:10:10,2,338,200,45.616169088049,6.21920401406055
"2724",2022-03-21 00:10:15,2,338,200,46.3140313098394,5.81206791797619
"2725",2022-03-21 00:10:20,2,338,200,45.9778360376561,5.87801738473786
"2726",2022-03-21 00:10:25,2,338,200,49.2485103041746,5.79261366556636
"2727",2022-03-21 00:10:30,2,338,200,46.4827762296638,5.1684206198839
"2728",2022-03-21 00:10:35,2,338,200,48.5615510611373,5.58418192508935
"2729",2022-03-21 00:10:40,2,338,200,45.5708190399121,5.50704364731338
"2730",2022-03-21 00:10:45,2,338,200,47.1046533826591,5.86731011887698
"2731",2022-03-21 00:10:50,2,338,200,49.1054407209106,5.54826105817858
"2732",2022-03-21 00:10:55,2,338,200,47.4301862186802,5.53877426582061
"2733",2022-03-21 00:11:00,2,338,200,49.7057869701959,6.10510440256928
"2734",2022-03-21 00:11:05,2,338,200,47.4933349856165,6.138236194136
"2735",2022-03-21 00:11:10,2,338,200,50.3042392577107,6.20982585952832
"2736",2022-03-21 00:11:15,2,338,200,47.4997580056766,5.70249939053908
"2737",2022-03-21 00:11:20,2,338,200,47.4462522038192,5.41634289836387
"2738",2022-03-21 00:11:25,2,338,200,45.5773100601345,6.31770881011779
"2739",2022-03-21 00:11:30,2,338,200,47.3800434143496,5.84952015612585
"2740",2022-03-21 00:11:35,2,338,200,49.2921419124797,5.64475853642247
"2741",2022-03-21 00:11:40,2,338,200,49.7307841265576,5.28779782686748
"2742",2022-03-21 00:11:45,2,338,200,47.1452768248494,5.59811045862548
"2743",2022-03-21 00:11:50,2,338,200,49.5359189470033,6.15523318750006
"2744",2022-03-21 00:11:55,2,338,200,47.4268494592746,6.04966719335392
"2745",2022-03-21 00:12:00,2,338,200,49.9326420570316,5.68964423552412
"2746",2022-03-21 00:12:05,2,338,200,47.7372459178903,5.73277285130801
"2747",2022-03-21 00:12:10,2,338,200,50.2893368280033,5.47649504295912
"2748",2022-03-21 00:12:15,2,338,200,49.2910869271174,5.99675284312602
"2749",2022-03-21 00:12:20,2,338,200,47.2426617948116,5.66696546888556
"2750",2022-03-21 00:12:25,2,338,200,49.2458230495269,6.0817054313951
"2751",2022-03-21 00:12:30,2,338,200,47.6008278089255,5.99711892412514
"2752",2022-03-21 00:12:35,2,338,200,47.9601727212489,5.34085157412848
"2753",2022-03-21 00:12:40,2,338,200,48.8304158913811,5.87648637139112
"2754",2022-03-21 00:12:45,2,338,200,46.2595022959643,5.78554487333404
"2755",2022-03-21 00:12:50,2,338,200,47.7967050093166,5.76012417644802
"2756",2022-03-21 00:12:55,2,338,200,49.9737028022652,5.60040063768907
"2757",2022-03-21 00:13:00,2,338,200,47.4459518469637,5.67393991148024
"2758",2022-03-21 00:13:05,2,338,200,48.1363799910177,6.20184737629228
"2759",2022-03-21 00:13:10,2,338,200,47.0263928377288,5.86078035706001
"2760",2022-03-21 00:13:15,2,338,200,49.4657470629045,5.94816211195185
"2761",2022-03-21 00:13:20,2,338,200,50.2032581779627,5.60253687106556
"2762",2022-03-21 00:13:25,2,338,200,46.3411990229133,5.96354448523714
"2763",2022-03-21 00:13:30,2,338,200,46.5302999366709,4.95939115461445
"2764",2022-03-21 00:13:35,2,338,200,52.4389959232949,5.56282893569496
"2765",2022-03-21 00:13:40,2,338,200,48.2995723554295,5.51922933804634
"2766",2022-03-21 00:13:45,2,338,200,48.7439329440004,5.4348713861243
"2767",2022-03-21 00:13:50,2,338,200,47.4287002354505,5.4950691785022
"2768",2022-03-21 00:13:55,2,338,200,48.4348274348213,6.06377450134105
"2769",2022-03-21 00:14:00,2,338,200,49.9367912117516,5.82139725294444
"2770",2022-03-21 00:14:05,2,338,200,49.411546773139,5.73666406510154
"2771",2022-03-21 00:14:10,2,338,200,48.5459035569294,5.46919893013048
"2772",2022-03-21 00:14:15,2,338,200,49.5401786778031,5.57618453098711
"2773",2022-03-21 00:14:20,2,338,200,48.3211957688169,6.02409607679046
"2774",2022-03-21 00:14:25,2,338,200,45.9054224759218,5.59249678320583
"2775",2022-03-21 00:14:30,2,338,200,50.1705121049692,6.32686517221664
"2776",2022-03-21 00:14:35,2,338,200,46.6824153154312,5.62990039378519
"2777",2022-03-21 00:14:40,2,338,200,48.2820281378226,5.73201748409762
"2778",2022-03-21 00:14:45,2,338,200,46.8028615131654,5.47877129768437
"2779",2022-03-21 00:14:50,2,338,200,48.1824530148899,5.970435698498
"2780",2022-03-21 00:14:55,2,338,200,48.7251948475149,5.78068296209914
"2781",2022-03-21 00:15:00,2,338,200,46.9699773899698,5.65522902904291
"2782",2022-03-21 00:15:05,2,338,200,48.0173684970714,5.61026428311503
"2783",2022-03-21 00:15:10,2,338,200,49.1420779026128,5.78648744959047
"2784",2022-03-21 00:15:15,2,338,200,48.6024170465064,6.1361587610754
"2785",2022-03-21 00:15:20,2,338,200,50.1297079510863,5.63533385908692
"2786",2022-03-21 00:15:25,2,338,200,50.8760524882657,5.58249285488232
"2787",2022-03-21 00:15:30,2,338,200,49.4364043502115,5.83333023160597
"2788",2022-03-21 00:15:35,2,338,200,47.197117211969,5.68382509640078
"2789",2022-03-21 00:15:40,2,338,200,48.6568098705824,6.14898365807314
"2790",2022-03-21 00:15:45,2,338,200,49.6772814101866,5.57096807097536
"2791",2022-03-21 00:15:50,2,338,200,48.3473454116386,6.23956268307214
"2792",2022-03-21 00:15:55,2,338,200,47.5344991271583,5.99406808015838
"2793",2022-03-21 00:16:00,2,338,200,47.6638572386725,5.8780660429098
"2794",2022-03-21 00:16:05,2,338,200,48.8155589371757,6.01357248435015
"2795",2022-03-21 00:16:10,2,338,200,47.4548151840922,5.64345136783031
"2796",2022-03-21 00:16:15,2,338,200,48.4177248012377,5.68069257486258
"2797",2022-03-21 00:16:20,2,338,200,47.3292283168125,5.62695733419595
"2798",2022-03-21 00:16:25,2,338,200,49.4099736640143,5.51233342656204
"2799",2022-03-21 00:16:30,2,338,200,50.2536469434629,5.32268885781276
"2800",2022-03-21 00:16:35,2,338,200,49.2184686410468,5.44712755455438
"2801",2022-03-22 00:00:00,2,338,300,48.5324103988156,6.10627053965136
"2802",2022-03-22 00:00:05,2,338,300,46.9679273656184,5.94275316354515
"2803",2022-03-22 00:00:10,2,338,300,49.6637139982271,5.96719054462782
"2804",2022-03-22 00:00:15,2,338,300,48.3003965740554,5.91632994671508
"2805",2022-03-22 00:00:20,2,338,300,49.4557804374754,5.74602839213326
"2806",2022-03-22 00:00:25,2,338,300,48.4959453174861,5.9002092686087
"2807",2022-03-22 00:00:30,2,338,300,49.1967427343452,5.75992255315756
"2808",2022-03-22 00:00:35,2,338,300,48.0693984374104,6.01656985816284
"2809",2022-03-22 00:00:40,2,338,300,49.6731155426358,5.7226922331204
"2810",2022-03-22 00:00:45,2,338,300,48.0741636160521,5.46032003323436
"2811",2022-03-22 00:00:50,2,338,300,48.2442854752742,5.39467170237899
"2812",2022-03-22 00:00:55,2,338,300,46.6303818584881,5.37368924642518
"2813",2022-03-22 00:01:00,2,338,300,49.3615191030283,6.10171803536402
"2814",2022-03-22 00:01:05,2,338,300,50.6157361322852,6.30964522304851
"2815",2022-03-22 00:01:10,2,338,300,49.5546086288452,5.90557543819821
"2816",2022-03-22 00:01:15,2,338,300,48.9514736065594,5.83187963821422
"2817",2022-03-22 00:01:20,2,338,300,47.4577981954617,6.27021098512071
"2818",2022-03-22 00:01:25,2,338,300,48.3793532511077,5.9978892842671
"2819",2022-03-22 00:01:30,2,338,300,46.464848550476,5.19251257122879
"2820",2022-03-22 00:01:35,2,338,300,48.7577007645722,6.17129265510694
"2821",2022-03-22 00:01:40,2,338,300,47.0109242276199,5.8716860299285
"2822",2022-03-22 00:01:45,2,338,300,48.6551632917287,6.24252355736168
"2823",2022-03-22 00:01:50,2,338,300,46.4778376231984,5.83666655229972
"2824",2022-03-22 00:01:55,2,338,300,52.2354129367651,6.05983989984886
"2825",2022-03-22 00:02:00,2,338,300,50.773465116657,5.70452660012905
"2826",2022-03-22 00:02:05,2,338,300,48.2821891390034,5.79352009248288
"2827",2022-03-22 00:02:10,2,338,300,48.3376971982817,5.82415484708651
"2828",2022-03-22 00:02:15,2,338,300,47.202665122498,5.55657730428687
"2829",2022-03-22 00:02:20,2,338,300,51.2980619250602,5.49886473149027
"2830",2022-03-22 00:02:25,2,338,300,48.0289505290623,5.68667387747132
"2831",2022-03-22 00:02:30,2,338,300,49.1062110454498,5.7810096444219
"2832",2022-03-22 00:02:35,2,338,300,49.2782020754903,6.13277983451353
"2833",2022-03-22 00:02:40,2,338,300,48.9997479549113,5.70428830876787
"2834",2022-03-22 00:02:45,2,338,300,47.2811461460966,6.35567455629439
"2835",2022-03-22 00:02:50,2,338,300,45.9797834897016,6.36318756406144
"2836",2022-03-22 00:02:55,2,338,300,50.5788622984598,6.14744093896323
"2837",2022-03-22 00:03:00,2,338,300,47.9107234937775,6.27674536851336
"2838",2022-03-22 00:03:05,2,338,300,47.049739557123,5.75901727187469
"2839",2022-03-22 00:03:10,2,338,300,49.4705563283017,5.74804690036789
"2840",2022-03-22 00:03:15,2,338,300,46.4433498684733,5.61874867867894
"2841",2022-03-22 00:03:20,2,338,300,48.324478591231,6.48783069056501
"2842",2022-03-22 00:03:25,2,338,300,49.5141455043471,5.47498843813953
"2843",2022-03-22 00:03:30,2,338,300,48.4877999855905,5.76970296905892
"2844",2022-03-22 00:03:35,2,338,300,49.7270804431928,5.79332378663453
"2845",2022-03-22 00:03:40,2,338,300,47.8523997724388,5.96331916388753
"2846",2022-03-22 00:03:45,2,338,300,47.9800060425284,5.67399923049725
"2847",2022-03-22 00:03:50,2,338,300,47.3331058627203,5.77307589671023
"2848",2022-03-22 00:03:55,2,338,300,48.6035444260834,6.54878820793472
"2849",2022-03-22 00:04:00,2,338,300,48.3521399813217,5.6615927463338
"2850",2022-03-22 00:04:05,2,338,300,47.7010694935784,6.06623702305245
"2851",2022-03-22 00:04:10,2,338,300,48.2636354728311,5.86576384976489
"2852",2022-03-22 00:04:15,2,338,300,49.1402406724668,6.26020270897563
"2853",2022-03-22 00:04:20,2,338,300,48.4912391593692,6.40989203557284
"2854",2022-03-22 00:04:25,2,338,300,49.9883258081535,6.0353391561167
"2855",2022-03-22 00:04:30,2,338,300,48.2435180056487,6.2184999246504
"2856",2022-03-22 00:04:35,2,338,300,47.3357387061753,5.37486687525276
"2857",2022-03-22 00:04:40,2,338,300,45.7691752723926,5.96727758650389
"2858",2022-03-22 00:04:45,2,338,300,49.2142076673937,5.41835032973104
"2859",2022-03-22 00:04:50,2,338,300,49.1270687487997,5.89071763758693
"2860",2022-03-22 00:04:55,2,338,300,48.8696055865574,5.57930210753804
"2861",2022-03-22 00:05:00,2,338,300,49.2019327268604,6.01354893581526
"2862",2022-03-22 00:05:05,2,338,300,47.9223123059503,5.94505156743909
"2863",2022-03-22 00:05:10,2,338,300,48.6774999015092,6.25940057785461
"2864",2022-03-22 00:05:15,2,338,300,49.8272681894138,5.5530026570468
"2865",2022-03-22 00:05:20,2,338,300,46.7213943576953,6.25941002361667
"2866",2022-03-22 00:05:25,2,338,300,47.9107844857656,6.37004704729605
"2867",2022-03-22 00:05:30,2,338,300,50.9084876174442,6.0616547652267
"2868",2022-03-22 00:05:35,2,338,300,47.4304904810845,5.91053271788113
"2869",2022-03-22 00:05:40,2,338,300,48.5339988489094,5.43571587126014
"2870",2022-03-22 00:05:45,2,338,300,46.121491917794,5.84366657105587
"2871",2022-03-22 00:05:50,2,338,300,48.3555097302538,6.18362526105522
"2872",2022-03-22 00:05:55,2,338,300,46.6309052678524,5.23077048273663
"2873",2022-03-22 00:06:00,2,338,300,47.0502697245935,5.67243688011337
"2874",2022-03-22 00:06:05,2,338,300,46.4754133528128,5.68650360922494
"2875",2022-03-22 00:06:10,2,338,300,47.9475665578183,5.9496615384569
"2876",2022-03-22 00:06:15,2,338,300,46.398515846202,5.87659321851551
"2877",2022-03-22 00:06:20,2,338,300,49.8924875244484,5.07818622048438
"2878",2022-03-22 00:06:25,2,338,300,49.4755457345724,6.37181343219068
"2879",2022-03-22 00:06:30,2,338,300,48.6191065651809,6.16040914987915
"2880",2022-03-22 00:06:35,2,338,300,48.6761447014682,4.9093282060943
"2881",2022-03-22 00:06:40,2,338,300,49.8185085458026,6.10006800302875
"2882",2022-03-22 00:06:45,2,338,300,47.8308156304026,5.75249114226956
"2883",2022-03-22 00:06:50,2,338,300,47.0422345605096,5.14239642704936
"2884",2022-03-22 00:06:55,2,338,300,47.3731970836967,6.30971900396305
"2885",2022-03-22 00:07:00,2,338,300,48.4196008934045,5.90259109596263
"2886",2022-03-22 00:07:05,2,338,300,48.2875191391682,6.66017351359263
"2887",2022-03-22 00:07:10,2,338,300,46.1107339575769,5.44520899032144
"2888",2022-03-22 00:07:15,2,338,300,48.6687337967237,5.79808803674368
"2889",2022-03-22 00:07:20,2,338,300,49.056788951663,6.27619484606529
"2890",2022-03-22 00:07:25,2,338,300,47.8322593030278,5.47659954915141
"2891",2022-03-22 00:07:30,2,338,300,47.7289232425971,5.66514015260964
"2892",2022-03-22 00:07:35,2,338,300,47.7463152391609,5.93292587583657
"2893",2022-03-22 00:07:40,2,338,300,48.1604331350102,5.60183298278221
"2894",2022-03-22 00:07:45,2,338,300,47.2098980851845,6.06010157777571
"2895",2022-03-22 00:07:50,2,338,300,52.3335977691358,5.57902194956286
"2896",2022-03-22 00:07:55,2,338,300,51.3352942485837,5.80917370550396
"2897",2022-03-22 00:08:00,2,338,300,48.5370327940345,6.2374531805782
"2898",2022-03-22 00:08:05,2,338,300,50.667730866225,5.72224900610139
"2899",2022-03-22 00:08:10,2,338,300,48.0851272933838,5.42098181303972
"2900",2022-03-22 00:08:15,2,338,300,48.5172472953935,5.57038542862834
"2901",2022-03-22 00:08:20,2,338,300,46.5052504227711,6.29496795671523
"2902",2022-03-22 00:08:25,2,338,300,47.6641658867383,6.16623602551625
"2903",2022-03-22 00:08:30,2,338,300,49.4720056205079,5.75402438547074
"2904",2022-03-22 00:08:35,2,338,300,48.7936820118542,5.6707369015151
"2905",2022-03-22 00:08:40,2,338,300,47.4073308644724,5.77655121188442
"2906",2022-03-22 00:08:45,2,338,300,49.0642986467157,5.6946707942919
"2907",2022-03-22 00:08:50,2,338,300,49.1084877510814,5.50738366543636
"2908",2022-03-22 00:08:55,2,338,300,49.5103253252456,5.61443105474734
"2909",2022-03-22 00:09:00,2,338,300,49.0802524035181,5.58147336193228
"2910",2022-03-22 00:09:05,2,338,300,50.4002325010923,6.2247162062844
"2911",2022-03-22 00:09:10,2,338,300,47.7810767357277,5.9460084389331
"2912",2022-03-22 00:09:15,2,338,300,46.8112162949816,6.0391950283883
"2913",2022-03-22 00:09:20,2,338,300,45.9800113371246,5.73152201412033
"2914",2022-03-22 00:09:25,2,338,300,49.0276122363457,5.52438290726289
"2915",2022-03-22 00:09:30,2,338,300,49.4366657963852,5.25611168814737
"2916",2022-03-22 00:09:35,2,338,300,49.4253432867964,6.07019133054168
"2917",2022-03-22 00:09:40,2,338,300,49.8198902550287,5.54399455014644
"2918",2022-03-22 00:09:45,2,338,300,48.5859123290934,5.38913718127862
"2919",2022-03-22 00:09:50,2,338,300,47.3182954985422,5.55020921076235
"2920",2022-03-22 00:09:55,2,338,300,49.1068566626999,5.88287790051604
"2921",2022-03-22 00:10:00,2,338,300,47.9964386669999,6.27968337408748
"2922",2022-03-22 00:10:05,2,338,300,47.2751282175191,5.85237016535879
"2923",2022-03-22 00:10:10,2,338,300,47.1552467194334,6.00511292714408
"2924",2022-03-22 00:10:15,2,338,300,47.5862191287919,5.41457272943521
"2925",2022-03-22 00:10:20,2,338,300,48.9947852254352,5.7278032659838
"2926",2022-03-22 00:10:25,2,338,300,44.0385234559086,6.00154531260776
"2927",2022-03-22 00:10:30,2,338,300,51.9745920737228,6.45174412729301
"2928",2022-03-22 00:10:35,2,338,300,47.8482068888001,5.57204311518651
"2929",2022-03-22 00:10:40,2,338,300,47.0486413936126,6.20880430982819
"2930",2022-03-22 00:10:45,2,338,300,49.2969319611231,6.00428717234153
"2931",2022-03-22 00:10:50,2,338,300,47.9834437742495,4.9567114232941
"2932",2022-03-22 00:10:55,2,338,300,50.1113051817255,5.98624861959844
"2933",2022-03-22 00:11:00,2,338,300,47.5167516475156,6.11181966775629
"2934",2022-03-22 00:11:05,2,338,300,48.5008033007255,5.6890884916053
"2935",2022-03-22 00:11:10,2,338,300,49.0476351590046,5.18366005762779
"2936",2022-03-22 00:11:15,2,338,300,47.4478864538154,5.42349983665062
"2937",2022-03-22 00:11:20,2,338,300,49.3236781672769,6.30980879564306
"2938",2022-03-22 00:11:25,2,338,300,46.7352337530422,5.33446941058382
"2939",2022-03-22 00:11:30,2,338,300,48.1952498448595,5.66864270161969
"2940",2022-03-22 00:11:35,2,338,300,47.5831043888331,5.78067474378405
"2941",2022-03-22 00:11:40,2,338,300,48.7830155716224,6.07787159490121
"2942",2022-03-22 00:11:45,2,338,300,49.7982960985853,6.55834890139465
"2943",2022-03-22 00:11:50,2,338,300,47.4270236350174,6.03087328359204
"2944",2022-03-22 00:11:55,2,338,300,49.9601465249401,5.41318575472308
"2945",2022-03-22 00:12:00,2,338,300,51.6069996660189,5.6738766675514
"2946",2022-03-22 00:12:05,2,338,300,48.2954998842666,5.4775638301175
"2947",2022-03-22 00:12:10,2,338,300,49.8974808613862,5.74428124215072
"2948",2022-03-22 00:12:15,2,338,300,47.3352164095972,5.95903281274989
"2949",2022-03-22 00:12:20,2,338,300,45.947066339346,5.99626397713172
"2950",2022-03-22 00:12:25,2,338,300,47.252166677194,5.62142561188962
"2951",2022-03-22 00:12:30,2,338,300,49.3962811610807,6.23435570698017
"2952",2022-03-22 00:12:35,2,338,300,50.0124057369533,5.88274846250097
"2953",2022-03-22 00:12:40,2,338,300,47.8689049215172,5.69383686880143
"2954",2022-03-22 00:12:45,2,338,300,49.1629510197798,5.26735500345135
"2955",2022-03-22 00:12:50,2,338,300,47.1630467193938,5.78301143814466
"2956",2022-03-22 00:12:55,2,338,300,49.3899665271246,6.23962690749119
"2957",2022-03-22 00:13:00,2,338,300,48.5601338923507,5.74806903670968
"2958",2022-03-22 00:13:05,2,338,300,47.6174760008345,5.91004684426234
"2959",2022-03-22 00:13:10,2,338,300,49.1698060893221,6.0403635483366
"2960",2022-03-22 00:13:15,2,338,300,45.1971847674224,5.85402845840567
"2961",2022-03-22 00:13:20,2,338,300,49.2707584077176,6.10818135143001
"2962",2022-03-22 00:13:25,2,338,300,49.3327089881245,5.69677152455797
"2963",2022-03-22 00:13:30,2,338,300,46.4646178040541,6.16307807118234
"2964",2022-03-22 00:13:35,2,338,300,48.4039960241859,6.31853439456756
"2965",2022-03-22 00:13:40,2,338,300,48.7694940517108,5.98592812115041
"2966",2022-03-22 00:13:45,2,338,300,48.0613743638752,5.82055789532514
"2967",2022-03-22 00:13:50,2,338,300,47.6820738383328,5.73523857309325
"2968",2022-03-22 00:13:55,2,338,300,49.2852405588969,5.59850618785492
"2969",2022-03-22 00:14:00,2,338,300,49.0145900873941,6.17784263761037
"2970",2022-03-22 00:14:05,2,338,300,47.9413470706949,6.20288355161653
"2971",2022-03-22 00:14:10,2,338,300,48.8854217822965,5.68459646424622
"2972",2022-03-22 00:14:15,2,338,300,50.1365012697066,6.14295769204624
"2973",2022-03-22 00:14:20,2,338,300,49.5497100025648,5.65909158121249
"2974",2022-03-22 00:14:25,2,338,300,49.2602699059145,6.00840686010877
"2975",2022-03-22 00:14:30,2,338,300,47.6651338321003,5.68461696057345
"2976",2022-03-22 00:14:35,2,338,300,49.0190622985029,5.87844382826635
"2977",2022-03-22 00:14:40,2,338,300,49.1564951081989,5.60265792594077
"2978",2022-03-22 00:14:45,2,338,300,44.2204936415655,5.69095837942117
"2979",2022-03-22 00:14:50,2,338,300,48.8730619643644,5.85142853765744
"2980",2022-03-22 00:14:55,2,338,300,47.4135144888,5.93381711197008
"2981",2022-03-22 00:15:00,2,338,300,48.7053285361952,5.30674638482493
"2982",2022-03-22 00:15:05,2,338,300,46.8573402071816,5.9440251390897
"2983",2022-03-22 00:15:10,2,338,300,49.1150446410989,5.91399075550366
"2984",2022-03-22 00:15:15,2,338,300,47.422412908919,5.85677160848501
"2985",2022-03-22 00:15:20,2,338,300,46.8201864315416,5.81846721010966
"2986",2022-03-22 00:15:25,2,338,300,48.7085651447129,6.19005793816492
"2987",2022-03-22 00:15:30,2,338,300,46.7916102121521,5.97375564967699
"2988",2022-03-22 00:15:35,2,338,300,49.3858345286292,5.95417008474888
"2989",2022-03-22 00:15:40,2,338,300,49.7959089441764,5.73797346968013
"2990",2022-03-22 00:15:45,2,338,300,48.7535941820017,5.57092922524383
"2991",2022-03-22 00:15:50,2,338,300,47.918089695865,5.7068429139827
"2992",2022-03-22 00:15:55,2,338,300,50.6820479883228,5.8475318365521
"2993",2022-03-22 00:16:00,2,338,300,50.0585333751278,5.5146745077742
"2994",2022-03-22 00:16:05,2,338,300,48.4749493291667,5.67118873713041
"2995",2022-03-22 00:16:10,2,338,300,50.0433715356879,5.58780545482442
"2996",2022-03-22 00:16:15,2,338,300,49.2797991170437,5.8534366379004
"2997",2022-03-22 00:16:20,2,338,300,50.7478080849725,5.76334341547865
"2998",2022-03-22 00:16:25,2,338,300,48.110943867555,6.00111753639641
"2999",2022-03-22 00:16:30,2,338,300,48.0709562891533,6.23356179071768
"3000",2022-03-22 00:16:35,2,338,300,49.6136473980529,5.88538391098096
"3001",2022-03-23 00:00:00,2,373,100,47.131127966177,5.60571360329468
"3002",2022-03-23 00:00:05,2,373,100,46.6596752642363,5.83043639542369
"3003",2022-03-23 00:00:10,2,373,100,46.1939727249836,5.95382939621764
"3004",2022-03-23 00:00:15,2,373,100,49.281806849395,5.49402283183432
"3005",2022-03-23 00:00:20,2,373,100,50.4464049130912,6.14692454350087
"3006",2022-03-23 00:00:25,2,373,100,50.107627875793,5.7876354986563
"3007",2022-03-23 00:00:30,2,373,100,45.7286493235231,5.55237159503091
"3008",2022-03-23 00:00:35,2,373,100,48.996545177303,5.27335022600449
"3009",2022-03-23 00:00:40,2,373,100,47.7014983356734,5.99092932941344
"3010",2022-03-23 00:00:45,2,373,100,48.9715946980825,5.64259391229316
"3011",2022-03-23 00:00:50,2,373,100,48.5240109452676,6.09275017046974
"3012",2022-03-23 00:00:55,2,373,100,47.1432865246748,6.34705915267469
"3013",2022-03-23 00:01:00,2,373,100,47.697653681675,5.61658346760956
"3014",2022-03-23 00:01:05,2,373,100,49.8373545792207,6.31642675597142
"3015",2022-03-23 00:01:10,2,373,100,50.5723486686642,5.74103892465707
"3016",2022-03-23 00:01:15,2,373,100,49.523577622822,5.51591497566821
"3017",2022-03-23 00:01:20,2,373,100,49.3869056157837,6.06232728414082
"3018",2022-03-23 00:01:25,2,373,100,48.4485392737948,5.36920906699291
"3019",2022-03-23 00:01:30,2,373,100,47.8713915322723,5.59866952372582
"3020",2022-03-23 00:01:35,2,373,100,49.3452360612259,5.97150536439114
"3021",2022-03-23 00:01:40,2,373,100,49.7841904880183,6.10467213014933
"3022",2022-03-23 00:01:45,2,373,100,47.6003948508158,5.62139016980757
"3023",2022-03-23 00:01:50,2,373,100,45.5418760209115,5.79363743721606
"3024",2022-03-23 00:01:55,2,373,100,48.3325202005962,5.71744609872352
"3025",2022-03-23 00:02:00,2,373,100,49.8002595288857,6.50068975542239
"3026",2022-03-23 00:02:05,2,373,100,47.5324281140293,5.80633032051724
"3027",2022-03-23 00:02:10,2,373,100,47.91255565473,5.67891239444104
"3028",2022-03-23 00:02:15,2,373,100,50.4206395707187,5.99722172604026
"3029",2022-03-23 00:02:20,2,373,100,46.6845843647223,5.82374262545882
"3030",2022-03-23 00:02:25,2,373,100,48.1922779421787,5.89921190699548
"3031",2022-03-23 00:02:30,2,373,100,49.3970125959791,5.72633265334503
"3032",2022-03-23 00:02:35,2,373,100,47.9481868945986,5.90356133765862
"3033",2022-03-23 00:02:40,2,373,100,48.4475150810839,6.06158888116753
"3034",2022-03-23 00:02:45,2,373,100,48.5724451472285,5.73657814187672
"3035",2022-03-23 00:02:50,2,373,100,49.1104088144151,5.40251958026361
"3036",2022-03-23 00:02:55,2,373,100,48.6195004293736,5.53496304664118
"3037",2022-03-23 00:03:00,2,373,100,48.5621831598455,5.99644187533295
"3038",2022-03-23 00:03:05,2,373,100,47.3243730310098,5.5504355156909
"3039",2022-03-23 00:03:10,2,373,100,47.972311636276,5.46525403400914
"3040",2022-03-23 00:03:15,2,373,100,47.6569214854438,5.62325479123335
"3041",2022-03-23 00:03:20,2,373,100,48.9030023133382,5.90398175064448
"3042",2022-03-23 00:03:25,2,373,100,50.1801837247454,5.88794854975943
"3043",2022-03-23 00:03:30,2,373,100,46.3536961118194,5.72567460930848
"3044",2022-03-23 00:03:35,2,373,100,46.5778106484872,6.25493058254371
"3045",2022-03-23 00:03:40,2,373,100,47.9584132060281,5.44807683750833
"3046",2022-03-23 00:03:45,2,373,100,48.6081866497317,6.20824892983167
"3047",2022-03-23 00:03:50,2,373,100,48.2089676042152,6.25501088190375
"3048",2022-03-23 00:03:55,2,373,100,48.8411510918153,5.21447562454052
"3049",2022-03-23 00:04:00,2,373,100,49.3942037234686,5.90297011261885
"3050",2022-03-23 00:04:05,2,373,100,49.6968205883083,5.95333835335761
"3051",2022-03-23 00:04:10,2,373,100,50.0230918040129,6.36965053774412
"3052",2022-03-23 00:04:15,2,373,100,49.3130559891259,5.64652559865782
"3053",2022-03-23 00:04:20,2,373,100,46.8469096698194,5.66824192686702
"3054",2022-03-23 00:04:25,2,373,100,48.457068191373,5.88856879878094
"3055",2022-03-23 00:04:30,2,373,100,48.3764354128938,6.65708318711188
"3056",2022-03-23 00:04:35,2,373,100,47.7409879366552,5.90738839069923
"3057",2022-03-23 00:04:40,2,373,100,47.9798249657257,5.27245507235425
"3058",2022-03-23 00:04:45,2,373,100,48.6731355233772,5.97194862248152
"3059",2022-03-23 00:04:50,2,373,100,46.9611137539984,5.3348950623351
"3060",2022-03-23 00:04:55,2,373,100,49.5428324884089,5.98878165277635
"3061",2022-03-23 00:05:00,2,373,100,49.0053941421526,5.63700205517121
"3062",2022-03-23 00:05:05,2,373,100,50.2110730496909,5.52441700702883
"3063",2022-03-23 00:05:10,2,373,100,48.5472599635544,5.80781361672487
"3064",2022-03-23 00:05:15,2,373,100,47.695971658602,5.57240445125729
"3065",2022-03-23 00:05:20,2,373,100,49.1233664955112,6.10206842572381
"3066",2022-03-23 00:05:25,2,373,100,47.8319343871184,5.67974782553535
"3067",2022-03-23 00:05:30,2,373,100,47.3374151389852,5.68911281478692
"3068",2022-03-23 00:05:35,2,373,100,50.614862022727,5.84089642720413
"3069",2022-03-23 00:05:40,2,373,100,49.6824089791368,5.78308568901923
"3070",2022-03-23 00:05:45,2,373,100,50.5936913871912,5.96254499856397
"3071",2022-03-23 00:05:50,2,373,100,48.8546124647724,6.1150454345992
"3072",2022-03-23 00:05:55,2,373,100,49.6019602633545,5.76951278691948
"3073",2022-03-23 00:06:00,2,373,100,48.2404797451235,5.6616716636374
"3074",2022-03-23 00:06:05,2,373,100,46.988300613137,5.99977392722799
"3075",2022-03-23 00:06:10,2,373,100,47.6591662389888,5.90081359505659
"3076",2022-03-23 00:06:15,2,373,100,46.8421026569592,5.26631071635117
"3077",2022-03-23 00:06:20,2,373,100,51.5272271741046,6.15594840276072
"3078",2022-03-23 00:06:25,2,373,100,50.490561198042,6.0958159476517
"3079",2022-03-23 00:06:30,2,373,100,50.5632231968175,5.81862129641054
"3080",2022-03-23 00:06:35,2,373,100,47.6173737769619,5.98232697079026
"3081",2022-03-23 00:06:40,2,373,100,47.8003365353828,5.92260954343679
"3082",2022-03-23 00:06:45,2,373,100,46.0137901388132,5.71471386901141
"3083",2022-03-23 00:06:50,2,373,100,45.5617494933381,6.16620022240115
"3084",2022-03-23 00:06:55,2,373,100,47.4484763041485,5.78607849434315
"3085",2022-03-23 00:07:00,2,373,100,46.8504108770982,5.61744348182889
"3086",2022-03-23 00:07:05,2,373,100,49.291823582687,5.47199505096663
"3087",2022-03-23 00:07:10,2,373,100,50.8133352909161,5.39803555250572
"3088",2022-03-23 00:07:15,2,373,100,49.7069692430564,5.81564137540941
"3089",2022-03-23 00:07:20,2,373,100,48.6392004882204,5.64117991547285
"3090",2022-03-23 00:07:25,2,373,100,46.4208278837085,5.82302659148554
"3091",2022-03-23 00:07:30,2,373,100,48.2298765898721,5.74941748417303
"3092",2022-03-23 00:07:35,2,373,100,49.173357031896,5.26986498924415
"3093",2022-03-23 00:07:40,2,373,100,47.5701241317118,6.18779534882236
"3094",2022-03-23 00:07:45,2,373,100,49.3643116054642,5.21580787801662
"3095",2022-03-23 00:07:50,2,373,100,48.2484677661683,5.57941820761527
"3096",2022-03-23 00:07:55,2,373,100,50.2621972091041,5.65317974488272
"3097",2022-03-23 00:08:00,2,373,100,49.1534663923228,5.69224497767671
"3098",2022-03-23 00:08:05,2,373,100,49.1283524890639,6.11933862655886
"3099",2022-03-23 00:08:10,2,373,100,49.2593864744082,5.7196455903091
"3100",2022-03-23 00:08:15,2,373,100,47.9637601210059,6.12998782689868
"3101",2022-03-23 00:08:20,2,373,100,50.1851773128873,5.85517308477753
"3102",2022-03-23 00:08:25,2,373,100,51.0314785630569,5.79342680250626
"3103",2022-03-23 00:08:30,2,373,100,49.5609067332029,6.00193606978647
"3104",2022-03-23 00:08:35,2,373,100,47.3014068264382,5.63641768431436
"3105",2022-03-23 00:08:40,2,373,100,49.4565376684798,5.89992668010243
"3106",2022-03-23 00:08:45,2,373,100,47.1477565559467,5.77289387964512
"3107",2022-03-23 00:08:50,2,373,100,48.0091191147154,5.71347664114182
"3108",2022-03-23 00:08:55,2,373,100,46.1379773451617,5.33965257407466
"3109",2022-03-23 00:09:00,2,373,100,49.9783198681599,5.82794590376089
"3110",2022-03-23 00:09:05,2,373,100,47.4559297685592,5.9570049910218
"3111",2022-03-23 00:09:10,2,373,100,47.582490982859,5.87268012696098
"3112",2022-03-23 00:09:15,2,373,100,48.8052559631147,5.84943128755479
"3113",2022-03-23 00:09:20,2,373,100,48.5509257618837,6.13092290062207
"3114",2022-03-23 00:09:25,2,373,100,51.1762008985754,5.75714326587965
"3115",2022-03-23 00:09:30,2,373,100,49.1338324601376,5.76806912942245
"3116",2022-03-23 00:09:35,2,373,100,49.6886827486812,5.59284300437275
"3117",2022-03-23 00:09:40,2,373,100,47.7899722749984,5.79666281890887
"3118",2022-03-23 00:09:45,2,373,100,49.0406657079428,5.59914794051459
"3119",2022-03-23 00:09:50,2,373,100,48.9744400928147,6.11180076982088
"3120",2022-03-23 00:09:55,2,373,100,46.341384290726,6.33114819481436
"3121",2022-03-23 00:10:00,2,373,100,50.1119129405144,5.90722119852887
"3122",2022-03-23 00:10:05,2,373,100,49.2301226107711,5.97745826155733
"3123",2022-03-23 00:10:10,2,373,100,48.797945620315,5.65799421416949
"3124",2022-03-23 00:10:15,2,373,100,47.640113822314,5.97289254438959
"3125",2022-03-23 00:10:20,2,373,100,47.5963643664189,5.99374297814416
"3126",2022-03-23 00:10:25,2,373,100,50.7225523877716,6.06720773000254
"3127",2022-03-23 00:10:30,2,373,100,47.2539763533722,5.95675160639589
"3128",2022-03-23 00:10:35,2,373,100,51.0207400615567,5.8193714099806
"3129",2022-03-23 00:10:40,2,373,100,49.3453412779177,6.32738339402993
"3130",2022-03-23 00:10:45,2,373,100,48.5599040497472,6.18270528742206
"3131",2022-03-23 00:10:50,2,373,100,49.5755265870304,5.81288503762176
"3132",2022-03-23 00:10:55,2,373,100,46.5006637685153,5.81320638479383
"3133",2022-03-23 00:11:00,2,373,100,46.6214833887398,5.86988841349329
"3134",2022-03-23 00:11:05,2,373,100,47.2829331241954,6.10746921188844
"3135",2022-03-23 00:11:10,2,373,100,49.8642950404613,5.77056929312978
"3136",2022-03-23 00:11:15,2,373,100,45.6254293083245,5.85119068017322
"3137",2022-03-23 00:11:20,2,373,100,48.3512229565073,5.75186143584336
"3138",2022-03-23 00:11:25,2,373,100,48.6594646994188,5.64021143586968
"3139",2022-03-23 00:11:30,2,373,100,48.8450863737832,6.11741664782707
"3140",2022-03-23 00:11:35,2,373,100,47.8742588409767,5.28271146860261
"3141",2022-03-23 00:11:40,2,373,100,47.7426007136053,6.4226326203475
"3142",2022-03-23 00:11:45,2,373,100,49.2226682943103,5.96943029633591
"3143",2022-03-23 00:11:50,2,373,100,48.7326285668521,5.69026966320046
"3144",2022-03-23 00:11:55,2,373,100,48.8190497269297,5.65481011221072
"3145",2022-03-23 00:12:00,2,373,100,50.1252932386869,5.7445462351848
"3146",2022-03-23 00:12:05,2,373,100,46.5133181133106,5.22998775169074
"3147",2022-03-23 00:12:10,2,373,100,47.6448108058713,6.3757207718328
"3148",2022-03-23 00:12:15,2,373,100,47.0840720072753,5.50399696367242
"3149",2022-03-23 00:12:20,2,373,100,47.5207048115752,5.83134586998116
"3150",2022-03-23 00:12:25,2,373,100,48.8764850505847,5.94334178341978
"3151",2022-03-23 00:12:30,2,373,100,47.8327831089016,6.2005680024921
"3152",2022-03-23 00:12:35,2,373,100,48.9917807462374,5.92029254849992
"3153",2022-03-23 00:12:40,2,373,100,47.2416427126673,6.34907647331009
"3154",2022-03-23 00:12:45,2,373,100,48.45557138327,6.10668797732058
"3155",2022-03-23 00:12:50,2,373,100,50.3232138336896,6.50107681996806
"3156",2022-03-23 00:12:55,2,373,100,46.7965920877136,5.31900943166135
"3157",2022-03-23 00:13:00,2,373,100,47.67332100259,5.8421353724418
"3158",2022-03-23 00:13:05,2,373,100,49.7004927749054,5.80293990453341
"3159",2022-03-23 00:13:10,2,373,100,48.1942592404519,5.32322382903327
"3160",2022-03-23 00:13:15,2,373,100,46.9617466178322,5.88673362761938
"3161",2022-03-23 00:13:20,2,373,100,47.1828225069968,5.53347307635504
"3162",2022-03-23 00:13:25,2,373,100,50.1785096145428,6.05369660670397
"3163",2022-03-23 00:13:30,2,373,100,47.4553118024262,5.45252756766596
"3164",2022-03-23 00:13:35,2,373,100,49.1611400445771,6.04891810283091
"3165",2022-03-23 00:13:40,2,373,100,45.56708657457,5.90834329271545
"3166",2022-03-23 00:13:45,2,373,100,46.1507091799773,6.40092529582085
"3167",2022-03-23 00:13:50,2,373,100,50.4563540104469,5.93527898553686
"3168",2022-03-23 00:13:55,2,373,100,47.5521857918478,5.92181756846824
"3169",2022-03-23 00:14:00,2,373,100,50.8196667922404,6.39035489474693
"3170",2022-03-23 00:14:05,2,373,100,49.33219000698,6.17258737827522
"3171",2022-03-23 00:14:10,2,373,100,47.2821715367654,5.98199741311222
"3172",2022-03-23 00:14:15,2,373,100,47.7067251400995,6.00034289377271
"3173",2022-03-23 00:14:20,2,373,100,48.1243884256589,5.15928772103591
"3174",2022-03-23 00:14:25,2,373,100,48.7291811635007,5.74723723893215
"3175",2022-03-23 00:14:30,2,373,100,46.6808455540989,5.56339625298595
"3176",2022-03-23 00:14:35,2,373,100,50.7498563357525,5.78332929799948
"3177",2022-03-23 00:14:40,2,373,100,49.5178258965392,6.10250562904435
"3178",2022-03-23 00:14:45,2,373,100,49.1396983817239,6.1558898233495
"3179",2022-03-23 00:14:50,2,373,100,47.8779625420127,5.95742463657883
"3180",2022-03-23 00:14:55,2,373,100,47.8695977606157,5.20623873320719
"3181",2022-03-23 00:15:00,2,373,100,47.6256613903794,5.8801111030782
"3182",2022-03-23 00:15:05,2,373,100,48.7856858520939,6.14509136228643
"3183",2022-03-23 00:15:10,2,373,100,50.4487098678082,5.769549008088
"3184",2022-03-23 00:15:15,2,373,100,49.4085052602955,5.48084527549955
"3185",2022-03-23 00:15:20,2,373,100,49.0263631933077,5.81627822361453
"3186",2022-03-23 00:15:25,2,373,100,49.0720089793793,5.71888097198804
"3187",2022-03-23 00:15:30,2,373,100,49.7200827710722,6.01386782246001
"3188",2022-03-23 00:15:35,2,373,100,47.7396301872861,5.89467755759096
"3189",2022-03-23 00:15:40,2,373,100,46.2551171719233,5.39543186471901
"3190",2022-03-23 00:15:45,2,373,100,46.3091057521243,5.44457693770002
"3191",2022-03-23 00:15:50,2,373,100,48.5943978862174,5.49849645288927
"3192",2022-03-23 00:15:55,2,373,100,47.6086112331966,5.64088644660391
"3193",2022-03-23 00:16:00,2,373,100,46.6727166236606,5.41356007240992
"3194",2022-03-23 00:16:05,2,373,100,46.6505834700043,6.47187486687447
"3195",2022-03-23 00:16:10,2,373,100,46.9607680940226,6.05831885008094
"3196",2022-03-23 00:16:15,2,373,100,49.6788274369111,5.95818269683822
"3197",2022-03-23 00:16:20,2,373,100,47.4971935525217,5.98032153798277
"3198",2022-03-23 00:16:25,2,373,100,49.2570465434766,5.56379380330419
"3199",2022-03-23 00:16:30,2,373,100,49.0767051340957,5.18907046025632
"3200",2022-03-23 00:16:35,2,373,100,46.9704984954962,5.57366688056352
"3201",2022-03-24 00:00:00,2,373,200,46.9652913201403,6.19319786558027
"3202",2022-03-24 00:00:05,2,373,200,49.1234505698678,6.73199621424969
"3203",2022-03-24 00:00:10,2,373,200,47.5698856771721,6.23392110158575
"3204",2022-03-24 00:00:15,2,373,200,46.8028475558779,5.88230772331234
"3205",2022-03-24 00:00:20,2,373,200,46.3435856102195,5.69568777257257
"3206",2022-03-24 00:00:25,2,373,200,49.5906961418396,5.53561306825369
"3207",2022-03-24 00:00:30,2,373,200,51.9697906367202,5.932806372731
"3208",2022-03-24 00:00:35,2,373,200,49.2774847741439,5.666767489231
"3209",2022-03-24 00:00:40,2,373,200,50.8307015848923,5.95346796385114
"3210",2022-03-24 00:00:45,2,373,200,50.957295155203,5.82035103973215
"3211",2022-03-24 00:00:50,2,373,200,48.2571484810786,6.37314324471775
"3212",2022-03-24 00:00:55,2,373,200,48.5581378815402,5.8499356129296
"3213",2022-03-24 00:01:00,2,373,200,48.5977578059418,5.70398284150967
"3214",2022-03-24 00:01:05,2,373,200,47.9564296965739,6.0275575325572
"3215",2022-03-24 00:01:10,2,373,200,46.7572414038028,5.48218533130688
"3216",2022-03-24 00:01:15,2,373,200,50.5729938498906,5.89499007663901
"3217",2022-03-24 00:01:20,2,373,200,48.3850642646232,5.49198521354585
"3218",2022-03-24 00:01:25,2,373,200,47.445242482824,6.11163480802453
"3219",2022-03-24 00:01:30,2,373,200,50.6390971861026,6.1155319367883
"3220",2022-03-24 00:01:35,2,373,200,46.6866760447019,5.20218600629675
"3221",2022-03-24 00:01:40,2,373,200,51.1214168151291,6.11421386464406
"3222",2022-03-24 00:01:45,2,373,200,48.6880938224464,5.99951805773018
"3223",2022-03-24 00:01:50,2,373,200,49.9653482714156,6.18498808650881
"3224",2022-03-24 00:01:55,2,373,200,47.6349580566136,6.3025933279636
"3225",2022-03-24 00:02:00,2,373,200,47.7269088499121,5.85284020904022
"3226",2022-03-24 00:02:05,2,373,200,48.3941521471262,6.17632810882209
"3227",2022-03-24 00:02:10,2,373,200,49.3013715147873,5.42053129930965
"3228",2022-03-24 00:02:15,2,373,200,48.5320782236081,6.12044025336583
"3229",2022-03-24 00:02:20,2,373,200,46.9408225540863,5.8333756529776
"3230",2022-03-24 00:02:25,2,373,200,48.0604383842687,5.96337399747868
"3231",2022-03-24 00:02:30,2,373,200,48.6231396658585,5.98054336874667
"3232",2022-03-24 00:02:35,2,373,200,48.4577746690695,6.25892690477294
"3233",2022-03-24 00:02:40,2,373,200,45.7612637275354,5.95594693012048
"3234",2022-03-24 00:02:45,2,373,200,49.3360817453493,5.88488647760054
"3235",2022-03-24 00:02:50,2,373,200,48.8216507801222,6.02778303684579
"3236",2022-03-24 00:02:55,2,373,200,45.7544123092337,5.97651475659796
"3237",2022-03-24 00:03:00,2,373,200,48.1194603162172,6.16889149813968
"3238",2022-03-24 00:03:05,2,373,200,49.172844177461,6.0437264192049
"3239",2022-03-24 00:03:10,2,373,200,48.9500461902162,6.06272618587969
"3240",2022-03-24 00:03:15,2,373,200,48.7794039713361,5.77952586222952
"3241",2022-03-24 00:03:20,2,373,200,48.4690958651189,5.66839957707779
"3242",2022-03-24 00:03:25,2,373,200,48.9036336434077,5.25532600729332
"3243",2022-03-24 00:03:30,2,373,200,49.9983325634849,5.8365355815262
"3244",2022-03-24 00:03:35,2,373,200,47.3314354468188,5.4224395926572
"3245",2022-03-24 00:03:40,2,373,200,47.9356070048825,5.69440809349552
"3246",2022-03-24 00:03:45,2,373,200,47.9360717371254,5.78611147394373
"3247",2022-03-24 00:03:50,2,373,200,46.3984563747107,5.81472287564535
"3248",2022-03-24 00:03:55,2,373,200,49.0976981800387,6.15660256584676
"3249",2022-03-24 00:04:00,2,373,200,47.6168439901664,5.96066388816286
"3250",2022-03-24 00:04:05,2,373,200,46.3874368716056,5.46258817570697
"3251",2022-03-24 00:04:10,2,373,200,47.0445918278202,5.84141133140073
"3252",2022-03-24 00:04:15,2,373,200,48.7165897971414,5.80710785445565
"3253",2022-03-24 00:04:20,2,373,200,49.5160786223801,5.78938039240267
"3254",2022-03-24 00:04:25,2,373,200,48.6908753220235,5.94523162046941
"3255",2022-03-24 00:04:30,2,373,200,49.939791744112,6.10141470120144
"3256",2022-03-24 00:04:35,2,373,200,48.3115586896369,6.11501582923083
"3257",2022-03-24 00:04:40,2,373,200,50.5369149005296,5.63743286195195
"3258",2022-03-24 00:04:45,2,373,200,47.8147684055637,6.05942097463361
"3259",2022-03-24 00:04:50,2,373,200,46.4895124801295,5.80386357993566
"3260",2022-03-24 00:04:55,2,373,200,48.8110895803221,6.05058363699736
"3261",2022-03-24 00:05:00,2,373,200,47.8109589298164,6.15495009576404
"3262",2022-03-24 00:05:05,2,373,200,49.3092763453047,6.25709461021728
"3263",2022-03-24 00:05:10,2,373,200,47.7679784665423,5.55314586692882
"3264",2022-03-24 00:05:15,2,373,200,49.6985099337107,5.26753005323245
"3265",2022-03-24 00:05:20,2,373,200,46.0299531540198,5.71804855115174
"3266",2022-03-24 00:05:25,2,373,200,48.0584192542448,5.22900627425933
"3267",2022-03-24 00:05:30,2,373,200,48.8463921543083,5.75149731244558
"3268",2022-03-24 00:05:35,2,373,200,49.8534810761666,6.0917317469387
"3269",2022-03-24 00:05:40,2,373,200,47.1923473058901,5.74014209319867
"3270",2022-03-24 00:05:45,2,373,200,45.1565061576077,6.13760545103622
"3271",2022-03-24 00:05:50,2,373,200,49.9762208982007,6.11552057062972
"3272",2022-03-24 00:05:55,2,373,200,48.7755932997189,6.03085620936559
"3273",2022-03-24 00:06:00,2,373,200,47.2589194348894,5.37009273742584
"3274",2022-03-24 00:06:05,2,373,200,47.8218521734454,5.30812935142694
"3275",2022-03-24 00:06:10,2,373,200,47.136670980362,5.40004195561118
"3276",2022-03-24 00:06:15,2,373,200,47.5154868527249,5.55619772329763
"3277",2022-03-24 00:06:20,2,373,200,48.385170843432,5.83648928929712
"3278",2022-03-24 00:06:25,2,373,200,50.2353967213048,5.43735589562748
"3279",2022-03-24 00:06:30,2,373,200,47.1520492704028,5.45092174188088
"3280",2022-03-24 00:06:35,2,373,200,48.1667202621167,6.29999826567092
"3281",2022-03-24 00:06:40,2,373,200,49.5270560262864,5.8134803703347
"3282",2022-03-24 00:06:45,2,373,200,50.4133323652182,5.76512971852873
"3283",2022-03-24 00:06:50,2,373,200,50.2865457312697,5.76283761777562
"3284",2022-03-24 00:06:55,2,373,200,46.7052353457356,6.34511841320356
"3285",2022-03-24 00:07:00,2,373,200,49.1338177566399,5.92434094796368
"3286",2022-03-24 00:07:05,2,373,200,48.2240838116681,5.28800739489399
"3287",2022-03-24 00:07:10,2,373,200,48.4670090008091,6.07335932219176
"3288",2022-03-24 00:07:15,2,373,200,48.9034796963023,5.5043517333641
"3289",2022-03-24 00:07:20,2,373,200,47.8492918541739,5.60126962450795
"3290",2022-03-24 00:07:25,2,373,200,50.3075251925998,6.02917740476944
"3291",2022-03-24 00:07:30,2,373,200,47.6385716810732,5.59696980527577
"3292",2022-03-24 00:07:35,2,373,200,49.6672878154932,5.64661898497485
"3293",2022-03-24 00:07:40,2,373,200,49.5092546107556,5.62674093127286
"3294",2022-03-24 00:07:45,2,373,200,47.4166011188545,6.40907364254901
"3295",2022-03-24 00:07:50,2,373,200,46.597227713273,6.10218964435323
"3296",2022-03-24 00:07:55,2,373,200,45.9781709678215,5.73749189566191
"3297",2022-03-24 00:08:00,2,373,200,50.8722880964063,6.01298433417557
"3298",2022-03-24 00:08:05,2,373,200,50.2723711172156,5.73259398298587
"3299",2022-03-24 00:08:10,2,373,200,49.6454428245186,4.98993397243628
"3300",2022-03-24 00:08:15,2,373,200,49.4483190018284,5.91215575400433
"3301",2022-03-24 00:08:20,2,373,200,49.0580662446834,5.65291330041011
"3302",2022-03-24 00:08:25,2,373,200,47.736701466882,5.72061044653531
"3303",2022-03-24 00:08:30,2,373,200,47.1224416348505,5.41317802491548
"3304",2022-03-24 00:08:35,2,373,200,46.835739753781,6.16383301783581
"3305",2022-03-24 00:08:40,2,373,200,46.7128889785517,6.00684620970502
"3306",2022-03-24 00:08:45,2,373,200,48.3461663960467,5.60700584126351
"3307",2022-03-24 00:08:50,2,373,200,48.0006432739335,5.56258047719224
"3308",2022-03-24 00:08:55,2,373,200,45.663349027706,5.42402946730723
"3309",2022-03-24 00:09:00,2,373,200,51.4705701627856,5.53691553125121
"3310",2022-03-24 00:09:05,2,373,200,47.6919575338196,6.02517583585883
"3311",2022-03-24 00:09:10,2,373,200,47.5925156207549,5.97067079067252
"3312",2022-03-24 00:09:15,2,373,200,48.5155786133877,5.7886751920533
"3313",2022-03-24 00:09:20,2,373,200,50.5741840251135,6.38336727683555
"3314",2022-03-24 00:09:25,2,373,200,47.8457025029073,5.73576319113892
"3315",2022-03-24 00:09:30,2,373,200,46.0152539726296,6.01382413215865
"3316",2022-03-24 00:09:35,2,373,200,49.3158877266932,5.68352533259406
"3317",2022-03-24 00:09:40,2,373,200,48.4214017195343,5.28254710260413
"3318",2022-03-24 00:09:45,2,373,200,47.01074223155,5.93021029053812
"3319",2022-03-24 00:09:50,2,373,200,49.3121848071591,5.76983090569037
"3320",2022-03-24 00:09:55,2,373,200,49.011646321716,5.64073801963249
"3321",2022-03-24 00:10:00,2,373,200,47.0589526625931,5.88419298042663
"3322",2022-03-24 00:10:05,2,373,200,49.026601101127,6.2881586121594
"3323",2022-03-24 00:10:10,2,373,200,48.1811443306121,5.67083293081047
"3324",2022-03-24 00:10:15,2,373,200,49.1029641620355,6.48764228124963
"3325",2022-03-24 00:10:20,2,373,200,48.5444090321892,6.04504787631365
"3326",2022-03-24 00:10:25,2,373,200,48.9835777875087,6.12723264291311
"3327",2022-03-24 00:10:30,2,373,200,47.8301387326811,5.70740651454286
"3328",2022-03-24 00:10:35,2,373,200,48.4228854127162,5.10135484940411
"3329",2022-03-24 00:10:40,2,373,200,47.1570389591845,5.86363593423929
"3330",2022-03-24 00:10:45,2,373,200,47.5487632241383,5.48803184706481
"3331",2022-03-24 00:10:50,2,373,200,51.6613575426095,5.9097312178235
"3332",2022-03-24 00:10:55,2,373,200,46.7467102336087,5.80197468342588
"3333",2022-03-24 00:11:00,2,373,200,48.9797724918657,5.97036544671876
"3334",2022-03-24 00:11:05,2,373,200,46.009552052727,5.4528506337043
"3335",2022-03-24 00:11:10,2,373,200,49.0386851103648,5.78588227385126
"3336",2022-03-24 00:11:15,2,373,200,46.9744275897401,5.64605664914198
"3337",2022-03-24 00:11:20,2,373,200,48.3499401945907,5.75295899623676
"3338",2022-03-24 00:11:25,2,373,200,50.3140996822354,6.69647110869014
"3339",2022-03-24 00:11:30,2,373,200,49.072089273885,5.49646780103471
"3340",2022-03-24 00:11:35,2,373,200,48.7578289348811,5.8058430285164
"3341",2022-03-24 00:11:40,2,373,200,46.9450295583938,5.64938012912414
"3342",2022-03-24 00:11:45,2,373,200,49.3847793188894,5.79546089939637
"3343",2022-03-24 00:11:50,2,373,200,48.5873272928242,6.64237579008995
"3344",2022-03-24 00:11:55,2,373,200,49.1164456295892,5.59828030879995
"3345",2022-03-24 00:12:00,2,373,200,49.197020937846,6.04052095255836
"3346",2022-03-24 00:12:05,2,373,200,47.4555431270606,5.41151490592263
"3347",2022-03-24 00:12:10,2,373,200,46.8419254266272,6.06046396839412
"3348",2022-03-24 00:12:15,2,373,200,49.4860953815793,5.8126816068834
"3349",2022-03-24 00:12:20,2,373,200,46.4599215337248,6.10863935002491
"3350",2022-03-24 00:12:25,2,373,200,49.290488892295,5.714944276569
"3351",2022-03-24 00:12:30,2,373,200,49.8061589724837,5.79356220639845
"3352",2022-03-24 00:12:35,2,373,200,47.3588837098454,5.99169700030112
"3353",2022-03-24 00:12:40,2,373,200,48.1928605052268,5.53078914476815
"3354",2022-03-24 00:12:45,2,373,200,49.2583080693301,5.66786417336431
"3355",2022-03-24 00:12:50,2,373,200,49.2701255987501,5.3849850138618
"3356",2022-03-24 00:12:55,2,373,200,46.4954129425897,5.92255877113876
"3357",2022-03-24 00:13:00,2,373,200,48.5115016250212,5.98943252095472
"3358",2022-03-24 00:13:05,2,373,200,49.0819465261431,5.42883022426488
"3359",2022-03-24 00:13:10,2,373,200,51.191582917802,5.75333958683874
"3360",2022-03-24 00:13:15,2,373,200,45.1808760342953,5.43055108314782
"3361",2022-03-24 00:13:20,2,373,200,49.4288839823675,6.00930167264383
"3362",2022-03-24 00:13:25,2,373,200,52.3393509741453,6.09785368239671
"3363",2022-03-24 00:13:30,2,373,200,50.1757029107285,6.08812209606485
"3364",2022-03-24 00:13:35,2,373,200,48.3015602053871,6.10449594760632
"3365",2022-03-24 00:13:40,2,373,200,48.9264746630754,5.71753523876002
"3366",2022-03-24 00:13:45,2,373,200,49.919896546985,5.47026481354586
"3367",2022-03-24 00:13:50,2,373,200,47.0997285334524,6.10093938471805
"3368",2022-03-24 00:13:55,2,373,200,45.575062408525,6.30285272381771
"3369",2022-03-24 00:14:00,2,373,200,49.0616814987422,5.7855061924489
"3370",2022-03-24 00:14:05,2,373,200,49.3351118317657,5.35273972558954
"3371",2022-03-24 00:14:10,2,373,200,47.5876246085117,5.92948801353532
"3372",2022-03-24 00:14:15,2,373,200,48.0310288529387,5.86220104609111
"3373",2022-03-24 00:14:20,2,373,200,49.4372031760559,5.92779583794463
"3374",2022-03-24 00:14:25,2,373,200,49.2966128964445,5.71801577394284
"3375",2022-03-24 00:14:30,2,373,200,47.0580304915721,5.8641297960844
"3376",2022-03-24 00:14:35,2,373,200,46.4846069369048,5.83461087292543
"3377",2022-03-24 00:14:40,2,373,200,51.0185139820345,5.22752647356931
"3378",2022-03-24 00:14:45,2,373,200,48.1294238068525,6.43218939591754
"3379",2022-03-24 00:14:50,2,373,200,47.6092473702418,5.97437391527569
"3380",2022-03-24 00:14:55,2,373,200,46.4481312313881,5.79974399433304
"3381",2022-03-24 00:15:00,2,373,200,46.4923596046908,6.11025180739573
"3382",2022-03-24 00:15:05,2,373,200,48.2952690247984,5.39543699532642
"3383",2022-03-24 00:15:10,2,373,200,49.4676701608658,6.26487888538122
"3384",2022-03-24 00:15:15,2,373,200,49.0197207140871,5.50870085524527
"3385",2022-03-24 00:15:20,2,373,200,46.512702656011,6.14340782543752
"3386",2022-03-24 00:15:25,2,373,200,48.6843744920291,5.8498383489649
"3387",2022-03-24 00:15:30,2,373,200,48.4882032903631,5.46778140274702
"3388",2022-03-24 00:15:35,2,373,200,46.8400616472763,5.78134500622855
"3389",2022-03-24 00:15:40,2,373,200,49.7942316737635,5.74425947226918
"3390",2022-03-24 00:15:45,2,373,200,49.8618719317291,5.86483298705168
"3391",2022-03-24 00:15:50,2,373,200,47.3609555533085,5.50206684305722
"3392",2022-03-24 00:15:55,2,373,200,44.7742768009332,5.94663399861564
"3393",2022-03-24 00:16:00,2,373,200,46.5810068266005,5.57203797940582
"3394",2022-03-24 00:16:05,2,373,200,48.2853757420655,5.7009069442895
"3395",2022-03-24 00:16:10,2,373,200,47.3116231082985,5.60918047962696
"3396",2022-03-24 00:16:15,2,373,200,46.9788518507404,5.86041790468053
"3397",2022-03-24 00:16:20,2,373,200,46.7506401587685,5.85485487935755
"3398",2022-03-24 00:16:25,2,373,200,48.3130619006376,6.00762533600895
"3399",2022-03-24 00:16:30,2,373,200,48.4963681360563,5.76571025907502
"3400",2022-03-24 00:16:35,2,373,200,48.4950581941864,5.38662264512981
"3401",2022-03-25 00:00:00,2,373,300,50.9961593862534,5.82849406117137
"3402",2022-03-25 00:00:05,2,373,300,46.4367185387345,6.02770298911426
"3403",2022-03-25 00:00:10,2,373,300,48.761279340806,5.52830514609929
"3404",2022-03-25 00:00:15,2,373,300,45.663918442085,5.87308836212427
"3405",2022-03-25 00:00:20,2,373,300,48.3380620915681,5.66412149227902
"3406",2022-03-25 00:00:25,2,373,300,49.0703805845011,5.36389052209645
"3407",2022-03-25 00:00:30,2,373,300,49.025816850308,5.45657951324824
"3408",2022-03-25 00:00:35,2,373,300,48.7278178461817,5.60308493594582
"3409",2022-03-25 00:00:40,2,373,300,46.4349143067478,5.86412659696449
"3410",2022-03-25 00:00:45,2,373,300,48.7758007180326,6.12654039010683
"3411",2022-03-25 00:00:50,2,373,300,48.9333417470007,5.91755158906251
"3412",2022-03-25 00:00:55,2,373,300,48.0422354939673,6.28836251127722
"3413",2022-03-25 00:01:00,2,373,300,50.4212798189663,5.46872091538363
"3414",2022-03-25 00:01:05,2,373,300,47.2466656719052,5.96620595688148
"3415",2022-03-25 00:01:10,2,373,300,48.6040994115037,5.79719363554836
"3416",2022-03-25 00:01:15,2,373,300,48.0540312680601,6.01106488031878
"3417",2022-03-25 00:01:20,2,373,300,48.541206579193,5.86720301547354
"3418",2022-03-25 00:01:25,2,373,300,48.8460910906162,5.35537687925619
"3419",2022-03-25 00:01:30,2,373,300,48.634461766338,5.26097328254233
"3420",2022-03-25 00:01:35,2,373,300,49.5065078987633,5.30545526348858
"3421",2022-03-25 00:01:40,2,373,300,48.7252781100836,6.20452455477083
"3422",2022-03-25 00:01:45,2,373,300,44.8165248053677,5.77860730549087
"3423",2022-03-25 00:01:50,2,373,300,47.2138227380661,5.81561416451301
"3424",2022-03-25 00:01:55,2,373,300,50.2273154325662,5.97167297686716
"3425",2022-03-25 00:02:00,2,373,300,48.3561498464492,6.08217280712135
"3426",2022-03-25 00:02:05,2,373,300,46.4466260689956,5.85011837846493
"3427",2022-03-25 00:02:10,2,373,300,48.3103935634206,5.40086920878548
"3428",2022-03-25 00:02:15,2,373,300,48.261240165119,5.42713754917284
"3429",2022-03-25 00:02:20,2,373,300,50.7020981509872,5.50261509628538
"3430",2022-03-25 00:02:25,2,373,300,47.8787643606972,5.81150947030742
"3431",2022-03-25 00:02:30,2,373,300,46.2884056053227,5.78236683582185
"3432",2022-03-25 00:02:35,2,373,300,49.3965647367894,5.03820179256248
"3433",2022-03-25 00:02:40,2,373,300,47.0006966308638,6.08409566365283
"3434",2022-03-25 00:02:45,2,373,300,47.0046115662382,5.69311447416457
"3435",2022-03-25 00:02:50,2,373,300,48.979330189811,5.50987601270433
"3436",2022-03-25 00:02:55,2,373,300,47.4187530029982,5.69892484463992
"3437",2022-03-25 00:03:00,2,373,300,46.2697793725032,5.80550381405495
"3438",2022-03-25 00:03:05,2,373,300,47.2774041220138,5.7936918710854
"3439",2022-03-25 00:03:10,2,373,300,47.4296115699749,5.89041098952764
"3440",2022-03-25 00:03:15,2,373,300,50.1560939121686,6.14252666410837
"3441",2022-03-25 00:03:20,2,373,300,50.9005101779736,5.06860317472781
"3442",2022-03-25 00:03:25,2,373,300,48.1010743939888,5.77564828485038
"3443",2022-03-25 00:03:30,2,373,300,47.8945734419493,5.37379305488412
"3444",2022-03-25 00:03:35,2,373,300,46.7394515814504,5.8192339626583
"3445",2022-03-25 00:03:40,2,373,300,51.4208200918528,5.98105271118166
"3446",2022-03-25 00:03:45,2,373,300,50.5969284343416,5.58705583761049
"3447",2022-03-25 00:03:50,2,373,300,48.3728496480721,6.24257272771695
"3448",2022-03-25 00:03:55,2,373,300,48.7362618795778,5.92760622265015
"3449",2022-03-25 00:04:00,2,373,300,49.817866704967,6.29107397951311
"3450",2022-03-25 00:04:05,2,373,300,48.0255181555368,5.86638938971943
"3451",2022-03-25 00:04:10,2,373,300,48.0910593403486,6.38449718258437
"3452",2022-03-25 00:04:15,2,373,300,50.4279021399131,5.48973661025992
"3453",2022-03-25 00:04:20,2,373,300,46.6715382226054,5.52637029851851
"3454",2022-03-25 00:04:25,2,373,300,48.2480523165679,6.03517711044231
"3455",2022-03-25 00:04:30,2,373,300,47.054632597367,5.90751220935046
"3456",2022-03-25 00:04:35,2,373,300,49.1905649242173,4.80746120492261
"3457",2022-03-25 00:04:40,2,373,300,47.7066991331959,5.85204516648409
"3458",2022-03-25 00:04:45,2,373,300,48.8149185201738,6.07436569553369
"3459",2022-03-25 00:04:50,2,373,300,50.2519783468667,5.91904227737578
"3460",2022-03-25 00:04:55,2,373,300,47.8209610601131,6.22538982119356
"3461",2022-03-25 00:05:00,2,373,300,48.7353293200274,5.30691178189126
"3462",2022-03-25 00:05:05,2,373,300,49.8921509043384,6.00716446806223
"3463",2022-03-25 00:05:10,2,373,300,48.7828923379378,5.89215211234573
"3464",2022-03-25 00:05:15,2,373,300,50.7049248087792,6.02254247349029
"3465",2022-03-25 00:05:20,2,373,300,48.5437014416983,5.60326137691658
"3466",2022-03-25 00:05:25,2,373,300,49.4201149838189,5.84970426531523
"3467",2022-03-25 00:05:30,2,373,300,47.7507246182843,5.82400078495507
"3468",2022-03-25 00:05:35,2,373,300,48.1714818770056,5.3203118933787
"3469",2022-03-25 00:05:40,2,373,300,47.7214006420037,5.51182572909848
"3470",2022-03-25 00:05:45,2,373,300,46.9786222807705,5.49650855855437
"3471",2022-03-25 00:05:50,2,373,300,48.521593463034,5.71523913046475
"3472",2022-03-25 00:05:55,2,373,300,47.0561080741799,5.71900741405141
"3473",2022-03-25 00:06:00,2,373,300,47.6066619127522,6.0134434815927
"3474",2022-03-25 00:06:05,2,373,300,48.3072141569137,5.59799297735856
"3475",2022-03-25 00:06:10,2,373,300,48.771943323428,5.55301220865421
"3476",2022-03-25 00:06:15,2,373,300,46.5144732884509,6.12039858685822
"3477",2022-03-25 00:06:20,2,373,300,48.8095173215015,6.31360805107145
"3478",2022-03-25 00:06:25,2,373,300,45.1440222732267,5.86419757403026
"3479",2022-03-25 00:06:30,2,373,300,48.2323195330591,5.71164578249632
"3480",2022-03-25 00:06:35,2,373,300,48.0503844045215,5.46911987831117
"3481",2022-03-25 00:06:40,2,373,300,48.0821992907271,5.79675534530408
"3482",2022-03-25 00:06:45,2,373,300,45.8017130182051,6.10409452194914
"3483",2022-03-25 00:06:50,2,373,300,48.9387360472998,5.41079373041836
"3484",2022-03-25 00:06:55,2,373,300,49.0200711358118,5.54647032708103
"3485",2022-03-25 00:07:00,2,373,300,48.8908513986197,6.19626253352114
"3486",2022-03-25 00:07:05,2,373,300,48.4539566285344,6.07861811998427
"3487",2022-03-25 00:07:10,2,373,300,46.1028439300445,5.51349180875404
"3488",2022-03-25 00:07:15,2,373,300,47.0338384709903,6.08045294338594
"3489",2022-03-25 00:07:20,2,373,300,46.7648273233359,5.5656019489784
"3490",2022-03-25 00:07:25,2,373,300,49.7012877256198,5.64858265799861
"3491",2022-03-25 00:07:30,2,373,300,50.6140186004558,5.52770689464498
"3492",2022-03-25 00:07:35,2,373,300,48.1761784366127,5.62922151717199
"3493",2022-03-25 00:07:40,2,373,300,48.3481949580443,5.70020060313099
"3494",2022-03-25 00:07:45,2,373,300,48.1376573919862,6.15176039979052
"3495",2022-03-25 00:07:50,2,373,300,50.9442858582349,5.74270036191955
"3496",2022-03-25 00:07:55,2,373,300,48.5724717880557,6.50397722291304
"3497",2022-03-25 00:08:00,2,373,300,48.2009443614636,5.69258912094387
"3498",2022-03-25 00:08:05,2,373,300,48.3719949857303,5.83752219228867
"3499",2022-03-25 00:08:10,2,373,300,47.7505744732403,5.83886008608437
"3500",2022-03-25 00:08:15,2,373,300,49.8610135832729,6.39800377804275
"3501",2022-03-25 00:08:20,2,373,300,48.2585157888126,5.4565868218477
"3502",2022-03-25 00:08:25,2,373,300,48.0451079770683,5.7337313245415
"3503",2022-03-25 00:08:30,2,373,300,49.4032269782907,5.37318708987676
"3504",2022-03-25 00:08:35,2,373,300,50.4917904074225,6.10638623117307
"3505",2022-03-25 00:08:40,2,373,300,50.0861788316636,5.83474934174366
"3506",2022-03-25 00:08:45,2,373,300,46.9982579354823,5.84246786899822
"3507",2022-03-25 00:08:50,2,373,300,47.5505976702925,5.91031468504067
"3508",2022-03-25 00:08:55,2,373,300,47.9419347208553,6.18632895387386
"3509",2022-03-25 00:09:00,2,373,300,49.8833610291378,5.30234997711537
"3510",2022-03-25 00:09:05,2,373,300,50.0224754282659,5.48372157915411
"3511",2022-03-25 00:09:10,2,373,300,46.094877491721,5.50219795650753
"3512",2022-03-25 00:09:15,2,373,300,49.0012125391234,5.81301512842156
"3513",2022-03-25 00:09:20,2,373,300,47.8017549072803,5.56612886173057
"3514",2022-03-25 00:09:25,2,373,300,47.6601912971324,5.74854858826954
"3515",2022-03-25 00:09:30,2,373,300,51.2077437285799,5.30477511097284
"3516",2022-03-25 00:09:35,2,373,300,50.9625314236703,6.26886139811424
"3517",2022-03-25 00:09:40,2,373,300,45.8878453982177,5.83185013087523
"3518",2022-03-25 00:09:45,2,373,300,49.9973467689606,6.21938789758622
"3519",2022-03-25 00:09:50,2,373,300,48.0119772730766,5.16545979205932
"3520",2022-03-25 00:09:55,2,373,300,47.7118877351149,6.42000602209146
"3521",2022-03-25 00:10:00,2,373,300,47.1798842933518,5.92331662822544
"3522",2022-03-25 00:10:05,2,373,300,49.981948227864,5.97193362206477
"3523",2022-03-25 00:10:10,2,373,300,49.0228632796219,5.7624167069779
"3524",2022-03-25 00:10:15,2,373,300,50.4072859100251,6.15597866268688
"3525",2022-03-25 00:10:20,2,373,300,48.6898874186866,6.05468130354862
"3526",2022-03-25 00:10:25,2,373,300,48.7433792170213,5.76925274647901
"3527",2022-03-25 00:10:30,2,373,300,52.006572649223,6.35404544777625
"3528",2022-03-25 00:10:35,2,373,300,49.080223790029,5.40247709349272
"3529",2022-03-25 00:10:40,2,373,300,48.0985845820651,5.74712304135757
"3530",2022-03-25 00:10:45,2,373,300,49.1346746027964,5.82795654087729
"3531",2022-03-25 00:10:50,2,373,300,48.4062578040795,6.0093791027731
"3532",2022-03-25 00:10:55,2,373,300,48.6937766104623,6.12184127142325
"3533",2022-03-25 00:11:00,2,373,300,49.9012771194249,6.10979508238179
"3534",2022-03-25 00:11:05,2,373,300,48.5350714157249,5.47012643549489
"3535",2022-03-25 00:11:10,2,373,300,48.3031637766964,5.5371892495747
"3536",2022-03-25 00:11:15,2,373,300,49.2760197932956,5.83974834425171
"3537",2022-03-25 00:11:20,2,373,300,47.8782169593302,5.99266811105581
"3538",2022-03-25 00:11:25,2,373,300,46.8699330953936,6.13481150528815
"3539",2022-03-25 00:11:30,2,373,300,49.11986745607,6.3486543651537
"3540",2022-03-25 00:11:35,2,373,300,46.8313583393996,5.86925112087137
"3541",2022-03-25 00:11:40,2,373,300,48.4772391729505,5.18696269354543
"3542",2022-03-25 00:11:45,2,373,300,48.4439233588839,5.9824465403492
"3543",2022-03-25 00:11:50,2,373,300,48.0339377210191,5.44486272144616
"3544",2022-03-25 00:11:55,2,373,300,48.4735335239924,5.91215442176198
"3545",2022-03-25 00:12:00,2,373,300,48.067785745453,5.8084182904787
"3546",2022-03-25 00:12:05,2,373,300,48.9784787246887,6.63725242957214
"3547",2022-03-25 00:12:10,2,373,300,46.4234168859299,5.7893430533455
"3548",2022-03-25 00:12:15,2,373,300,48.3936197304328,6.18837274832964
"3549",2022-03-25 00:12:20,2,373,300,47.7775807362479,5.90978975500715
"3550",2022-03-25 00:12:25,2,373,300,47.4137126408541,5.61003470561824
"3551",2022-03-25 00:12:30,2,373,300,49.0906750744517,5.60520861485529
"3552",2022-03-25 00:12:35,2,373,300,46.8906799740509,5.91680823677408
"3553",2022-03-25 00:12:40,2,373,300,48.2210510214219,5.85887512732934
"3554",2022-03-25 00:12:45,2,373,300,49.3605385078132,5.82595299835657
"3555",2022-03-25 00:12:50,2,373,300,48.216627045682,5.84791606578501
"3556",2022-03-25 00:12:55,2,373,300,46.7016748472922,6.06023036178854
"3557",2022-03-25 00:13:00,2,373,300,47.6506158582209,6.15039119073133
"3558",2022-03-25 00:13:05,2,373,300,47.708696037329,5.58609366034545
"3559",2022-03-25 00:13:10,2,373,300,47.5790359434366,5.9153207947596
"3560",2022-03-25 00:13:15,2,373,300,49.8539541224503,6.05895375340668
"3561",2022-03-25 00:13:20,2,373,300,49.0680576205819,5.40719305600026
"3562",2022-03-25 00:13:25,2,373,300,49.8361805124243,6.24750171142677
"3563",2022-03-25 00:13:30,2,373,300,48.3199202124644,5.65493540278221
"3564",2022-03-25 00:13:35,2,373,300,47.9371593920955,5.71159129518962
"3565",2022-03-25 00:13:40,2,373,300,47.6238912532919,5.65770093412213
"3566",2022-03-25 00:13:45,2,373,300,51.0498662791553,5.87255247758112
"3567",2022-03-25 00:13:50,2,373,300,47.7394807507991,6.06127467126292
"3568",2022-03-25 00:13:55,2,373,300,49.3797963967059,5.93897772938263
"3569",2022-03-25 00:14:00,2,373,300,49.0136217619215,5.47289666799094
"3570",2022-03-25 00:14:05,2,373,300,49.8310640363168,5.96736808472106
"3571",2022-03-25 00:14:10,2,373,300,48.8172792431816,6.18968183529218
"3572",2022-03-25 00:14:15,2,373,300,47.0505277833509,5.66541795860245
"3573",2022-03-25 00:14:20,2,373,300,51.2694371650032,5.20391575490587
"3574",2022-03-25 00:14:25,2,373,300,47.5657934525512,6.09514540342692
"3575",2022-03-25 00:14:30,2,373,300,49.336371769934,6.24251697983223
"3576",2022-03-25 00:14:35,2,373,300,47.1147714025074,5.94717456280197
"3577",2022-03-25 00:14:43,2,373,300,47.8125795084221,13.0783212957672
"3578",2022-03-25 00:14:45,2,373,300,46.9068667442119,5.86077960046178
"3579",2022-03-25 00:14:50,2,373,300,49.3281372791757,5.92171292343966
"3580",2022-03-25 00:14:55,2,373,300,48.1485111297798,4.93550309446016
"3581",2022-03-25 00:15:00,2,373,300,45.7900819836195,5.62554303163853
"3582",2022-03-25 00:15:05,2,373,300,48.9612426159413,5.91272609337966
"3583",2022-03-25 00:15:10,2,373,300,48.0089098016084,5.95515579282283
"3584",2022-03-25 00:15:15,2,373,300,46.1382504735624,5.96709085901344
"3585",2022-03-25 00:15:20,2,373,300,46.456971114325,5.14434541866632
"3586",2022-03-25 00:15:25,2,373,300,45.8856846209035,5.67277045494205
"3587",2022-03-25 00:15:30,2,373,300,48.1770160848445,5.47554182916598
"3588",2022-03-25 00:15:35,2,373,300,50.5107710652276,5.95892474132567
"3589",2022-03-25 00:15:40,2,373,300,48.8609252739502,6.13326988539575
"3590",2022-03-25 00:15:45,2,373,300,48.3045365147132,6.26083553957182
"3591",2022-03-25 00:15:50,2,373,300,47.46770601671,5.52226975996585
"3592",2022-03-25 00:15:55,2,373,300,47.3334909385311,5.89921635604321
"3593",2022-03-25 00:16:00,2,373,300,48.4911573166638,5.85788667234116
"3594",2022-03-25 00:16:05,2,373,300,47.9613785917848,5.96214368490546
"3595",2022-03-25 00:16:10,2,373,300,49.140881400644,5.42574577069628
"3596",2022-03-25 00:16:15,2,373,300,49.6234040819191,5.86533169547624
"3597",2022-03-25 00:16:20,2,373,300,49.6890043340941,5.60772767856456
"3598",2022-03-25 00:16:25,2,373,300,49.8397200906539,6.02577341614989
"3599",2022-03-25 00:16:30,2,373,300,48.9363975012329,6.25365532299302
"3600",2022-03-25 00:16:35,2,373,300,50.1518451991326,5.82782527084955
"3601",2022-03-26 00:00:00,3,303,100,49.4201710591346,6.500152754552
"3602",2022-03-26 00:00:05,3,303,100,49.6017249511437,6.75336395481007
"3603",2022-03-26 00:00:10,3,303,100,49.7291737006998,6.82749680053923
"3604",2022-03-26 00:00:15,3,303,100,48.7481531629724,6.83356296381945
"3605",2022-03-26 00:00:20,3,303,100,48.9399581060624,6.85705928061465
"3606",2022-03-26 00:00:25,3,303,100,49.5680059610741,6.74040065817038
"3607",2022-03-26 00:00:30,3,303,100,48.3598888361272,6.60192023315659
"3608",2022-03-26 00:00:35,3,303,100,49.4511762580329,6.89383211091868
"3609",2022-03-26 00:00:40,3,303,100,47.4414320223531,6.61976576840048
"3610",2022-03-26 00:00:45,3,303,100,48.5816015705211,6.94677750496738
"3611",2022-03-26 00:00:50,3,303,100,49.6099856200995,6.82935963537397
"3612",2022-03-26 00:00:55,3,303,100,48.5333027300607,6.23306303187119
"3613",2022-03-26 00:01:00,3,303,100,49.6047027621305,5.83628361814033
"3614",2022-03-26 00:01:05,3,303,100,50.2145595050648,7.08879773684424
"3615",2022-03-26 00:01:10,3,303,100,49.981921656,6.95148938074238
"3616",2022-03-26 00:01:15,3,303,100,49.616626211326,6.87971992310144
"3617",2022-03-26 00:01:20,3,303,100,50.0524197349465,6.23546615202721
"3618",2022-03-26 00:01:25,3,303,100,49.3127367718677,6.4696216802816
"3619",2022-03-26 00:01:30,3,303,100,49.4767894871385,7.00196093487496
"3620",2022-03-26 00:01:35,3,303,100,49.7974426088428,5.87453945147048
"3621",2022-03-26 00:01:40,3,303,100,48.5198450532427,6.95390991456319
"3622",2022-03-26 00:01:45,3,303,100,48.1101004775426,6.86522436626583
"3623",2022-03-26 00:01:50,3,303,100,49.2971178945314,7.25151637985493
"3624",2022-03-26 00:01:55,3,303,100,49.2001968532461,6.14296471096858
"3625",2022-03-26 00:02:00,3,303,100,50.6882810099902,6.76358136913514
"3626",2022-03-26 00:02:05,3,303,100,49.2292859032597,6.53253926679466
"3627",2022-03-26 00:02:10,3,303,100,49.0567664336259,7.0807650994011
"3628",2022-03-26 00:02:15,3,303,100,50.1035848217666,6.62327400363653
"3629",2022-03-26 00:02:20,3,303,100,49.4605259634156,6.89765342308116
"3630",2022-03-26 00:02:25,3,303,100,47.9827317598298,6.6161046921562
"3631",2022-03-26 00:02:30,3,303,100,48.4131869777659,6.67752150371807
"3632",2022-03-26 00:02:35,3,303,100,49.356972393802,6.88598227045898
"3633",2022-03-26 00:02:40,3,303,100,48.1950036073516,6.87218022456491
"3634",2022-03-26 00:02:45,3,303,100,49.5724749364807,7.24113748532954
"3635",2022-03-26 00:02:50,3,303,100,50.2643947246676,6.79405730877562
"3636",2022-03-26 00:02:55,3,303,100,48.7817084212967,7.10414403367214
"3637",2022-03-26 00:03:00,3,303,100,49.4313767907327,6.55087747884649
"3638",2022-03-26 00:03:05,3,303,100,48.4961176371134,6.94104926492735
"3639",2022-03-26 00:03:10,3,303,100,49.4059909297416,6.64411902316898
"3640",2022-03-26 00:03:15,3,303,100,49.5637205473512,5.97205896037746
"3641",2022-03-26 00:03:20,3,303,100,49.9127670979223,6.99693223116142
"3642",2022-03-26 00:03:25,3,303,100,48.9070749512429,6.44894660715761
"3643",2022-03-26 00:03:30,3,303,100,50.4022871461226,6.13664439587975
"3644",2022-03-26 00:03:35,3,303,100,49.1597458704945,6.58398712083225
"3645",2022-03-26 00:03:40,3,303,100,48.893554693709,6.63297140699008
"3646",2022-03-26 00:03:45,3,303,100,48.7777116514514,6.54152541155005
"3647",2022-03-26 00:03:50,3,303,100,49.8565972892476,6.9417180230084
"3648",2022-03-26 00:03:55,3,303,100,49.2285722000344,7.05587509540195
"3649",2022-03-26 00:04:00,3,303,100,48.7760266558432,7.13106919542951
"3650",2022-03-26 00:04:05,3,303,100,48.7276451417505,6.52683671761282
"3651",2022-03-26 00:04:10,3,303,100,49.5154201916047,6.58222130738181
"3652",2022-03-26 00:04:15,3,303,100,49.1634648174923,6.32961207060827
"3653",2022-03-26 00:04:20,3,303,100,49.0338632466013,6.38404552381454
"3654",2022-03-26 00:04:25,3,303,100,48.2533751452643,6.77946066572428
"3655",2022-03-26 00:04:30,3,303,100,49.8345122558675,6.56795327229666
"3656",2022-03-26 00:04:35,3,303,100,51.2573004498259,6.84530550347142
"3657",2022-03-26 00:04:40,3,303,100,48.293479452141,6.03441205745195
"3658",2022-03-26 00:04:45,3,303,100,49.3923936553567,7.04966694680015
"3659",2022-03-26 00:04:50,3,303,100,49.1343470824236,6.79103978810876
"3660",2022-03-26 00:04:55,3,303,100,50.5994715789571,6.59391611569953
"3661",2022-03-26 00:05:00,3,303,100,48.9941806273095,7.17824283772867
"3662",2022-03-26 00:05:05,3,303,100,49.9470588260788,5.98612774110349
"3663",2022-03-26 00:05:10,3,303,100,51.1644673701553,6.2871807913974
"3664",2022-03-26 00:05:15,3,303,100,48.7685890512926,7.59800084629602
"3665",2022-03-26 00:05:20,3,303,100,49.5991113561793,6.73312138199964
"3666",2022-03-26 00:05:25,3,303,100,48.7034457648131,6.58111186629658
"3667",2022-03-26 00:05:30,3,303,100,50.5471298228376,6.64826269129972
"3668",2022-03-26 00:05:35,3,303,100,49.6091847665058,6.91171723512498
"3669",2022-03-26 00:05:40,3,303,100,48.3907838696294,6.95165349687441
"3670",2022-03-26 00:05:45,3,303,100,48.2548927236696,7.06357334213165
"3671",2022-03-26 00:05:50,3,303,100,49.6557526676008,6.48951693459484
"3672",2022-03-26 00:05:55,3,303,100,48.4732669035106,6.97221846280841
"3673",2022-03-26 00:06:00,3,303,100,48.4616185369765,6.70476035547039
"3674",2022-03-26 00:06:05,3,303,100,48.6961980031278,6.55644690798586
"3675",2022-03-26 00:06:10,3,303,100,49.4494484455072,6.16235580975682
"3676",2022-03-26 00:06:15,3,303,100,48.9265875124095,6.23935647607782
"3677",2022-03-26 00:06:20,3,303,100,49.591956254257,6.00921042043898
"3678",2022-03-26 00:06:25,3,303,100,48.2490166677342,6.42462293824982
"3679",2022-03-26 00:06:30,3,303,100,50.9378222811426,6.58600481712724
"3680",2022-03-26 00:06:35,3,303,100,48.7180493022309,7.58722878292648
"3681",2022-03-26 00:06:40,3,303,100,49.3095419057192,7.22081948415239
"3682",2022-03-26 00:06:45,3,303,100,48.2020687749718,6.51179278721391
"3683",2022-03-26 00:06:50,3,303,100,48.7593183568733,7.0505322132762
"3684",2022-03-26 00:06:55,3,303,100,49.0718972041138,7.02944527331632
"3685",2022-03-26 00:07:00,3,303,100,47.9179602690745,6.83489840890964
"3686",2022-03-26 00:07:05,3,303,100,49.3777765425396,6.69121975971565
"3687",2022-03-26 00:07:10,3,303,100,48.8975531199278,7.34404386720789
"3688",2022-03-26 00:07:15,3,303,100,47.8304455714253,6.64595226310658
"3689",2022-03-26 00:07:20,3,303,100,49.8352922132272,6.19372118425325
"3690",2022-03-26 00:07:25,3,303,100,48.523170756839,6.20557212040042
"3691",2022-03-26 00:07:30,3,303,100,50.3848873423399,6.69516227775157
"3692",2022-03-26 00:07:35,3,303,100,49.0690714533161,6.23782072119735
"3693",2022-03-26 00:07:40,3,303,100,49.108762068706,6.83260169110497
"3694",2022-03-26 00:07:45,3,303,100,48.6292297763748,6.9650271873271
"3695",2022-03-26 00:07:50,3,303,100,49.6433502888263,6.22005858559919
"3696",2022-03-26 00:07:55,3,303,100,49.2289812331932,7.55934788494013
"3697",2022-03-26 00:08:00,3,303,100,49.6663092372021,6.57557696066648
"3698",2022-03-26 00:08:05,3,303,100,49.7661713965574,6.94961035188573
"3699",2022-03-26 00:08:10,3,303,100,49.2661718225415,6.32892919320689
"3700",2022-03-26 00:08:15,3,303,100,48.4573983291268,6.60317631941642
"3701",2022-03-26 00:08:20,3,303,100,48.480023993266,6.42581299758028
"3702",2022-03-26 00:08:25,3,303,100,48.8336766273083,6.58209834839613
"3703",2022-03-26 00:08:30,3,303,100,49.9630010162495,7.05389477275942
"3704",2022-03-26 00:08:35,3,303,100,51.1290697448104,6.39637559902308
"3705",2022-03-26 00:08:40,3,303,100,49.547831080699,6.41839652430097
"3706",2022-03-26 00:08:45,3,303,100,48.1461578712864,6.9534574372063
"3707",2022-03-26 00:08:50,3,303,100,49.5960180313679,6.31335302305014
"3708",2022-03-26 00:08:55,3,303,100,49.1488147422408,6.29343306173443
"3709",2022-03-26 00:09:00,3,303,100,48.00100544106,6.60956848861707
"3710",2022-03-26 00:09:05,3,303,100,49.1601659157688,6.69238884176202
"3711",2022-03-26 00:09:10,3,303,100,48.5507899484209,7.02313603955159
"3712",2022-03-26 00:09:15,3,303,100,49.503342926751,7.58361398751811
"3713",2022-03-26 00:09:20,3,303,100,48.0626909488344,6.70863331926969
"3714",2022-03-26 00:09:25,3,303,100,49.6080933212106,6.33064648972829
"3715",2022-03-26 00:09:30,3,303,100,49.5956670561513,6.77004835332824
"3716",2022-03-26 00:09:35,3,303,100,50.3329590393332,6.87730774697238
"3717",2022-03-26 00:09:40,3,303,100,48.0244763775122,7.23205280886335
"3718",2022-03-26 00:09:45,3,303,100,47.4556927999908,6.52156605379774
"3719",2022-03-26 00:09:50,3,303,100,49.3079221642984,6.71489086209764
"3720",2022-03-26 00:09:55,3,303,100,48.2742533961008,6.88242595418277
"3721",2022-03-26 00:10:00,3,303,100,48.6027145439573,5.69098279255955
"3722",2022-03-26 00:10:05,3,303,100,48.7351323705687,6.57722283105233
"3723",2022-03-26 00:10:10,3,303,100,49.2890661043407,6.90750951083323
"3724",2022-03-26 00:10:15,3,303,100,47.0158791217986,7.20254489701372
"3725",2022-03-26 00:10:20,3,303,100,49.4653695667017,6.56715471772413
"3726",2022-03-26 00:10:25,3,303,100,50.1944499270792,6.38086005080257
"3727",2022-03-26 00:10:30,3,303,100,48.3580712410252,6.89089551890216
"3728",2022-03-26 00:10:35,3,303,100,49.1952307544148,7.21260065638904
"3729",2022-03-26 00:10:40,3,303,100,49.1009748215468,7.24883407362146
"3730",2022-03-26 00:10:45,3,303,100,49.9594965221761,7.71324720013738
"3731",2022-03-26 00:10:50,3,303,100,49.266676317664,6.32153168177863
"3732",2022-03-26 00:10:55,3,303,100,49.4784859799625,6.13110060885073
"3733",2022-03-26 00:11:00,3,303,100,49.2956323741707,6.73434140585992
"3734",2022-03-26 00:11:05,3,303,100,49.1322358181088,5.70724037186647
"3735",2022-03-26 00:11:10,3,303,100,49.1654303224382,7.18119304329577
"3736",2022-03-26 00:11:15,3,303,100,50.3485701984417,6.95632042305569
"3737",2022-03-26 00:11:20,3,303,100,48.3782356607507,6.50227794975217
"3738",2022-03-26 00:11:25,3,303,100,49.8503592693285,6.33736438957742
"3739",2022-03-26 00:11:30,3,303,100,49.6440772212471,6.32400401159759
"3740",2022-03-26 00:11:35,3,303,100,49.2931862540117,6.91809976467018
"3741",2022-03-26 00:11:40,3,303,100,48.7846620197449,6.82148606909234
"3742",2022-03-26 00:11:45,3,303,100,49.3173386074289,6.99287904584443
"3743",2022-03-26 00:11:50,3,303,100,47.4008377329707,7.03050210701082
"3744",2022-03-26 00:11:55,3,303,100,48.5991582154005,6.48090297798635
"3745",2022-03-26 00:12:00,3,303,100,49.2854718410898,6.88844743985
"3746",2022-03-26 00:12:05,3,303,100,50.5446881934072,6.3789136152282
"3747",2022-03-26 00:12:10,3,303,100,49.8207630247707,7.02642490049652
"3748",2022-03-26 00:12:15,3,303,100,48.4899596104286,6.57100347426747
"3749",2022-03-26 00:12:20,3,303,100,48.3191959648214,6.16407331216539
"3750",2022-03-26 00:12:25,3,303,100,48.5775748325943,6.76671450887969
"3751",2022-03-26 00:12:30,3,303,100,49.0758233315873,6.63833756658379
"3752",2022-03-26 00:12:35,3,303,100,47.5898210319194,6.89211649896452
"3753",2022-03-26 00:12:40,3,303,100,48.2890059055385,6.59225743213774
"3754",2022-03-26 00:12:45,3,303,100,48.7953889291045,6.32613334389177
"3755",2022-03-26 00:12:50,3,303,100,49.0243015390585,6.69183465805084
"3756",2022-03-26 00:12:55,3,303,100,48.4963198076071,6.72268349526281
"3757",2022-03-26 00:13:00,3,303,100,50.5486958527441,6.50573043354632
"3758",2022-03-26 00:13:05,3,303,100,49.6969548708465,6.30101937374299
"3759",2022-03-26 00:13:10,3,303,100,48.5315209288603,6.65477165002465
"3760",2022-03-26 00:13:15,3,303,100,47.9884342035541,7.22596982512354
"3761",2022-03-26 00:13:20,3,303,100,49.3367631397562,6.72653556508214
"3762",2022-03-26 00:13:25,3,303,100,50.3813575970236,6.56811563120205
"3763",2022-03-26 00:13:30,3,303,100,49.4923307165731,6.52642965029914
"3764",2022-03-26 00:13:35,3,303,100,48.0509213698857,6.25161382608484
"3765",2022-03-26 00:13:40,3,303,100,48.0359608242837,7.04206643147484
"3766",2022-03-26 00:13:45,3,303,100,49.0296976961524,6.60651294617401
"3767",2022-03-26 00:13:50,3,303,100,48.9347725125474,7.42127514557956
"3768",2022-03-26 00:13:55,3,303,100,48.3667181571981,6.19773997559132
"3769",2022-03-26 00:14:00,3,303,100,49.1244017497186,7.23016872754121
"3770",2022-03-26 00:14:05,3,303,100,48.1077073339926,6.16933691938514
"3771",2022-03-26 00:14:10,3,303,100,49.6865169524392,6.4893875585036
"3772",2022-03-26 00:14:15,3,303,100,51.1936398062486,6.99407873858162
"3773",2022-03-26 00:14:20,3,303,100,49.4731324741907,6.40570140429624
"3774",2022-03-26 00:14:25,3,303,100,49.2542010320894,7.19733282614935
"3775",2022-03-26 00:14:30,3,303,100,50.0224962362194,6.29206143180813
"3776",2022-03-26 00:14:35,3,303,100,47.1348597293619,6.44898804914385
"3777",2022-03-26 00:14:40,3,303,100,47.8344391365082,6.62624623085057
"3778",2022-03-26 00:14:45,3,303,100,49.5037276075769,6.41971216656256
"3779",2022-03-26 00:14:50,3,303,100,47.6758464524225,6.81201574832487
"3780",2022-03-26 00:14:55,3,303,100,49.317055326905,6.52110198228664
"3781",2022-03-26 00:15:00,3,303,100,49.2922541407142,6.43761450049388
"3782",2022-03-26 00:15:05,3,303,100,48.3370535881747,7.11196033431205
"3783",2022-03-26 00:15:10,3,303,100,49.5828483557904,6.68450557745665
"3784",2022-03-26 00:15:15,3,303,100,50.198338318415,7.07909107127689
"3785",2022-03-26 00:15:20,3,303,100,49.381248759081,6.91369240742616
"3786",2022-03-26 00:15:25,3,303,100,47.9321803070903,6.46857006389099
"3787",2022-03-26 00:15:30,3,303,100,49.6693383194144,6.2025586004567
"3788",2022-03-26 00:15:35,3,303,100,48.9851938082938,6.9820086801343
"3789",2022-03-26 00:15:40,3,303,100,49.2831569089247,7.21290529754821
"3790",2022-03-26 00:15:45,3,303,100,48.4124825876219,6.47210540309466
"3791",2022-03-26 00:15:50,3,303,100,48.5379750306783,6.54504678802784
"3792",2022-03-26 00:15:55,3,303,100,49.7347059732916,7.36698651349239
"3793",2022-03-26 00:16:00,3,303,100,47.7297737943975,7.16165192242235
"3794",2022-03-26 00:16:05,3,303,100,49.5408510130753,7.30293130057715
"3795",2022-03-26 00:16:10,3,303,100,49.6378749971342,6.4456230887069
"3796",2022-03-26 00:16:15,3,303,100,48.9576292949926,7.0053707757795
"3797",2022-03-26 00:16:20,3,303,100,48.6920124034593,6.74448638078928
"3798",2022-03-26 00:16:25,3,303,100,50.8180000006409,6.3145568647214
"3799",2022-03-26 00:16:30,3,303,100,48.9328355361859,6.14243448679543
"3800",2022-03-26 00:16:35,3,303,100,49.1440591592236,6.61510559527204
"3801",2022-03-27 00:00:00,3,303,200,49.8968001553772,6.88437808493635
"3802",2022-03-27 00:00:05,3,303,200,49.0687916135471,6.58438225503167
"3803",2022-03-27 00:00:10,3,303,200,49.4082693354253,6.67441236229431
"3804",2022-03-27 00:00:15,3,303,200,48.8871271681198,6.52808209228458
"3805",2022-03-27 00:00:20,3,303,200,49.2879388213014,6.78146676631032
"3806",2022-03-27 00:00:25,3,303,200,49.2264774000449,6.85544877514586
"3807",2022-03-27 00:00:30,3,303,200,48.1334419890856,6.70005632048517
"3808",2022-03-27 00:00:35,3,303,200,49.4765305512618,6.49950916092187
"3809",2022-03-27 00:00:40,3,303,200,47.691178854957,7.0335262060246
"3810",2022-03-27 00:00:45,3,303,200,47.5483600341023,6.91642505933735
"3811",2022-03-27 00:00:50,3,303,200,51.4401720522072,7.00882856507031
"3812",2022-03-27 00:00:55,3,303,200,48.3968445502411,6.32977742602784
"3813",2022-03-27 00:01:00,3,303,200,48.7376481439398,6.61277794953896
"3814",2022-03-27 00:01:05,3,303,200,49.3237159573981,6.23121541280682
"3815",2022-03-27 00:01:10,3,303,200,50.3471723154971,7.10861514152405
"3816",2022-03-27 00:01:15,3,303,200,48.2262894741182,6.55829184187672
"3817",2022-03-27 00:01:20,3,303,200,47.222348962981,6.12674727004116
"3818",2022-03-27 00:01:25,3,303,200,50.0931120742135,6.86604217062401
"3819",2022-03-27 00:01:30,3,303,200,49.8596802636724,6.69249533378468
"3820",2022-03-27 00:01:35,3,303,200,48.5823084931162,6.95898201908362
"3821",2022-03-27 00:01:40,3,303,200,48.9851743129924,5.7097948289557
"3822",2022-03-27 00:01:45,3,303,200,50.5835192152016,6.48069191204962
"3823",2022-03-27 00:01:50,3,303,200,48.3512636373234,7.06986925504744
"3824",2022-03-27 00:01:55,3,303,200,50.576057375534,6.72391743943932
"3825",2022-03-27 00:02:00,3,303,200,50.2740548017609,6.89062290441959
"3826",2022-03-27 00:02:05,3,303,200,49.9709344216888,6.51845806729885
"3827",2022-03-27 00:02:10,3,303,200,48.6236125566595,6.67536711869228
"3828",2022-03-27 00:02:15,3,303,200,49.0599287477832,6.5192559100892
"3829",2022-03-27 00:02:20,3,303,200,50.0950514598634,6.75018353540143
"3830",2022-03-27 00:02:25,3,303,200,48.3774825380763,6.88997723732781
"3831",2022-03-27 00:02:30,3,303,200,49.6352027768568,6.53575077836625
"3832",2022-03-27 00:02:35,3,303,200,48.8802299789471,7.11900948028409
"3833",2022-03-27 00:02:40,3,303,200,47.9886328077434,7.03992421566649
"3834",2022-03-27 00:02:45,3,303,200,48.8924395537652,7.06928088477753
"3835",2022-03-27 00:02:50,3,303,200,49.2596171494965,6.45191620111775
"3836",2022-03-27 00:02:55,3,303,200,48.5350271459876,6.94115483723874
"3837",2022-03-27 00:03:00,3,303,200,48.7253298702258,6.58001981853237
"3838",2022-03-27 00:03:05,3,303,200,49.3750483508275,6.72521394388965
"3839",2022-03-27 00:03:10,3,303,200,49.2437836470384,6.79008344588572
"3840",2022-03-27 00:03:15,3,303,200,49.1222104123644,6.28649418936273
"3841",2022-03-27 00:03:20,3,303,200,47.0553277709623,5.94026630385
"3842",2022-03-27 00:03:25,3,303,200,47.8194841759545,6.60599031657287
"3843",2022-03-27 00:03:30,3,303,200,47.7854135550191,6.19682148897344
"3844",2022-03-27 00:03:35,3,303,200,48.2586246960064,7.30585437994294
"3845",2022-03-27 00:03:40,3,303,200,49.3748852681069,6.43440418462153
"3846",2022-03-27 00:03:45,3,303,200,49.9243259599528,6.36263317087957
"3847",2022-03-27 00:03:50,3,303,200,48.7035375943634,6.7658092298031
"3848",2022-03-27 00:03:55,3,303,200,49.7971575606962,6.80657927285004
"3849",2022-03-27 00:04:00,3,303,200,50.2341053716791,6.86636015877885
"3850",2022-03-27 00:04:05,3,303,200,49.3110342727126,6.52895350389595
"3851",2022-03-27 00:04:10,3,303,200,48.4723740221977,6.5074750744856
"3852",2022-03-27 00:04:15,3,303,200,48.4369103220914,6.21383714656077
"3853",2022-03-27 00:04:20,3,303,200,49.2841852624211,6.98146353430918
"3854",2022-03-27 00:04:25,3,303,200,47.9430425148528,6.94729634759561
"3855",2022-03-27 00:04:30,3,303,200,49.8913362492516,7.18775908728614
"3856",2022-03-27 00:04:35,3,303,200,49.5218155833455,6.85115848455092
"3857",2022-03-27 00:04:40,3,303,200,47.9109520549705,6.0427068967521
"3858",2022-03-27 00:04:45,3,303,200,48.4527122788532,6.39824714306757
"3859",2022-03-27 00:04:50,3,303,200,48.6835746656927,6.34764283911388
"3860",2022-03-27 00:04:55,3,303,200,49.2342378662253,6.98305137014873
"3861",2022-03-27 00:05:00,3,303,200,49.8257132251067,6.37024011771261
"3862",2022-03-27 00:05:05,3,303,200,49.4793935801877,6.82568748672239
"3863",2022-03-27 00:05:10,3,303,200,49.113022910853,6.83692015486387
"3864",2022-03-27 00:05:15,3,303,200,49.2694707473196,6.57620323470726
"3865",2022-03-27 00:05:20,3,303,200,49.5693499733156,6.87659541703731
"3866",2022-03-27 00:05:25,3,303,200,49.8468141993536,7.1098759073296
"3867",2022-03-27 00:05:30,3,303,200,47.8594827797815,6.609980121709
"3868",2022-03-27 00:05:35,3,303,200,48.9048304593332,6.39881931816243
"3869",2022-03-27 00:05:40,3,303,200,49.3978408951914,6.27836247475595
"3870",2022-03-27 00:05:45,3,303,200,49.6728750026511,6.8132359347837
"3871",2022-03-27 00:05:50,3,303,200,48.832153250791,7.09671293686014
"3872",2022-03-27 00:05:55,3,303,200,48.1382431464543,6.91956012617585
"3873",2022-03-27 00:06:00,3,303,200,47.462090407325,5.83371963708794
"3874",2022-03-27 00:06:05,3,303,200,48.9386228744521,6.85445465164547
"3875",2022-03-27 00:06:10,3,303,200,48.1401794370737,6.37949096146269
"3876",2022-03-27 00:06:15,3,303,200,50.0687562467052,6.96583535279961
"3877",2022-03-27 00:06:20,3,303,200,50.0098183646563,7.28067395677326
"3878",2022-03-27 00:06:25,3,303,200,49.6063124936671,7.04452970759138
"3879",2022-03-27 00:06:30,3,303,200,48.8947464190503,7.2126596217252
"3880",2022-03-27 00:06:35,3,303,200,48.7821508411262,6.76641015754591
"3881",2022-03-27 00:06:40,3,303,200,48.0170543861037,5.88654102319795
"3882",2022-03-27 00:06:45,3,303,200,48.0730612874049,6.35413957063748
"3883",2022-03-27 00:06:50,3,303,200,48.9765358881147,6.24374835538277
"3884",2022-03-27 00:06:55,3,303,200,48.0228265552892,7.12340614989034
"3885",2022-03-27 00:07:00,3,303,200,49.246517562839,6.71909448521822
"3886",2022-03-27 00:07:05,3,303,200,49.2136958048158,6.33350207036689
"3887",2022-03-27 00:07:10,3,303,200,48.8512762430226,6.00256104514391
"3888",2022-03-27 00:07:15,3,303,200,49.2236987975389,6.13219868610457
"3889",2022-03-27 00:07:20,3,303,200,48.5668916405412,7.5748792130174
"3890",2022-03-27 00:07:25,3,303,200,49.4079503178294,6.95124446010249
"3891",2022-03-27 00:07:30,3,303,200,48.5953144101526,5.92884602723214
"3892",2022-03-27 00:07:35,3,303,200,50.0887040639368,6.73882427662807
"3893",2022-03-27 00:07:40,3,303,200,48.3030778849545,6.81449271859709
"3894",2022-03-27 00:07:45,3,303,200,47.3838949068941,6.85280231824023
"3895",2022-03-27 00:07:50,3,303,200,49.2049927293782,6.36224953105131
"3896",2022-03-27 00:07:55,3,303,200,49.7143033559216,6.61461716118238
"3897",2022-03-27 00:08:00,3,303,200,48.8982488478688,6.79969502444631
"3898",2022-03-27 00:08:05,3,303,200,49.4449693025431,6.57189481353992
"3899",2022-03-27 00:08:10,3,303,200,49.0953058134809,7.48119868851503
"3900",2022-03-27 00:08:15,3,303,200,50.9286166630431,6.75800592040231
"3901",2022-03-27 00:08:20,3,303,200,48.6540207208512,6.93382840698889
"3902",2022-03-27 00:08:25,3,303,200,50.8303048105199,6.45409864356436
"3903",2022-03-27 00:08:30,3,303,200,47.8282363896282,6.76394806083277
"3904",2022-03-27 00:08:35,3,303,200,48.458285246573,6.88145908076368
"3905",2022-03-27 00:08:40,3,303,200,49.4456966264416,6.82916650899319
"3906",2022-03-27 00:08:45,3,303,200,49.7938610099258,7.10767532600238
"3907",2022-03-27 00:08:50,3,303,200,50.0026611454402,6.58215916816108
"3908",2022-03-27 00:08:55,3,303,200,49.0704926006232,6.69096273646242
"3909",2022-03-27 00:09:00,3,303,200,49.3525514996303,6.91708829755276
"3910",2022-03-27 00:09:05,3,303,200,48.5368974726538,6.89302726896344
"3911",2022-03-27 00:09:10,3,303,200,50.6562153407639,6.22956041843738
"3912",2022-03-27 00:09:15,3,303,200,50.7725177412765,6.89045184731613
"3913",2022-03-27 00:09:20,3,303,200,50.0917341129635,6.49914353671783
"3914",2022-03-27 00:09:25,3,303,200,48.7755148233305,6.72714284335395
"3915",2022-03-27 00:09:30,3,303,200,48.7782499734661,7.07425943733648
"3916",2022-03-27 00:09:35,3,303,200,48.3088586919763,6.42535048681495
"3917",2022-03-27 00:09:40,3,303,200,49.307781404029,6.94255042013473
"3918",2022-03-27 00:09:45,3,303,200,48.3827143368094,6.21271901187441
"3919",2022-03-27 00:09:50,3,303,200,49.2629886122887,6.62052284262364
"3920",2022-03-27 00:09:55,3,303,200,49.3371956537238,6.40872801510921
"3921",2022-03-27 00:10:00,3,303,200,50.1543152155386,6.44327746490194
"3922",2022-03-27 00:10:05,3,303,200,49.3965835695776,6.23738117299302
"3923",2022-03-27 00:10:10,3,303,200,47.6523767236305,5.82542239436031
"3924",2022-03-27 00:10:15,3,303,200,49.1924656847909,6.67619298081871
"3925",2022-03-27 00:10:20,3,303,200,50.0010275743428,6.71508266398716
"3926",2022-03-27 00:10:25,3,303,200,48.7444059813888,5.84067205963059
"3927",2022-03-27 00:10:30,3,303,200,48.8733951593834,6.90488590525181
"3928",2022-03-27 00:10:35,3,303,200,47.969498808497,6.82725763175173
"3929",2022-03-27 00:10:40,3,303,200,50.0874577249803,6.63572207054106
"3930",2022-03-27 00:10:45,3,303,200,49.3535675068085,6.73596807859507
"3931",2022-03-27 00:10:50,3,303,200,50.0624390242389,6.22385425087908
"3932",2022-03-27 00:10:55,3,303,200,48.2709008534956,6.06535547699015
"3933",2022-03-27 00:11:00,3,303,200,48.2170170900704,7.02291408666478
"3934",2022-03-27 00:11:05,3,303,200,49.1637340291048,6.70763229386936
"3935",2022-03-27 00:11:10,3,303,200,48.8416082847122,6.51975840605896
"3936",2022-03-27 00:11:15,3,303,200,48.9364451054007,7.01536359804412
"3937",2022-03-27 00:11:20,3,303,200,49.3227139783308,6.5151355949004
"3938",2022-03-27 00:11:25,3,303,200,47.3347247473503,6.45160786190542
"3939",2022-03-27 00:11:30,3,303,200,49.0453464818702,6.72333917054902
"3940",2022-03-27 00:11:35,3,303,200,48.6263774453128,6.68084739688676
"3941",2022-03-27 00:11:40,3,303,200,48.3161379010217,6.86155982644515
"3942",2022-03-27 00:11:45,3,303,200,49.3569545437666,6.27114617286415
"3943",2022-03-27 00:11:50,3,303,200,49.7811342059478,6.6574457339776
"3944",2022-03-27 00:11:55,3,303,200,47.8572361287161,6.65259673012715
"3945",2022-03-27 00:12:00,3,303,200,48.0665493291058,6.21635306660345
"3946",2022-03-27 00:12:05,3,303,200,49.6561197533613,6.97168920217197
"3947",2022-03-27 00:12:10,3,303,200,49.4078717258743,6.51571010218029
"3948",2022-03-27 00:12:15,3,303,200,50.727824273883,6.93370050434544
"3949",2022-03-27 00:12:20,3,303,200,48.379371914998,5.82487700901914
"3950",2022-03-27 00:12:25,3,303,200,48.8141504692199,5.94062067057674
"3951",2022-03-27 00:12:30,3,303,200,48.0285027171126,6.6562535525295
"3952",2022-03-27 00:12:35,3,303,200,49.6650126509674,7.06117521508185
"3953",2022-03-27 00:12:40,3,303,200,48.034523262113,6.52166141265667
"3954",2022-03-27 00:12:45,3,303,200,50.5427186128398,6.19734897706437
"3955",2022-03-27 00:12:50,3,303,200,48.7592169731179,6.43418304172068
"3956",2022-03-27 00:12:55,3,303,200,48.860254957943,6.63515313806342
"3957",2022-03-27 00:13:00,3,303,200,49.097129423125,6.80891233068542
"3958",2022-03-27 00:13:05,3,303,200,49.4085603952753,6.44814265398147
"3959",2022-03-27 00:13:10,3,303,200,47.2280494346212,6.62318063988658
"3960",2022-03-27 00:13:15,3,303,200,49.5689804190655,6.04892337944801
"3961",2022-03-27 00:13:20,3,303,200,49.6730245553778,6.87518866610885
"3962",2022-03-27 00:13:25,3,303,200,49.5247096900612,6.64146123909078
"3963",2022-03-27 00:13:30,3,303,200,47.8385544414861,6.88540177390574
"3964",2022-03-27 00:13:35,3,303,200,49.6334858065708,6.44320750611247
"3965",2022-03-27 00:13:40,3,303,200,48.9545467602169,6.86061889915743
"3966",2022-03-27 00:13:45,3,303,200,49.0566099256262,6.92331408391276
"3967",2022-03-27 00:13:50,3,303,200,48.5381247163651,6.64796760477454
"3968",2022-03-27 00:13:55,3,303,200,50.1929235969538,6.19404167731138
"3969",2022-03-27 00:14:00,3,303,200,49.2957198380549,6.5294048898851
"3970",2022-03-27 00:14:05,3,303,200,50.1142444534342,7.14513723906824
"3971",2022-03-27 00:14:10,3,303,200,48.5838668219741,6.94695063083294
"3972",2022-03-27 00:14:15,3,303,200,49.7072575949553,7.007414856115
"3973",2022-03-27 00:14:20,3,303,200,47.6741167521935,6.64704258933172
"3974",2022-03-27 00:14:25,3,303,200,50.2764597854702,6.4891181258391
"3975",2022-03-27 00:14:30,3,303,200,50.9629966494235,6.85474251316345
"3976",2022-03-27 00:14:35,3,303,200,47.9893169946043,6.82112333373634
"3977",2022-03-27 00:14:40,3,303,200,47.7550882148528,6.88907865645499
"3978",2022-03-27 00:14:45,3,303,200,49.7365376038915,6.06057570992688
"3979",2022-03-27 00:14:50,3,303,200,49.4971180485501,6.70365299648784
"3980",2022-03-27 00:14:55,3,303,200,48.303007793504,6.93857766017329
"3981",2022-03-27 00:15:00,3,303,200,49.2656264049317,6.43445350466261
"3982",2022-03-27 00:15:05,3,303,200,47.0063042596645,6.86942830109732
"3983",2022-03-27 00:15:10,3,303,200,49.7576594953857,6.51128573353841
"3984",2022-03-27 00:15:15,3,303,200,49.2362180321982,6.96861565182402
"3985",2022-03-27 00:15:20,3,303,200,49.6523252816315,6.76020892934536
"3986",2022-03-27 00:15:25,3,303,200,49.7114077598586,6.65870113240328
"3987",2022-03-27 00:15:30,3,303,200,48.5664008385002,6.43947357697188
"3988",2022-03-27 00:15:35,3,303,200,46.7805131122439,6.85669617315758
"3989",2022-03-27 00:15:40,3,303,200,49.7048691993925,6.45400749361116
"3990",2022-03-27 00:15:45,3,303,200,49.3993362619481,7.11765628755256
"3991",2022-03-27 00:15:50,3,303,200,48.3147344386804,6.08346032831196
"3992",2022-03-27 00:15:55,3,303,200,49.3769548961741,6.8360951217066
"3993",2022-03-27 00:16:00,3,303,200,48.2370511634267,6.59681234086866
"3994",2022-03-27 00:16:05,3,303,200,48.454788765387,6.53538955887588
"3995",2022-03-27 00:16:10,3,303,200,50.3028074876421,6.66425660996928
"3996",2022-03-27 00:16:15,3,303,200,49.2841439724632,6.6589741082816
"3997",2022-03-27 00:16:20,3,303,200,49.7520835162378,6.44534758298318
"3998",2022-03-27 00:16:25,3,303,200,47.8871124615279,6.3338409471497
"3999",2022-03-27 00:16:30,3,303,200,48.490785010227,6.67052374377164
"4000",2022-03-27 00:16:35,3,303,200,50.8841394972194,6.91686360493696
"4001",2022-03-28 00:00:00,3,303,300,49.3169795575339,5.98608829692864
"4002",2022-03-28 00:00:05,3,303,300,48.9104340656717,6.62593835910231
"4003",2022-03-28 00:00:10,3,303,300,48.3618829317916,6.24252294784515
"4004",2022-03-28 00:00:15,3,303,300,48.9412032176542,6.53251631894412
"4005",2022-03-28 00:00:20,3,303,300,49.7452964214653,6.73001025831404
"4006",2022-03-28 00:00:25,3,303,300,49.541793700879,6.50557181575435
"4007",2022-03-28 00:00:30,3,303,300,49.485329676937,6.35361393216571
"4008",2022-03-28 00:00:35,3,303,300,50.0345953809463,6.93120211701986
"4009",2022-03-28 00:00:40,3,303,300,49.4591517858983,6.34946036295632
"4010",2022-03-28 00:00:45,3,303,300,47.1088860744215,6.77191925362803
"4011",2022-03-28 00:00:50,3,303,300,50.2192646911163,7.02442406613289
"4012",2022-03-28 00:00:55,3,303,300,48.0585047570848,7.02916489876668
"4013",2022-03-28 00:01:00,3,303,300,50.1609118336382,7.06281247893429
"4014",2022-03-28 00:01:05,3,303,300,50.6751547946621,6.61477783473392
"4015",2022-03-28 00:01:10,3,303,300,47.3900833628772,6.63381801109895
"4016",2022-03-28 00:01:15,3,303,300,48.3471881996545,6.77312890448778
"4017",2022-03-28 00:01:20,3,303,300,48.8150295075057,6.75892496523588
"4018",2022-03-28 00:01:25,3,303,300,49.6919999844696,6.82259797091528
"4019",2022-03-28 00:01:30,3,303,300,48.9251208848357,6.95843641928446
"4020",2022-03-28 00:01:35,3,303,300,51.265939616261,6.9181694764512
"4021",2022-03-28 00:01:40,3,303,300,48.1652179071056,6.78572804001043
"4022",2022-03-28 00:01:45,3,303,300,48.7418770861814,7.33776620945664
"4023",2022-03-28 00:01:50,3,303,300,49.6583545710987,6.03321922893522
"4024",2022-03-28 00:01:55,3,303,300,49.7968338217246,7.19174693255617
"4025",2022-03-28 00:02:00,3,303,300,48.8845982519565,6.8164993525213
"4026",2022-03-28 00:02:05,3,303,300,49.7318063238719,6.53743923486154
"4027",2022-03-28 00:02:10,3,303,300,50.2876127395253,6.5706256037415
"4028",2022-03-28 00:02:15,3,303,300,49.1267700205459,6.73491712958672
"4029",2022-03-28 00:02:20,3,303,300,48.2419145557659,5.69438656079788
"4030",2022-03-28 00:02:25,3,303,300,47.4418254957479,6.18564975196736
"4031",2022-03-28 00:02:30,3,303,300,48.3162561109038,6.38416454453285
"4032",2022-03-28 00:02:35,3,303,300,49.6202476643799,6.7219306054773
"4033",2022-03-28 00:02:40,3,303,300,49.6520842012133,6.36503376779085
"4034",2022-03-28 00:02:45,3,303,300,48.0862745829499,6.41484605491608
"4035",2022-03-28 00:02:50,3,303,300,49.2601152482966,6.74323516719127
"4036",2022-03-28 00:02:55,3,303,300,49.4074092279153,6.03570866812778
"4037",2022-03-28 00:03:00,3,303,300,48.3033212895903,6.30162273020537
"4038",2022-03-28 00:03:05,3,303,300,49.8139836066823,6.71519508599992
"4039",2022-03-28 00:03:10,3,303,300,50.0576968166371,6.15468216125709
"4040",2022-03-28 00:03:15,3,303,300,49.3541263703494,6.8134393722413
"4041",2022-03-28 00:03:20,3,303,300,48.2982945435616,6.4484632264522
"4042",2022-03-28 00:03:25,3,303,300,50.4802913216997,6.29468559477072
"4043",2022-03-28 00:03:30,3,303,300,48.7950412946364,6.54885230716349
"4044",2022-03-28 00:03:35,3,303,300,49.0493314499844,6.44266689179683
"4045",2022-03-28 00:03:40,3,303,300,48.5903116074027,7.14053279876187
"4046",2022-03-28 00:03:45,3,303,300,49.2470973243006,6.89733570303265
"4047",2022-03-28 00:03:50,3,303,300,47.331978570528,6.6263385548599
"4048",2022-03-28 00:03:55,3,303,300,49.0275376219661,6.12246569373978
"4049",2022-03-28 00:04:00,3,303,300,47.8576865802846,6.6347368201431
"4050",2022-03-28 00:04:05,3,303,300,48.0879736871476,6.51976697021046
"4051",2022-03-28 00:04:10,3,303,300,49.6949896026841,6.58154401877084
"4052",2022-03-28 00:04:15,3,303,300,49.3486575148472,6.31077302663239
"4053",2022-03-28 00:04:20,3,303,300,48.0659438698538,6.95345474746895
"4054",2022-03-28 00:04:25,3,303,300,49.1472720839034,6.81514083069384
"4055",2022-03-28 00:04:30,3,303,300,47.5171378277086,7.16662735254683
"4056",2022-03-28 00:04:35,3,303,300,48.9341886056156,7.15745996030675
"4057",2022-03-28 00:04:40,3,303,300,48.0226465109312,6.37945437464959
"4058",2022-03-28 00:04:45,3,303,300,48.5910481279473,6.48120833073719
"4059",2022-03-28 00:04:50,3,303,300,48.4051585788868,6.47361515463088
"4060",2022-03-28 00:04:55,3,303,300,49.3477274077024,6.40887209795031
"4061",2022-03-28 00:05:00,3,303,300,51.6497957820114,6.66132218030527
"4062",2022-03-28 00:05:05,3,303,300,47.756844353812,6.27683201565505
"4063",2022-03-28 00:05:10,3,303,300,49.392452851673,5.65697428951165
"4064",2022-03-28 00:05:15,3,303,300,50.4895581465863,6.97865889905509
"4065",2022-03-28 00:05:20,3,303,300,49.7173964073417,7.48202266660211
"4066",2022-03-28 00:05:25,3,303,300,48.8689269550089,6.39005052822982
"4067",2022-03-28 00:05:30,3,303,300,49.6266579349656,7.14238314630263
"4068",2022-03-28 00:05:35,3,303,300,48.170053466474,6.28674618091832
"4069",2022-03-28 00:05:40,3,303,300,50.0764287218378,6.17782974790071
"4070",2022-03-28 00:05:45,3,303,300,50.7063910063897,5.43747094465008
"4071",2022-03-28 00:05:50,3,303,300,47.6432908036332,6.69014895726936
"4072",2022-03-28 00:05:55,3,303,300,50.6268121604573,6.51275431761647
"4073",2022-03-28 00:06:00,3,303,300,49.6827433770164,6.12073947835122
"4074",2022-03-28 00:06:05,3,303,300,50.7212967416198,6.32361247497733
"4075",2022-03-28 00:06:10,3,303,300,49.305403386268,6.58711388972003
"4076",2022-03-28 00:06:15,3,303,300,47.828025762931,7.37793782312756
"4077",2022-03-28 00:06:20,3,303,300,48.811751355515,6.19005421052483
"4078",2022-03-28 00:06:25,3,303,300,49.3853551820989,7.08539560699193
"4079",2022-03-28 00:06:30,3,303,300,51.6591517582929,5.93429639136292
"4080",2022-03-28 00:06:35,3,303,300,49.4684829473113,6.36526813620228
"4081",2022-03-28 00:06:40,3,303,300,49.6993374574679,7.00218466858947
"4082",2022-03-28 00:06:45,3,303,300,49.3097056714624,6.58920847906531
"4083",2022-03-28 00:06:50,3,303,300,50.1423830838149,6.35548459830135
"4084",2022-03-28 00:06:55,3,303,300,48.3210127559591,6.71354880970581
"4085",2022-03-28 00:07:00,3,303,300,48.871120004637,6.36339754992429
"4086",2022-03-28 00:07:05,3,303,300,49.6656709986387,6.52925274574501
"4087",2022-03-28 00:07:10,3,303,300,49.2076310974417,6.21554698313596
"4088",2022-03-28 00:07:15,3,303,300,50.5245763700647,7.28628754235549
"4089",2022-03-28 00:07:20,3,303,300,50.025751912007,7.1340813465809
"4090",2022-03-28 00:07:25,3,303,300,49.1797668191505,6.59713669953222
"4091",2022-03-28 00:07:30,3,303,300,50.086307551842,6.96401134400908
"4092",2022-03-28 00:07:35,3,303,300,49.3345009103525,6.25113548263038
"4093",2022-03-28 00:07:40,3,303,300,48.2741961364705,6.00233162374298
"4094",2022-03-28 00:07:45,3,303,300,49.8007862259574,6.30497832950869
"4095",2022-03-28 00:07:50,3,303,300,48.0890648701709,6.774262209695
"4096",2022-03-28 00:07:55,3,303,300,50.0930626204587,6.32565325148265
"4097",2022-03-28 00:08:00,3,303,300,47.395263264323,6.50476934259431
"4098",2022-03-28 00:08:05,3,303,300,50.0627784483126,6.84733562803476
"4099",2022-03-28 00:08:10,3,303,300,48.935616447676,6.03974274969778
"4100",2022-03-28 00:08:15,3,303,300,48.4394099546226,6.40262827138373
"4101",2022-03-28 00:08:20,3,303,300,49.7682201147252,6.3160553597039
"4102",2022-03-28 00:08:25,3,303,300,49.5539136618611,6.93805009660574
"4103",2022-03-28 00:08:30,3,303,300,47.8094670973714,6.79298126857284
"4104",2022-03-28 00:08:35,3,303,300,47.986180465908,5.89705268350066
"4105",2022-03-28 00:08:40,3,303,300,48.6134304398596,6.46882344035873
"4106",2022-03-28 00:08:45,3,303,300,48.579663397431,6.02043977940221
"4107",2022-03-28 00:08:50,3,303,300,50.5104970231693,6.95587394875982
"4108",2022-03-28 00:08:55,3,303,300,48.8597714084056,6.53966427676188
"4109",2022-03-28 00:09:00,3,303,300,49.3188663957578,6.96659764222513
"4110",2022-03-28 00:09:05,3,303,300,48.6774268128208,6.56797591138542
"4111",2022-03-28 00:09:10,3,303,300,49.2907149440746,6.31148215213705
"4112",2022-03-28 00:09:15,3,303,300,51.2617117396623,7.04501747261317
"4113",2022-03-28 00:09:20,3,303,300,50.8230669797618,5.91385035684431
"4114",2022-03-28 00:09:25,3,303,300,50.9536241642582,7.01815490083033
"4115",2022-03-28 00:09:30,3,303,300,49.126636760768,6.83141979993523
"4116",2022-03-28 00:09:35,3,303,300,49.0628410066576,6.07149966501646
"4117",2022-03-28 00:09:40,3,303,300,49.1306743061531,6.56875272919794
"4118",2022-03-28 00:09:45,3,303,300,47.8619639948605,6.48160572502224
"4119",2022-03-28 00:09:50,3,303,300,50.1416037072283,6.73740369099971
"4120",2022-03-28 00:09:55,3,303,300,49.5433074056025,6.82667480013053
"4121",2022-03-28 00:10:00,3,303,300,48.7523452537354,6.07967732547561
"4122",2022-03-28 00:10:05,3,303,300,48.6706085031116,6.22268853900101
"4123",2022-03-28 00:10:10,3,303,300,48.1410257367369,6.8886223777982
"4124",2022-03-28 00:10:15,3,303,300,50.3977032610211,6.72836896855293
"4125",2022-03-28 00:10:20,3,303,300,47.5446829047727,7.110386503589
"4126",2022-03-28 00:10:25,3,303,300,49.3336058003843,5.52623389601051
"4127",2022-03-28 00:10:30,3,303,300,48.0066135927933,6.96315053873287
"4128",2022-03-28 00:10:35,3,303,300,48.9661310579626,6.66468697362106
"4129",2022-03-28 00:10:40,3,303,300,50.0089553999426,7.0808308450418
"4130",2022-03-28 00:10:45,3,303,300,49.7980238107243,7.36561010561703
"4131",2022-03-28 00:10:50,3,303,300,49.5414952102082,6.59636809898058
"4132",2022-03-28 00:10:55,3,303,300,48.9753755662965,6.41171625745527
"4133",2022-03-28 00:11:00,3,303,300,49.5026860701683,6.45555593236469
"4134",2022-03-28 00:11:05,3,303,300,49.5927963494189,6.93437444749981
"4135",2022-03-28 00:11:10,3,303,300,48.8890523137257,6.72163536726385
"4136",2022-03-28 00:11:15,3,303,300,48.4234693384179,6.79839939263577
"4137",2022-03-28 00:11:20,3,303,300,50.4089682453837,6.78574224838971
"4138",2022-03-28 00:11:25,3,303,300,49.3274305534592,6.61762204833954
"4139",2022-03-28 00:11:30,3,303,300,48.5296681612513,6.83432692244409
"4140",2022-03-28 00:11:35,3,303,300,49.477889919784,6.99236282437452
"4141",2022-03-28 00:11:40,3,303,300,49.0807891640263,6.28874608174175
"4142",2022-03-28 00:11:45,3,303,300,48.9791363624866,6.69346817254693
"4143",2022-03-28 00:11:50,3,303,300,49.353414891125,6.68388723008369
"4144",2022-03-28 00:11:55,3,303,300,50.5721469937956,6.69890521526281
"4145",2022-03-28 00:12:00,3,303,300,48.4585446777978,6.62849213804237
"4146",2022-03-28 00:12:05,3,303,300,49.5053756539751,6.93446239578455
"4147",2022-03-28 00:12:10,3,303,300,49.2884967592833,6.30964827799003
"4148",2022-03-28 00:12:15,3,303,300,48.3631578012688,6.70551823114964
"4149",2022-03-28 00:12:20,3,303,300,49.7693526955438,6.65951003356398
"4150",2022-03-28 00:12:25,3,303,300,48.2941279450449,6.04170339493929
"4151",2022-03-28 00:12:30,3,303,300,47.7198999939225,6.94205614115097
"4152",2022-03-28 00:12:35,3,303,300,50.6337328298642,6.54497623862173
"4153",2022-03-28 00:12:40,3,303,300,48.0548121444262,6.8421564947717
"4154",2022-03-28 00:12:45,3,303,300,49.511832867335,6.87361865344972
"4155",2022-03-28 00:12:50,3,303,300,48.4208632675949,6.41795915205345
"4156",2022-03-28 00:12:55,3,303,300,48.7796323960455,6.49079193865981
"4157",2022-03-28 00:13:00,3,303,300,47.7110623124712,6.32908706688395
"4158",2022-03-28 00:13:05,3,303,300,49.6638029645663,5.9739914723175
"4159",2022-03-28 00:13:10,3,303,300,46.9839927568215,7.13700041204204
"4160",2022-03-28 00:13:15,3,303,300,48.8232235522085,6.85942687085063
"4161",2022-03-28 00:13:20,3,303,300,48.8230322733767,6.30462410688326
"4162",2022-03-28 00:13:25,3,303,300,49.0107975648375,6.61488598890702
"4163",2022-03-28 00:13:30,3,303,300,50.0411306727126,6.08465374290594
"4164",2022-03-28 00:13:35,3,303,300,48.189169613698,6.73550423570941
"4165",2022-03-28 00:13:40,3,303,300,49.2205585282072,6.37355920470899
"4166",2022-03-28 00:13:45,3,303,300,47.8652897826303,6.62200670621188
"4167",2022-03-28 00:13:50,3,303,300,48.1661311691293,6.09875503126207
"4168",2022-03-28 00:13:55,3,303,300,48.0395185239774,7.39345081468636
"4169",2022-03-28 00:14:00,3,303,300,49.7814061191478,6.16131757217917
"4170",2022-03-28 00:14:05,3,303,300,49.7809324294929,6.58465798505449
"4171",2022-03-28 00:14:10,3,303,300,49.4776849032689,6.63714926153445
"4172",2022-03-28 00:14:15,3,303,300,47.8658552261718,6.42733115344893
"4173",2022-03-28 00:14:20,3,303,300,49.2707173544631,5.97649397141255
"4174",2022-03-28 00:14:25,3,303,300,48.6686930691716,6.96132207062
"4175",2022-03-28 00:14:30,3,303,300,50.2011761630623,7.05616907766012
"4176",2022-03-28 00:14:35,3,303,300,49.3588094893121,6.56151453354073
"4177",2022-03-28 00:14:40,3,303,300,48.6682256498269,6.13372142182513
"4178",2022-03-28 00:14:45,3,303,300,48.4918579742715,6.76746783569235
"4179",2022-03-28 00:14:50,3,303,300,49.8862357730647,6.62869068695503
"4180",2022-03-28 00:14:55,3,303,300,49.1100943473833,6.38352760482438
"4181",2022-03-28 00:15:00,3,303,300,50.4184736144488,6.5408692663598
"4182",2022-03-28 00:15:05,3,303,300,50.0722769178439,6.35343304613131
"4183",2022-03-28 00:15:10,3,303,300,48.1385962346131,6.16287268809787
"4184",2022-03-28 00:15:15,3,303,300,49.5232497550163,6.67640080714676
"4185",2022-03-28 00:15:20,3,303,300,48.8158897189352,6.25336827843412
"4186",2022-03-28 00:15:25,3,303,300,50.2640086978954,6.95029558223554
"4187",2022-03-28 00:15:30,3,303,300,48.9104696068662,6.6938436424788
"4188",2022-03-28 00:15:35,3,303,300,50.7103151442184,6.6780055379459
"4189",2022-03-28 00:15:40,3,303,300,48.3143899384786,6.80540114995422
"4190",2022-03-28 00:15:45,3,303,300,49.7863964574309,6.42764562463784
"4191",2022-03-28 00:15:50,3,303,300,48.8735594881704,6.58830291466258
"4192",2022-03-28 00:15:55,3,303,300,48.9034001521755,6.34484822798634
"4193",2022-03-28 00:16:00,3,303,300,50.3261009743835,7.04478086949112
"4194",2022-03-28 00:16:05,3,303,300,48.7160331468658,6.79050817650433
"4195",2022-03-28 00:16:10,3,303,300,49.9875893934058,6.62122212995631
"4196",2022-03-28 00:16:15,3,303,300,49.404848782795,6.49303048418698
"4197",2022-03-28 00:16:20,3,303,300,48.9722163683437,6.68122133395206
"4198",2022-03-28 00:16:25,3,303,300,48.6924780759265,7.01240540336936
"4199",2022-03-28 00:16:30,3,303,300,49.9175340897665,6.12744042164232
"4200",2022-03-28 00:16:35,3,303,300,48.8083781381647,7.11968558293062
"4201",2022-03-29 00:00:00,3,338,100,47.938372189855,6.71597345998179
"4202",2022-03-29 00:00:05,3,338,100,48.9615551595291,7.04638596980484
"4203",2022-03-29 00:00:10,3,338,100,49.9719775633646,6.89702924232163
"4204",2022-03-29 00:00:15,3,338,100,48.2617656092872,6.42234249066465
"4205",2022-03-29 00:00:20,3,338,100,49.790722738258,7.35285618653615
"4206",2022-03-29 00:00:25,3,338,100,49.9727651415739,6.22545644977262
"4207",2022-03-29 00:00:30,3,338,100,49.0092853751166,6.64062612739403
"4208",2022-03-29 00:00:35,3,338,100,49.4251084200802,6.56480166391983
"4209",2022-03-29 00:00:40,3,338,100,48.460879076184,5.67876132336036
"4210",2022-03-29 00:00:45,3,338,100,47.3845241647131,6.40498586073195
"4211",2022-03-29 00:00:50,3,338,100,49.3111558344491,6.56785299467508
"4212",2022-03-29 00:00:55,3,338,100,49.3421943568248,6.65213583373669
"4213",2022-03-29 00:01:00,3,338,100,49.6802076869228,6.77748754882275
"4214",2022-03-29 00:01:05,3,338,100,49.6361032119826,6.95211583164247
"4215",2022-03-29 00:01:10,3,338,100,48.9210083592208,6.18175045971499
"4216",2022-03-29 00:01:15,3,338,100,49.3752871941289,6.97225773539563
"4217",2022-03-29 00:01:20,3,338,100,50.5676365207597,6.65475389824598
"4218",2022-03-29 00:01:25,3,338,100,49.8843158749181,6.66893543842737
"4219",2022-03-29 00:01:30,3,338,100,49.558629449154,7.03064872056668
"4220",2022-03-29 00:01:35,3,338,100,48.4888499876006,6.89304857921935
"4221",2022-03-29 00:01:40,3,338,100,48.9586563586547,6.23170647226725
"4222",2022-03-29 00:01:45,3,338,100,48.8861411329062,6.99976366988495
"4223",2022-03-29 00:01:50,3,338,100,49.726092959367,6.79058622285596
"4224",2022-03-29 00:01:55,3,338,100,48.5689392071358,6.93768888623642
"4225",2022-03-29 00:02:00,3,338,100,49.217698232548,6.94087160129689
"4226",2022-03-29 00:02:05,3,338,100,50.4322942999748,6.32880153118701
"4227",2022-03-29 00:02:10,3,338,100,48.0001127185463,6.66662787757797
"4228",2022-03-29 00:02:15,3,338,100,48.2267057668064,6.57155413467043
"4229",2022-03-29 00:02:20,3,338,100,49.6379800406589,7.16512872346337
"4230",2022-03-29 00:02:25,3,338,100,48.0525547034889,7.4152781198953
"4231",2022-03-29 00:02:30,3,338,100,50.5277098965512,6.53822198370655
"4232",2022-03-29 00:02:35,3,338,100,50.4065300102984,6.74199166704817
"4233",2022-03-29 00:02:40,3,338,100,47.9133163354749,5.96609111743083
"4234",2022-03-29 00:02:45,3,338,100,50.0273536123697,6.90476680918856
"4235",2022-03-29 00:02:50,3,338,100,49.1957667610134,7.07352422048342
"4236",2022-03-29 00:02:55,3,338,100,50.7311051624688,6.571119149461
"4237",2022-03-29 00:03:00,3,338,100,49.3787920915941,6.82596582071245
"4238",2022-03-29 00:03:05,3,338,100,47.7690374821277,6.32948926424121
"4239",2022-03-29 00:03:10,3,338,100,48.1734234733535,6.84468007532717
"4240",2022-03-29 00:03:15,3,338,100,49.3720173283143,5.94420246622234
"4241",2022-03-29 00:03:20,3,338,100,48.6784531774485,7.12198233523324
"4242",2022-03-29 00:03:25,3,338,100,48.3404468388832,6.02797703280078
"4243",2022-03-29 00:03:30,3,338,100,49.5238789259866,6.66517290962533
"4244",2022-03-29 00:03:35,3,338,100,48.7732796438722,6.06717720357259
"4245",2022-03-29 00:03:40,3,338,100,49.2316150576347,7.12330431781573
"4246",2022-03-29 00:03:45,3,338,100,48.8291817882868,7.12796637016838
"4247",2022-03-29 00:03:50,3,338,100,50.3019910884947,6.84273342140896
"4248",2022-03-29 00:03:55,3,338,100,48.8700255766757,6.09083939895188
"4249",2022-03-29 00:04:00,3,338,100,48.4952444695062,6.35809366413927
"4250",2022-03-29 00:04:05,3,338,100,49.0081904835631,7.23685339571596
"4251",2022-03-29 00:04:10,3,338,100,49.0978063528263,6.9109183531524
"4252",2022-03-29 00:04:15,3,338,100,49.364949001922,6.40013821386337
"4253",2022-03-29 00:04:20,3,338,100,48.9093671600869,7.02105678659847
"4254",2022-03-29 00:04:25,3,338,100,48.1779065007426,6.47723360730036
"4255",2022-03-29 00:04:30,3,338,100,49.6052302860404,6.72807290579796
"4256",2022-03-29 00:04:35,3,338,100,50.3970713638007,6.54099458170286
"4257",2022-03-29 00:04:40,3,338,100,49.1222852159586,6.45924532300168
"4258",2022-03-29 00:04:45,3,338,100,48.619846071728,6.64903461975723
"4259",2022-03-29 00:04:50,3,338,100,49.2376259070242,6.27220094555181
"4260",2022-03-29 00:04:55,3,338,100,50.6819038901114,6.90688711526727
"4261",2022-03-29 00:05:00,3,338,100,49.2355498059746,6.29659911210143
"4262",2022-03-29 00:05:05,3,338,100,48.529039914721,6.04409547191587
"4263",2022-03-29 00:05:10,3,338,100,50.4581543617582,6.51958276512495
"4264",2022-03-29 00:05:15,3,338,100,48.3317906922252,6.36100615679965
"4265",2022-03-29 00:05:20,3,338,100,48.6726221728289,6.97177016864665
"4266",2022-03-29 00:05:25,3,338,100,50.5121870996182,6.89379272964266
"4267",2022-03-29 00:05:30,3,338,100,47.9038472508549,6.52731580010354
"4268",2022-03-29 00:05:35,3,338,100,48.151052687914,6.69002408797229
"4269",2022-03-29 00:05:40,3,338,100,49.3625626658872,6.37598636861545
"4270",2022-03-29 00:05:45,3,338,100,47.3742979845469,6.91307528926762
"4271",2022-03-29 00:05:50,3,338,100,48.5846666669797,6.41892648908837
"4272",2022-03-29 00:05:55,3,338,100,49.3660470423199,7.05623618980266
"4273",2022-03-29 00:06:00,3,338,100,49.6546730924115,6.34246510694472
"4274",2022-03-29 00:06:05,3,338,100,49.9521786332595,6.80865330029374
"4275",2022-03-29 00:06:10,3,338,100,48.2963083419762,6.62926190671441
"4276",2022-03-29 00:06:15,3,338,100,48.5973945462911,7.04076652366045
"4277",2022-03-29 00:06:20,3,338,100,49.8113984125471,6.5798087395626
"4278",2022-03-29 00:06:25,3,338,100,48.6664853787807,6.21383627680869
"4279",2022-03-29 00:06:30,3,338,100,48.3839638357264,7.09590410583987
"4280",2022-03-29 00:06:35,3,338,100,48.6409885779411,6.96783665358093
"4281",2022-03-29 00:06:40,3,338,100,49.93393272393,6.55884558248841
"4282",2022-03-29 00:06:45,3,338,100,49.5189015938896,6.85649320727377
"4283",2022-03-29 00:06:50,3,338,100,50.2448975363067,6.4079576653823
"4284",2022-03-29 00:06:55,3,338,100,48.392080836628,6.82804464164375
"4285",2022-03-29 00:07:00,3,338,100,46.9950511928089,6.35775713702643
"4286",2022-03-29 00:07:05,3,338,100,48.3169371331089,6.61482067132157
"4287",2022-03-29 00:07:10,3,338,100,48.0246643710725,6.38365958275811
"4288",2022-03-29 00:07:15,3,338,100,47.9947123743747,6.236882426025
"4289",2022-03-29 00:07:20,3,338,100,47.3415980417401,7.05813037960817
"4290",2022-03-29 00:07:25,3,338,100,48.8306622648634,6.45186447840553
"4291",2022-03-29 00:07:30,3,338,100,50.0339693099405,6.99533437438487
"4292",2022-03-29 00:07:35,3,338,100,48.3811754341506,5.84732527965627
"4293",2022-03-29 00:07:40,3,338,100,50.035058446657,6.68706494298568
"4294",2022-03-29 00:07:45,3,338,100,48.9223899175377,6.65976738468845
"4295",2022-03-29 00:07:50,3,338,100,48.170122427683,6.03798160783169
"4296",2022-03-29 00:07:55,3,338,100,49.1007672490004,6.37901171652142
"4297",2022-03-29 00:08:00,3,338,100,48.4672841871218,6.1084433424704
"4298",2022-03-29 00:08:05,3,338,100,50.0109615309593,6.63753253797193
"4299",2022-03-29 00:08:10,3,338,100,50.0578233488724,6.58944562335914
"4300",2022-03-29 00:08:15,3,338,100,48.9875847049475,6.57524350100311
"4301",2022-03-29 00:08:20,3,338,100,50.9402188633061,6.26129869220787
"4302",2022-03-29 00:08:25,3,338,100,49.646258688693,6.51458386798936
"4303",2022-03-29 00:08:30,3,338,100,49.1467245618418,6.64436799335596
"4304",2022-03-29 00:08:35,3,338,100,49.0985124748365,6.40438735483243
"4305",2022-03-29 00:08:40,3,338,100,48.3418643840236,6.55383271174445
"4306",2022-03-29 00:08:45,3,338,100,48.411434977248,7.01592022428414
"4307",2022-03-29 00:08:50,3,338,100,49.4611366784571,6.35234136575545
"4308",2022-03-29 00:08:55,3,338,100,49.1166382293608,6.39579356585008
"4309",2022-03-29 00:09:00,3,338,100,49.1178406791225,6.92269975532958
"4310",2022-03-29 00:09:05,3,338,100,49.5405402337941,6.37508672318036
"4311",2022-03-29 00:09:10,3,338,100,49.3574531201519,7.18079333599416
"4312",2022-03-29 00:09:15,3,338,100,48.8816611195676,6.17160969154306
"4313",2022-03-29 00:09:20,3,338,100,48.9743883792643,7.01686916794588
"4314",2022-03-29 00:09:25,3,338,100,49.6451812612346,5.95229124825711
"4315",2022-03-29 00:09:30,3,338,100,49.6220076202332,6.71839053507409
"4316",2022-03-29 00:09:35,3,338,100,47.6323255663584,6.50024938038557
"4317",2022-03-29 00:09:40,3,338,100,47.8824832841195,6.54670595866715
"4318",2022-03-29 00:09:45,3,338,100,49.9521807241634,5.83999796730114
"4319",2022-03-29 00:09:50,3,338,100,49.6349652838594,6.22529858100094
"4320",2022-03-29 00:09:55,3,338,100,49.3626964945091,6.4907794696515
"4321",2022-03-29 00:10:00,3,338,100,48.4541492230048,6.46516127895326
"4322",2022-03-29 00:10:05,3,338,100,49.3067173612932,6.02598583835445
"4323",2022-03-29 00:10:10,3,338,100,46.472796476406,6.41408090699085
"4324",2022-03-29 00:10:15,3,338,100,48.4284265772765,6.15792331903706
"4325",2022-03-29 00:10:20,3,338,100,48.4376324343963,6.63982436927128
"4326",2022-03-29 00:10:25,3,338,100,48.5109654463623,6.42330415263731
"4327",2022-03-29 00:10:30,3,338,100,49.1283633981157,6.20703095034666
"4328",2022-03-29 00:10:35,3,338,100,51.2097266466793,6.74758884625369
"4329",2022-03-29 00:10:40,3,338,100,48.6950803925417,7.03100436067202
"4330",2022-03-29 00:10:45,3,338,100,49.3737858673741,6.75313628890906
"4331",2022-03-29 00:10:50,3,338,100,49.3415189134409,6.60198885298435
"4332",2022-03-29 00:10:55,3,338,100,48.6021260214298,6.79980582500821
"4333",2022-03-29 00:11:00,3,338,100,48.0173648901256,6.62712557414504
"4334",2022-03-29 00:11:05,3,338,100,48.8813940888105,6.31851675863073
"4335",2022-03-29 00:11:10,3,338,100,49.9493042393624,6.6577376840549
"4336",2022-03-29 00:11:15,3,338,100,49.762103800472,6.80116004411907
"4337",2022-03-29 00:11:20,3,338,100,49.0108715132021,6.78161755195285
"4338",2022-03-29 00:11:25,3,338,100,49.3721138842521,6.29066653597926
"4339",2022-03-29 00:11:30,3,338,100,49.3228741015689,6.16249165871132
"4340",2022-03-29 00:11:35,3,338,100,50.4342643966311,7.20851491830635
"4341",2022-03-29 00:11:40,3,338,100,51.0000691183648,6.73559342088847
"4342",2022-03-29 00:11:45,3,338,100,48.1613152136569,6.34484740218856
"4343",2022-03-29 00:11:50,3,338,100,48.7687266577619,6.71180851686382
"4344",2022-03-29 00:11:55,3,338,100,49.112799642395,6.41928724298922
"4345",2022-03-29 00:12:00,3,338,100,48.8762390413454,6.57913690921215
"4346",2022-03-29 00:12:05,3,338,100,50.3379115866668,6.92168673056426
"4347",2022-03-29 00:12:10,3,338,100,49.4379284024068,6.56778950855573
"4348",2022-03-29 00:12:15,3,338,100,50.6730148702377,6.34138030597026
"4349",2022-03-29 00:12:20,3,338,100,50.3757962907084,7.07484618318786
"4350",2022-03-29 00:12:25,3,338,100,49.0854159907926,7.00670040972711
"4351",2022-03-29 00:12:30,3,338,100,48.5855373691938,6.39293815616834
"4352",2022-03-29 00:12:35,3,338,100,49.1538457079702,7.08626324969822
"4353",2022-03-29 00:12:40,3,338,100,48.6156241723289,7.29762870009568
"4354",2022-03-29 00:12:45,3,338,100,49.0440552718144,6.02153141658442
"4355",2022-03-29 00:12:50,3,338,100,48.0052333584526,6.76857278994673
"4356",2022-03-29 00:12:55,3,338,100,48.8412464156144,5.73368027782349
"4357",2022-03-29 00:13:00,3,338,100,48.5522593187746,6.35330832736281
"4358",2022-03-29 00:13:05,3,338,100,48.3811039731241,6.71448858685665
"4359",2022-03-29 00:13:10,3,338,100,50.2311048110188,6.43432250932202
"4360",2022-03-29 00:13:15,3,338,100,49.1775431066069,7.03456502336175
"4361",2022-03-29 00:13:20,3,338,100,50.5756415809304,6.93900845268952
"4362",2022-03-29 00:13:25,3,338,100,48.3220575449445,6.58239315095468
"4363",2022-03-29 00:13:30,3,338,100,47.9383283484925,6.90653525281216
"4364",2022-03-29 00:13:35,3,338,100,47.2338367511156,6.24360750240608
"4365",2022-03-29 00:13:40,3,338,100,48.1122899575866,6.61565804381953
"4366",2022-03-29 00:13:45,3,338,100,49.2027665276549,7.18492221675683
"4367",2022-03-29 00:13:50,3,338,100,48.5810206222013,7.09622648547697
"4368",2022-03-29 00:13:55,3,338,100,49.1335447947798,6.19470491004046
"4369",2022-03-29 00:14:00,3,338,100,50.0612667499071,7.54843420050464
"4370",2022-03-29 00:14:05,3,338,100,49.7075331324078,6.62590375188403
"4371",2022-03-29 00:14:10,3,338,100,50.0962729925218,6.55897984512456
"4372",2022-03-29 00:14:15,3,338,100,50.0676749002497,6.32161974890515
"4373",2022-03-29 00:14:20,3,338,100,48.5186491992492,6.91556085238503
"4374",2022-03-29 00:14:25,3,338,100,49.375926506106,6.10185046274842
"4375",2022-03-29 00:14:30,3,338,100,49.5368601009771,7.24314281591766
"4376",2022-03-29 00:14:35,3,338,100,48.8097308449183,6.23740197331112
"4377",2022-03-29 00:14:40,3,338,100,48.8531541705691,6.93305576937719
"4378",2022-03-29 00:14:45,3,338,100,49.2341276852036,6.91634810972508
"4379",2022-03-29 00:14:50,3,338,100,50.2296475750994,6.71233057339983
"4380",2022-03-29 00:14:55,3,338,100,49.2752479298868,6.9208648291532
"4381",2022-03-29 00:15:00,3,338,100,49.5671065531643,6.84195751982352
"4382",2022-03-29 00:15:05,3,338,100,47.8898856827005,6.4142637585368
"4383",2022-03-29 00:15:10,3,338,100,49.7880168277854,5.95948655981367
"4384",2022-03-29 00:15:15,3,338,100,50.4540682640277,7.0125318789371
"4385",2022-03-29 00:15:20,3,338,100,49.6458397921865,6.46931810567989
"4386",2022-03-29 00:15:25,3,338,100,47.7630063004983,6.62221292575752
"4387",2022-03-29 00:15:30,3,338,100,50.063471813968,5.84136835586939
"4388",2022-03-29 00:15:35,3,338,100,49.0245630065154,7.03522972307748
"4389",2022-03-29 00:15:40,3,338,100,48.108183014354,6.53500794118691
"4390",2022-03-29 00:15:45,3,338,100,48.6908251509608,6.51590754076861
"4391",2022-03-29 00:15:50,3,338,100,49.5159453407048,6.93190955328211
"4392",2022-03-29 00:15:55,3,338,100,49.4922315520854,6.18283846371481
"4393",2022-03-29 00:16:00,3,338,100,49.0614102887282,6.77082442186159
"4394",2022-03-29 00:16:05,3,338,100,48.6861903943741,7.13111678128369
"4395",2022-03-29 00:16:10,3,338,100,49.9558892133472,6.47003257411547
"4396",2022-03-29 00:16:15,3,338,100,48.8186285732491,6.62955072134004
"4397",2022-03-29 00:16:20,3,338,100,48.6292510444237,6.76568316116867
"4398",2022-03-29 00:16:25,3,338,100,49.1336080438147,6.36802847542285
"4399",2022-03-29 00:16:30,3,338,100,49.0890846922697,6.73114751127845
"4400",2022-03-29 00:16:35,3,338,100,50.4763923574391,6.72073467961295
"4401",2022-03-30 00:00:00,3,338,200,50.0427572374707,6.69572564172483
"4402",2022-03-30 00:00:05,3,338,200,49.2162430579947,6.05552870723145
"4403",2022-03-30 00:00:10,3,338,200,48.7065947008342,6.66126877207743
"4404",2022-03-30 00:00:15,3,338,200,47.6352004694829,6.6474346396561
"4405",2022-03-30 00:00:20,3,338,200,49.6816121630793,6.82251531766135
"4406",2022-03-30 00:00:25,3,338,200,49.2871378947551,6.35046866790799
"4407",2022-03-30 00:00:30,3,338,200,48.4600176689545,6.69954502960497
"4408",2022-03-30 00:00:35,3,338,200,48.2050781991201,6.98908970975923
"4409",2022-03-30 00:00:40,3,338,200,48.8284947602861,5.97714109846661
"4410",2022-03-30 00:00:45,3,338,200,48.6461662550422,6.78115119517899
"4411",2022-03-30 00:00:50,3,338,200,48.0475722707427,6.89609503844059
"4412",2022-03-30 00:00:55,3,338,200,49.3175237719143,7.11543491053075
"4413",2022-03-30 00:01:00,3,338,200,48.0569351608735,7.0845470904324
"4414",2022-03-30 00:01:05,3,338,200,48.9911657780491,6.08699907244334
"4415",2022-03-30 00:01:10,3,338,200,49.6443076246559,6.71745353475771
"4416",2022-03-30 00:01:15,3,338,200,48.9002404270747,6.87455506643676
"4417",2022-03-30 00:01:20,3,338,200,48.2374140123797,6.55653012249336
"4418",2022-03-30 00:01:25,3,338,200,50.0511171190218,6.59504107130456
"4419",2022-03-30 00:01:30,3,338,200,49.3117393016563,6.78253936201433
"4420",2022-03-30 00:01:35,3,338,200,49.3202366605767,6.85770325774971
"4421",2022-03-30 00:01:40,3,338,200,48.8037090236575,6.68268936483232
"4422",2022-03-30 00:01:45,3,338,200,49.1913715786922,6.64385538461171
"4423",2022-03-30 00:01:50,3,338,200,50.7677775354512,6.74063636345156
"4424",2022-03-30 00:01:55,3,338,200,48.4754434653718,5.74475309423535
"4425",2022-03-30 00:02:00,3,338,200,49.9576320932717,6.40375100031951
"4426",2022-03-30 00:02:05,3,338,200,49.7286893904479,6.81914803691559
"4427",2022-03-30 00:02:10,3,338,200,49.4112434004849,6.51990296984113
"4428",2022-03-30 00:02:15,3,338,200,49.5903854063003,6.22178081073279
"4429",2022-03-30 00:02:20,3,338,200,48.6439818805645,6.27814922089317
"4430",2022-03-30 00:02:25,3,338,200,50.5434164669135,6.31658132775344
"4431",2022-03-30 00:02:30,3,338,200,48.9187167009737,6.67481248654563
"4432",2022-03-30 00:02:35,3,338,200,48.5338958954612,6.4979003693917
"4433",2022-03-30 00:02:40,3,338,200,50.5505512426913,6.79655591691225
"4434",2022-03-30 00:02:45,3,338,200,49.7928139515808,5.96817082411306
"4435",2022-03-30 00:02:50,3,338,200,49.6309867816485,6.26953489984483
"4436",2022-03-30 00:02:55,3,338,200,46.9034148007935,6.13736387998596
"4437",2022-03-30 00:03:00,3,338,200,49.5962224370004,6.37367943024051
"4438",2022-03-30 00:03:05,3,338,200,50.3403689911838,7.24130454940569
"4439",2022-03-30 00:03:10,3,338,200,48.374249129104,7.0171572255228
"4440",2022-03-30 00:03:15,3,338,200,50.316044599081,7.19914582372329
"4441",2022-03-30 00:03:20,3,338,200,49.8910389124786,6.42102854493101
"4442",2022-03-30 00:03:25,3,338,200,48.5018974811583,6.76600062086109
"4443",2022-03-30 00:03:30,3,338,200,50.0556855559474,6.37074596993287
"4444",2022-03-30 00:03:35,3,338,200,48.756417538215,6.08225528995714
"4445",2022-03-30 00:03:40,3,338,200,48.0707534963703,6.40231001633037
"4446",2022-03-30 00:03:45,3,338,200,50.0366829420259,6.9197362353563
"4447",2022-03-30 00:03:50,3,338,200,48.7911789384621,5.77707518023543
"4448",2022-03-30 00:03:55,3,338,200,49.8913762547229,6.90158148816947
"4449",2022-03-30 00:04:00,3,338,200,48.8893880759318,5.94284239104114
"4450",2022-03-30 00:04:05,3,338,200,49.7485740733429,5.8156305024212
"4451",2022-03-30 00:04:10,3,338,200,50.2621114424465,6.38481311338767
"4452",2022-03-30 00:04:15,3,338,200,47.9051374567734,7.4410646123623
"4453",2022-03-30 00:04:20,3,338,200,50.2976227543509,6.53313264205922
"4454",2022-03-30 00:04:25,3,338,200,48.8915471256265,6.3032558223204
"4455",2022-03-30 00:04:30,3,338,200,49.0174655339533,6.12056951340096
"4456",2022-03-30 00:04:35,3,338,200,48.9304886509933,6.53646906988422
"4457",2022-03-30 00:04:40,3,338,200,49.6268811128648,6.21973888455554
"4458",2022-03-30 00:04:45,3,338,200,50.144570210406,6.23991541445732
"4459",2022-03-30 00:04:50,3,338,200,49.1561013627373,6.38387009773893
"4460",2022-03-30 00:04:55,3,338,200,49.9598108493546,6.75463082452603
"4461",2022-03-30 00:05:00,3,338,200,50.1027691220159,6.96878142233625
"4462",2022-03-30 00:05:05,3,338,200,50.0931194363845,7.35652871134365
"4463",2022-03-30 00:05:10,3,338,200,48.1198412944867,6.55455880721217
"4464",2022-03-30 00:05:15,3,338,200,49.5018723084603,6.95056904970715
"4465",2022-03-30 00:05:20,3,338,200,49.6095345306193,6.18981826842993
"4466",2022-03-30 00:05:25,3,338,200,50.9532576434464,6.73216702078315
"4467",2022-03-30 00:05:30,3,338,200,50.2067437353469,6.02421806923162
"4468",2022-03-30 00:05:35,3,338,200,49.2233873714828,7.29984173668767
"4469",2022-03-30 00:05:40,3,338,200,51.0175436099856,6.43867145230487
"4470",2022-03-30 00:05:45,3,338,200,49.7742936280549,6.63374236419976
"4471",2022-03-30 00:05:50,3,338,200,50.362065993184,6.80625240085602
"4472",2022-03-30 00:05:55,3,338,200,49.9677316205783,6.15431571605825
"4473",2022-03-30 00:06:00,3,338,200,50.0631206807762,6.5660108230264
"4474",2022-03-30 00:06:05,3,338,200,50.7392986328462,6.02276063790041
"4475",2022-03-30 00:06:10,3,338,200,48.126164631521,6.78942159135477
"4476",2022-03-30 00:06:15,3,338,200,49.5402142558877,6.67494236797645
"4477",2022-03-30 00:06:20,3,338,200,49.1420461767509,7.10721734641805
"4478",2022-03-30 00:06:25,3,338,200,48.7855903630242,6.07547156295559
"4479",2022-03-30 00:06:30,3,338,200,50.5270736884287,6.98851032839584
"4480",2022-03-30 00:06:35,3,338,200,49.5071321880541,7.20888897489301
"4481",2022-03-30 00:06:40,3,338,200,48.9963343652536,6.64972949706267
"4482",2022-03-30 00:06:45,3,338,200,50.570801113265,6.38478494254353
"4483",2022-03-30 00:06:50,3,338,200,48.7322623485025,6.3095480192453
"4484",2022-03-30 00:06:55,3,338,200,48.412826069448,6.18810649534941
"4485",2022-03-30 00:07:00,3,338,200,50.4027418153986,6.67216218525901
"4486",2022-03-30 00:07:05,3,338,200,49.3148180393298,6.31150722203164
"4487",2022-03-30 00:07:10,3,338,200,49.6053894754303,6.45285113640397
"4488",2022-03-30 00:07:15,3,338,200,48.7979700541475,6.268454219702
"4489",2022-03-30 00:07:20,3,338,200,48.5641680103536,6.45528855021941
"4490",2022-03-30 00:07:25,3,338,200,48.689164694851,6.77219262000691
"4491",2022-03-30 00:07:30,3,338,200,48.3706026698521,6.94088817822453
"4492",2022-03-30 00:07:35,3,338,200,48.6604552039987,6.04469793720114
"4493",2022-03-30 00:07:40,3,338,200,48.0917762414846,6.46990430110862
"4494",2022-03-30 00:07:45,3,338,200,50.6751877656251,7.21413164478532
"4495",2022-03-30 00:07:50,3,338,200,49.0982310992445,6.51375222164881
"4496",2022-03-30 00:07:55,3,338,200,48.0095272347245,6.45325950056177
"4497",2022-03-30 00:08:00,3,338,200,47.8079711478399,7.33153803640068
"4498",2022-03-30 00:08:05,3,338,200,49.6935537734926,6.62626577231372
"4499",2022-03-30 00:08:10,3,338,200,48.4844057848685,6.85036895385201
"4500",2022-03-30 00:08:15,3,338,200,49.26023227952,6.68853536552329
"4501",2022-03-30 00:08:20,3,338,200,48.1375196579739,6.74796353600369
"4502",2022-03-30 00:08:25,3,338,200,49.3825251496973,5.55214093469781
"4503",2022-03-30 00:08:30,3,338,200,49.5067934115688,6.55670980891335
"4504",2022-03-30 00:08:35,3,338,200,50.3845488478075,6.57746840287679
"4505",2022-03-30 00:08:40,3,338,200,49.2899426755454,6.33700869544002
"4506",2022-03-30 00:08:45,3,338,200,48.6414861941606,6.62550682753743
"4507",2022-03-30 00:08:50,3,338,200,50.7003822048724,6.90369633492065
"4508",2022-03-30 00:08:55,3,338,200,48.9774388942147,6.75796656511441
"4509",2022-03-30 00:09:00,3,338,200,48.3647275535199,6.90066475745864
"4510",2022-03-30 00:09:05,3,338,200,50.5813066249204,6.56730172592818
"4511",2022-03-30 00:09:10,3,338,200,48.4083243453474,6.70439901259584
"4512",2022-03-30 00:09:15,3,338,200,48.941164104815,6.22912120307301
"4513",2022-03-30 00:09:20,3,338,200,48.0634903634509,6.13250993216441
"4514",2022-03-30 00:09:25,3,338,200,49.0524082028657,6.22026137853292
"4515",2022-03-30 00:09:30,3,338,200,48.2111392834721,6.39297287016034
"4516",2022-03-30 00:09:35,3,338,200,48.702950520749,6.97202785664375
"4517",2022-03-30 00:09:40,3,338,200,49.3302738549479,6.39001388447859
"4518",2022-03-30 00:09:45,3,338,200,50.4746953822697,6.82886952635056
"4519",2022-03-30 00:09:50,3,338,200,49.7016513946047,5.64209546670246
"4520",2022-03-30 00:09:55,3,338,200,49.6578717877463,6.49941024208133
"4521",2022-03-30 00:10:00,3,338,200,49.3951421698969,6.41651139224641
"4522",2022-03-30 00:10:05,3,338,200,49.0180710587665,6.16702683482605
"4523",2022-03-30 00:10:10,3,338,200,50.2323409230786,5.79383778189799
"4524",2022-03-30 00:10:15,3,338,200,49.1132029316057,6.67024739461007
"4525",2022-03-30 00:10:20,3,338,200,48.3605756071173,7.00118915498354
"4526",2022-03-30 00:10:25,3,338,200,49.3028710781652,6.98139800535374
"4527",2022-03-30 00:10:30,3,338,200,49.4968297776563,7.06449287438687
"4528",2022-03-30 00:10:35,3,338,200,49.3110523121901,7.00185559055246
"4529",2022-03-30 00:10:40,3,338,200,49.8069829665047,6.76441583996327
"4530",2022-03-30 00:10:45,3,338,200,48.8841771002424,7.10150106362005
"4531",2022-03-30 00:10:50,3,338,200,48.2464870208975,6.33550871743661
"4532",2022-03-30 00:10:55,3,338,200,48.6181524110473,6.39520719227275
"4533",2022-03-30 00:11:00,3,338,200,49.4163955850637,6.80429443405706
"4534",2022-03-30 00:11:05,3,338,200,48.5661552319892,6.45784875363891
"4535",2022-03-30 00:11:10,3,338,200,49.3272659345636,6.45823443026806
"4536",2022-03-30 00:11:15,3,338,200,48.1888125209055,6.16005897070286
"4537",2022-03-30 00:11:20,3,338,200,49.471104483179,6.61723992415121
"4538",2022-03-30 00:11:25,3,338,200,46.4688744189226,6.18638897196208
"4539",2022-03-30 00:11:30,3,338,200,48.6187793774699,6.74888982139959
"4540",2022-03-30 00:11:35,3,338,200,49.9392395859105,6.03378594158902
"4541",2022-03-30 00:11:40,3,338,200,51.1668899854621,6.45394360934167
"4542",2022-03-30 00:11:45,3,338,200,49.9118889667857,7.31864825159794
"4543",2022-03-30 00:11:50,3,338,200,48.2613180715831,6.70306374840005
"4544",2022-03-30 00:11:55,3,338,200,47.7206891220786,6.62404114971387
"4545",2022-03-30 00:12:00,3,338,200,49.575728548062,6.92247580064098
"4546",2022-03-30 00:12:05,3,338,200,48.9814717288843,6.42647919172783
"4547",2022-03-30 00:12:10,3,338,200,48.4145558249317,6.00755139463589
"4548",2022-03-30 00:12:15,3,338,200,47.6872693972887,6.86705458249381
"4549",2022-03-30 00:12:20,3,338,200,49.8350425258489,6.68785379372402
"4550",2022-03-30 00:12:25,3,338,200,49.3171698292338,6.48564375749101
"4551",2022-03-30 00:12:30,3,338,200,48.9959911601338,6.86494036520588
"4552",2022-03-30 00:12:35,3,338,200,48.2733110470934,6.51400416564925
"4553",2022-03-30 00:12:40,3,338,200,48.3792530098195,6.71417965789166
"4554",2022-03-30 00:12:45,3,338,200,49.4217217270308,6.76447336247547
"4555",2022-03-30 00:12:50,3,338,200,49.8257519252679,7.04298580755548
"4556",2022-03-30 00:12:55,3,338,200,48.4093030495086,6.57084154868371
"4557",2022-03-30 00:13:00,3,338,200,50.0944393713904,6.85179289588374
"4558",2022-03-30 00:13:05,3,338,200,50.6456124865212,7.10622992169955
"4559",2022-03-30 00:13:10,3,338,200,49.7792607828653,6.33451903443853
"4560",2022-03-30 00:13:15,3,338,200,49.2739920850751,6.88047538516078
"4561",2022-03-30 00:13:20,3,338,200,49.3708764365699,6.55673288281049
"4562",2022-03-30 00:13:25,3,338,200,48.6587987423047,5.9988841129507
"4563",2022-03-30 00:13:30,3,338,200,48.568533688072,7.13622566217177
"4564",2022-03-30 00:13:35,3,338,200,50.564256856914,6.11735417338622
"4565",2022-03-30 00:13:40,3,338,200,49.9647963835089,6.96371021032963
"4566",2022-03-30 00:13:45,3,338,200,49.3848876688349,6.55571012107005
"4567",2022-03-30 00:13:50,3,338,200,50.3921935103361,7.05602436373788
"4568",2022-03-30 00:13:55,3,338,200,49.6515613769427,6.15390923855152
"4569",2022-03-30 00:14:00,3,338,200,50.3350077477455,6.69030008118993
"4570",2022-03-30 00:14:05,3,338,200,50.2066963850815,7.17909726522618
"4571",2022-03-30 00:14:10,3,338,200,49.2223338208026,6.21502494353945
"4572",2022-03-30 00:14:15,3,338,200,49.2810804003411,6.71697285049127
"4573",2022-03-30 00:14:20,3,338,200,48.6583965927931,7.05422334684277
"4574",2022-03-30 00:14:25,3,338,200,49.0740254449705,6.04690304486196
"4575",2022-03-30 00:14:30,3,338,200,48.9298411574615,6.58768041444047
"4576",2022-03-30 00:14:35,3,338,200,49.7557289333574,6.50608328077904
"4577",2022-03-30 00:14:40,3,338,200,48.5629406962963,6.27669687336403
"4578",2022-03-30 00:14:45,3,338,200,49.2474913580276,6.73584372826819
"4579",2022-03-30 00:14:50,3,338,200,47.79139026855,7.09313196318136
"4580",2022-03-30 00:14:55,3,338,200,48.1484786563825,6.60698257148641
"4581",2022-03-30 00:15:00,3,338,200,49.804535078524,6.58020263095457
"4582",2022-03-30 00:15:05,3,338,200,49.6625310635317,6.55336141847999
"4583",2022-03-30 00:15:10,3,338,200,49.3356099042194,6.60588418148292
"4584",2022-03-30 00:15:15,3,338,200,48.9310429313669,6.50026234162372
"4585",2022-03-30 00:15:20,3,338,200,47.2789576572536,6.16503360444568
"4586",2022-03-30 00:15:25,3,338,200,50.634004637534,6.55312852624897
"4587",2022-03-30 00:15:30,3,338,200,48.6006735012708,6.42081844112121
"4588",2022-03-30 00:15:35,3,338,200,49.0077497864435,7.37924428658844
"4589",2022-03-30 00:15:40,3,338,200,49.1235300073504,6.71486953214238
"4590",2022-03-30 00:15:45,3,338,200,48.5874819571714,6.82260517162416
"4591",2022-03-30 00:15:50,3,338,200,47.6295903606683,6.28536159197384
"4592",2022-03-30 00:15:55,3,338,200,49.6469469317898,7.05441387149032
"4593",2022-03-30 00:16:00,3,338,200,50.5077181072373,6.75610873437203
"4594",2022-03-30 00:16:05,3,338,200,49.0148125348515,6.65894343517673
"4595",2022-03-30 00:16:10,3,338,200,49.5797612468993,6.27820737131498
"4596",2022-03-30 00:16:15,3,338,200,47.4792648864611,6.8041833349221
"4597",2022-03-30 00:16:20,3,338,200,46.91574097068,6.04470373882041
"4598",2022-03-30 00:16:25,3,338,200,48.9772108175543,6.38688433640082
"4599",2022-03-30 00:16:30,3,338,200,49.6373234592256,7.02484666835076
"4600",2022-03-30 00:16:35,3,338,200,48.787296125873,6.59027535154084
"4601",2022-03-31 00:00:00,3,338,300,49.5689897530692,5.983544876237
"4602",2022-03-31 00:00:05,3,338,300,49.2432423851293,6.58020415336654
"4603",2022-03-31 00:00:10,3,338,300,47.8217004162416,7.05933294800208
"4604",2022-03-31 00:00:15,3,338,300,48.281880984447,6.86004132847115
"4605",2022-03-31 00:00:20,3,338,300,48.570988995004,6.06596273002607
"4606",2022-03-31 00:00:25,3,338,300,50.1759748499929,6.29231669303943
"4607",2022-03-31 00:00:30,3,338,300,46.9101172880771,6.88441837706264
"4608",2022-03-31 00:00:35,3,338,300,49.6444391815054,6.81185669857811
"4609",2022-03-31 00:00:40,3,338,300,48.6129277867441,6.38096599953564
"4610",2022-03-31 00:00:45,3,338,300,50.7854913956203,6.87354136471148
"4611",2022-03-31 00:00:50,3,338,300,48.9003896193267,7.106635347539
"4612",2022-03-31 00:00:55,3,338,300,49.871550784249,6.80239999974283
"4613",2022-03-31 00:01:00,3,338,300,48.2412483685986,6.66115572849535
"4614",2022-03-31 00:01:05,3,338,300,49.74625718735,6.37033689757212
"4615",2022-03-31 00:01:10,3,338,300,49.8666905883651,6.41248900313325
"4616",2022-03-31 00:01:15,3,338,300,49.1967897471425,6.5464000491696
"4617",2022-03-31 00:01:20,3,338,300,49.3849700085441,7.03307923335463
"4618",2022-03-31 00:01:25,3,338,300,49.2926807076073,6.58371275917921
"4619",2022-03-31 00:01:30,3,338,300,48.5890647689863,7.1312366334054
"4620",2022-03-31 00:01:35,3,338,300,47.6024426078267,6.37590679592892
"4621",2022-03-31 00:01:40,3,338,300,50.9747140851569,7.09147189527187
"4622",2022-03-31 00:01:45,3,338,300,49.1951241702684,6.31662228766647
"4623",2022-03-31 00:01:50,3,338,300,50.8895197863624,6.75227105987594
"4624",2022-03-31 00:01:55,3,338,300,48.0765551083991,6.12939041282065
"4625",2022-03-31 00:02:00,3,338,300,46.9948064984648,6.61673135371123
"4626",2022-03-31 00:02:05,3,338,300,49.6989707466506,6.51929885601066
"4627",2022-03-31 00:02:10,3,338,300,48.3983069244671,6.39382000243034
"4628",2022-03-31 00:02:15,3,338,300,49.5046513517434,6.17129214389827
"4629",2022-03-31 00:02:20,3,338,300,49.0938311501957,6.55204157676282
"4630",2022-03-31 00:02:25,3,338,300,50.7263392890413,5.97086227163201
"4631",2022-03-31 00:02:30,3,338,300,47.6483002755168,7.04302982830282
"4632",2022-03-31 00:02:35,3,338,300,49.2509776780827,6.63009042526482
"4633",2022-03-31 00:02:40,3,338,300,48.6890749596567,7.19770765099883
"4634",2022-03-31 00:02:45,3,338,300,49.0085306939531,6.53622060778751
"4635",2022-03-31 00:02:50,3,338,300,48.7088038480093,6.41577229103467
"4636",2022-03-31 00:02:55,3,338,300,49.4183091734106,6.26400171254994
"4637",2022-03-31 00:03:00,3,338,300,49.0421243552724,5.9991606234029
"4638",2022-03-31 00:03:05,3,338,300,48.681902056875,6.68913109919651
"4639",2022-03-31 00:03:10,3,338,300,50.793126243497,7.2331206341085
"4640",2022-03-31 00:03:15,3,338,300,48.7004117235255,6.93185184473723
"4641",2022-03-31 00:03:20,3,338,300,48.3063383655678,6.66937392062448
"4642",2022-03-31 00:03:25,3,338,300,49.5365711117297,6.57477884374548
"4643",2022-03-31 00:03:30,3,338,300,49.2754348927777,6.34551806593046
"4644",2022-03-31 00:03:35,3,338,300,48.2747332771101,6.10593817773982
"4645",2022-03-31 00:03:40,3,338,300,50.0666638864808,6.83100714647262
"4646",2022-03-31 00:03:45,3,338,300,48.4057740094513,6.21274306317919
"4647",2022-03-31 00:03:50,3,338,300,48.9303273945279,6.45160463396713
"4648",2022-03-31 00:03:55,3,338,300,50.2424499358473,6.11735265295311
"4649",2022-03-31 00:04:00,3,338,300,49.3169538303597,6.08993948001265
"4650",2022-03-31 00:04:05,3,338,300,49.1470191710005,7.25822290142914
"4651",2022-03-31 00:04:10,3,338,300,49.8564301341633,6.9323768681228
"4652",2022-03-31 00:04:15,3,338,300,48.0079428987583,6.54264997970965
"4653",2022-03-31 00:04:20,3,338,300,49.5387121276196,6.27770405816279
"4654",2022-03-31 00:04:25,3,338,300,47.716314600976,6.46222444848017
"4655",2022-03-31 00:04:30,3,338,300,49.5042586360602,6.67724992483866
"4656",2022-03-31 00:04:35,3,338,300,48.6762857592362,6.59848604715159
"4657",2022-03-31 00:04:40,3,338,300,48.9826898473263,6.18568910359876
"4658",2022-03-31 00:04:45,3,338,300,49.2143518967332,6.84293152489396
"4659",2022-03-31 00:04:50,3,338,300,50.2668043751548,6.89149098994391
"4660",2022-03-31 00:04:55,3,338,300,50.5555545892397,5.77411984018685
"4661",2022-03-31 00:05:00,3,338,300,50.3876061949297,6.96698829648046
"4662",2022-03-31 00:05:05,3,338,300,48.8665362854096,6.61967322300981
"4663",2022-03-31 00:05:10,3,338,300,49.7178184512407,7.22016279532033
"4664",2022-03-31 00:05:15,3,338,300,50.502840652177,6.98836986911085
"4665",2022-03-31 00:05:20,3,338,300,50.0167451518594,6.68943060354507
"4666",2022-03-31 00:05:25,3,338,300,49.103882352695,6.01000649196319
"4667",2022-03-31 00:05:30,3,338,300,47.9358156436963,6.57560035103298
"4668",2022-03-31 00:05:35,3,338,300,49.1907694990662,6.08035515992866
"4669",2022-03-31 00:05:40,3,338,300,48.4187966935782,6.14384858037038
"4670",2022-03-31 00:05:45,3,338,300,48.6789088420793,6.04087608015438
"4671",2022-03-31 00:05:50,3,338,300,49.46537830931,6.50399592786367
"4672",2022-03-31 00:05:55,3,338,300,49.0630580194093,6.87685288346856
"4673",2022-03-31 00:06:00,3,338,300,48.6833536852051,6.577281187622
"4674",2022-03-31 00:06:05,3,338,300,49.8353041108741,6.82661805505588
"4675",2022-03-31 00:06:10,3,338,300,48.7079185578853,6.23192399354229
"4676",2022-03-31 00:06:15,3,338,300,49.5631308016963,6.29374562151973
"4677",2022-03-31 00:06:20,3,338,300,48.6574839926851,6.9500808174256
"4678",2022-03-31 00:06:25,3,338,300,50.4721774317863,6.52482216639931
"4679",2022-03-31 00:06:30,3,338,300,47.0509926425541,7.37017327622814
"4680",2022-03-31 00:06:35,3,338,300,50.2978020385154,6.22207709458895
"4681",2022-03-31 00:06:40,3,338,300,50.5245577226413,6.7626334288866
"4682",2022-03-31 00:06:45,3,338,300,49.0268467603096,6.23469851404059
"4683",2022-03-31 00:06:50,3,338,300,49.2917808452571,6.86228274136703
"4684",2022-03-31 00:06:55,3,338,300,50.3764134564553,6.66726647205908
"4685",2022-03-31 00:07:00,3,338,300,49.0106155786047,6.17095228519631
"4686",2022-03-31 00:07:05,3,338,300,48.3997086523487,6.90135772894271
"4687",2022-03-31 00:07:10,3,338,300,48.6696400788527,6.87546198408904
"4688",2022-03-31 00:07:15,3,338,300,48.3051422444963,6.4530838095265
"4689",2022-03-31 00:07:20,3,338,300,49.7274493260807,6.46935217943853
"4690",2022-03-31 00:07:25,3,338,300,48.4315528587244,6.79341668300256
"4691",2022-03-31 00:07:30,3,338,300,49.5277830589512,7.39605532253441
"4692",2022-03-31 00:07:35,3,338,300,49.0276784910074,6.08622137545363
"4693",2022-03-31 00:07:40,3,338,300,50.516442450724,6.33762825526041
"4694",2022-03-31 00:07:45,3,338,300,49.7881447471653,6.36549745591738
"4695",2022-03-31 00:07:50,3,338,300,49.0617105664094,6.375614656543
"4696",2022-03-31 00:07:55,3,338,300,50.1068107258096,6.64609754945684
"4697",2022-03-31 00:08:00,3,338,300,49.325584701702,6.348474909205
"4698",2022-03-31 00:08:05,3,338,300,48.6410065458152,6.00226331083311
"4699",2022-03-31 00:08:10,3,338,300,50.0289913484644,6.62364216100475
"4700",2022-03-31 00:08:15,3,338,300,49.2417261517935,7.30872405564464
"4701",2022-03-31 00:08:20,3,338,300,47.6819660203725,6.50535341627819
"4702",2022-03-31 00:08:25,3,338,300,49.2927636671424,6.34605836784168
"4703",2022-03-31 00:08:30,3,338,300,48.4734444821307,6.82702483878935
"4704",2022-03-31 00:08:35,3,338,300,50.2347811470169,6.57977384262152
"4705",2022-03-31 00:08:40,3,338,300,47.4607858104699,6.8731106545623
"4706",2022-03-31 00:08:45,3,338,300,49.3175463663122,7.48513298187533
"4707",2022-03-31 00:08:50,3,338,300,48.8071432714686,6.58312386767016
"4708",2022-03-31 00:08:55,3,338,300,47.1016851634289,6.8847265943313
"4709",2022-03-31 00:09:00,3,338,300,48.0705616384203,6.87962692303742
"4710",2022-03-31 00:09:05,3,338,300,48.3915697626689,6.15088885835649
"4711",2022-03-31 00:09:10,3,338,300,49.4149806427733,6.85322456911401
"4712",2022-03-31 00:09:15,3,338,300,48.8458690109574,7.04689298782312
"4713",2022-03-31 00:09:20,3,338,300,48.594356551431,6.23553230430649
"4714",2022-03-31 00:09:25,3,338,300,49.4034646554767,7.15512371140332
"4715",2022-03-31 00:09:30,3,338,300,49.7294297604069,6.66267793537755
"4716",2022-03-31 00:09:35,3,338,300,48.6768164587094,7.12165267151722
"4717",2022-03-31 00:09:40,3,338,300,50.9030134031822,7.08868469061222
"4718",2022-03-31 00:09:45,3,338,300,48.3348445636747,7.03910077962518
"4719",2022-03-31 00:09:50,3,338,300,49.135854521274,6.45067971058326
"4720",2022-03-31 00:09:55,3,338,300,48.6465347666081,6.17127218423435
"4721",2022-03-31 00:10:00,3,338,300,50.1001439015535,6.77653872245931
"4722",2022-03-31 00:10:05,3,338,300,48.0687113819051,6.33715172302554
"4723",2022-03-31 00:10:10,3,338,300,48.6894599503011,6.92258744478658
"4724",2022-03-31 00:10:15,3,338,300,48.1700539180371,6.64964228953359
"4725",2022-03-31 00:10:20,3,338,300,49.3559134141342,6.61733640002705
"4726",2022-03-31 00:10:25,3,338,300,49.3946025819021,6.3871768458604
"4727",2022-03-31 00:10:30,3,338,300,48.3985498511537,6.4757104236152
"4728",2022-03-31 00:10:35,3,338,300,50.2973089290137,6.39812465904362
"4729",2022-03-31 00:10:40,3,338,300,50.0640934492079,6.64392825877862
"4730",2022-03-31 00:10:45,3,338,300,49.3263732445878,6.55586089317577
"4731",2022-03-31 00:10:50,3,338,300,49.0033237041247,6.14131762584271
"4732",2022-03-31 00:10:55,3,338,300,49.2036864453627,6.5327409000535
"4733",2022-03-31 00:11:00,3,338,300,49.0729193303009,6.98184849101324
"4734",2022-03-31 00:11:05,3,338,300,48.4593314562118,6.59746787678671
"4735",2022-03-31 00:11:10,3,338,300,49.8761152622995,6.09179358357869
"4736",2022-03-31 00:11:15,3,338,300,49.9460033384992,6.61652710968354
"4737",2022-03-31 00:11:20,3,338,300,49.5317984052982,6.53446513266411
"4738",2022-03-31 00:11:25,3,338,300,49.0399100571861,6.21132155245086
"4739",2022-03-31 00:11:30,3,338,300,48.6340699192742,6.54573995329791
"4740",2022-03-31 00:11:35,3,338,300,49.1212087269527,6.26974017919027
"4741",2022-03-31 00:11:40,3,338,300,48.881528438747,6.43555395379336
"4742",2022-03-31 00:11:45,3,338,300,48.6693630519093,7.45868389163119
"4743",2022-03-31 00:11:50,3,338,300,48.2116793433346,6.40198328558018
"4744",2022-03-31 00:11:55,3,338,300,49.3490248543716,6.55794979646669
"4745",2022-03-31 00:12:00,3,338,300,47.739345984885,7.1912209699943
"4746",2022-03-31 00:12:05,3,338,300,49.1275201556748,5.86664025367645
"4747",2022-03-31 00:12:10,3,338,300,48.7416207621194,6.42229327491785
"4748",2022-03-31 00:12:15,3,338,300,51.0899654791659,6.48645413415273
"4749",2022-03-31 00:12:20,3,338,300,48.6411268517036,6.36291390613517
"4750",2022-03-31 00:12:25,3,338,300,50.0276682536097,7.00014712439706
"4751",2022-03-31 00:12:30,3,338,300,48.4600546683365,6.55758016343326
"4752",2022-03-31 00:12:35,3,338,300,49.4442253517782,5.96678300299883
"4753",2022-03-31 00:12:40,3,338,300,49.4731302187695,6.84793793056919
"4754",2022-03-31 00:12:45,3,338,300,49.0559875567024,6.86993501377697
"4755",2022-03-31 00:12:50,3,338,300,48.898519711178,6.12996670993025
"4756",2022-03-31 00:12:55,3,338,300,49.9495754932897,6.33302546108497
"4757",2022-03-31 00:13:00,3,338,300,50.7935176063605,6.60771228855368
"4758",2022-03-31 00:13:05,3,338,300,49.4671411273705,6.89058306739771
"4759",2022-03-31 00:13:10,3,338,300,48.2800285066526,6.33541054615404
"4760",2022-03-31 00:13:15,3,338,300,48.1471317202659,6.29572612631887
"4761",2022-03-31 00:13:20,3,338,300,50.5572910529669,7.21143766060023
"4762",2022-03-31 00:13:25,3,338,300,48.6764625639391,7.02022806622562
"4763",2022-03-31 00:13:30,3,338,300,49.0111117700439,6.23419201604738
"4764",2022-03-31 00:13:35,3,338,300,48.7502948531954,6.2295071735115
"4765",2022-03-31 00:13:40,3,338,300,48.9107911665677,6.74965335242344
"4766",2022-03-31 00:13:45,3,338,300,48.4767605491248,7.51805375652635
"4767",2022-03-31 00:13:50,3,338,300,50.6521354079525,6.94900539516704
"4768",2022-03-31 00:13:55,3,338,300,48.0180616149592,7.37188722992512
"4769",2022-03-31 00:14:00,3,338,300,50.4262144489173,7.04846468136596
"4770",2022-03-31 00:14:05,3,338,300,47.3797991502862,6.49043374359804
"4771",2022-03-31 00:14:10,3,338,300,50.0516844929807,7.13709513693978
"4772",2022-03-31 00:14:15,3,338,300,49.0110489504852,6.556366535501
"4773",2022-03-31 00:14:20,3,338,300,48.7384516028277,7.37264732574204
"4774",2022-03-31 00:14:25,3,338,300,50.7834522569387,6.49082068482968
"4775",2022-03-31 00:14:30,3,338,300,49.16855887151,6.00927419846225
"4776",2022-03-31 00:14:35,3,338,300,49.4734166710468,7.50105706775302
"4777",2022-03-31 00:14:40,3,338,300,48.8222256753675,5.99407617567837
"4778",2022-03-31 00:14:45,3,338,300,49.8080739425193,6.32476601463426
"4779",2022-03-31 00:14:50,3,338,300,49.8808704565891,6.63139573919944
"4780",2022-03-31 00:14:55,3,338,300,49.7983490009745,6.20601539615857
"4781",2022-03-31 00:15:00,3,338,300,48.0742698089264,6.45178261890987
"4782",2022-03-31 00:15:05,3,338,300,50.1678713908436,6.4046336804339
"4783",2022-03-31 00:15:10,3,338,300,50.8114023427951,6.86467136434826
"4784",2022-03-31 00:15:15,3,338,300,48.3082548290318,6.67666149113862
"4785",2022-03-31 00:15:20,3,338,300,48.8092773569198,7.16696019621008
"4786",2022-03-31 00:15:25,3,338,300,48.752761315316,6.80872593383145
"4787",2022-03-31 00:15:30,3,338,300,48.8942060990404,7.06349662716921
"4788",2022-03-31 00:15:35,3,338,300,49.3790940001068,6.9081272753756
"4789",2022-03-31 00:15:40,3,338,300,49.3975580880661,7.42418913456948
"4790",2022-03-31 00:15:45,3,338,300,49.8216010394296,5.7951959307483
"4791",2022-03-31 00:15:50,3,338,300,48.7947979061226,6.27651118162236
"4792",2022-03-31 00:15:55,3,338,300,49.576020305459,6.97088470426962
"4793",2022-03-31 00:16:00,3,338,300,49.7773834225351,6.84866973229315
"4794",2022-03-31 00:16:05,3,338,300,49.2249898544358,6.64459287670217
"4795",2022-03-31 00:16:10,3,338,300,47.190846274817,6.5234077805861
"4796",2022-03-31 00:16:15,3,338,300,48.4403899398985,6.22662773323832
"4797",2022-03-31 00:16:20,3,338,300,50.0852786522888,6.48912659900381
"4798",2022-03-31 00:16:25,3,338,300,47.9001068043111,6.27420406331996
"4799",2022-03-31 00:16:30,3,338,300,48.4248915402767,6.90857117085632
"4800",2022-03-31 00:16:35,3,338,300,49.8503728657818,6.7870327567574
"4801",2022-04-01 00:00:00,3,373,100,48.1138608558714,6.69632695373911
"4802",2022-04-01 00:00:05,3,373,100,48.9824060533768,6.93889941656384
"4803",2022-04-01 00:00:10,3,373,100,50.060616851637,6.91791195346244
"4804",2022-04-01 00:00:15,3,373,100,49.9659407246818,6.91264702242659
"4805",2022-04-01 00:00:20,3,373,100,50.0437768007225,6.48198772833717
"4806",2022-04-01 00:00:25,3,373,100,49.7531299407286,6.66871281166053
"4807",2022-04-01 00:00:30,3,373,100,48.7889357731672,7.21988149349866
"4808",2022-04-01 00:00:35,3,373,100,51.7331954779396,6.48148014698766
"4809",2022-04-01 00:00:40,3,373,100,48.1718482185108,6.89573359908859
"4810",2022-04-01 00:00:45,3,373,100,48.2696924910938,6.26600650056535
"4811",2022-04-01 00:00:50,3,373,100,49.3144696810697,6.72340001181518
"4812",2022-04-01 00:00:55,3,373,100,49.8738638667753,6.33148998811101
"4813",2022-04-01 00:01:00,3,373,100,49.338105589758,6.47086306355416
"4814",2022-04-01 00:01:05,3,373,100,47.3270056019587,6.92137031398327
"4815",2022-04-01 00:01:10,3,373,100,50.3527249849378,6.58705192754275
"4816",2022-04-01 00:01:15,3,373,100,50.2236803945801,6.29515985449406
"4817",2022-04-01 00:01:20,3,373,100,49.1059050082344,6.53059285072707
"4818",2022-04-01 00:01:25,3,373,100,49.6717719588503,7.09965077511234
"4819",2022-04-01 00:01:30,3,373,100,51.6679485341077,7.4120673069081
"4820",2022-04-01 00:01:35,3,373,100,47.4157026643611,7.20039554537872
"4821",2022-04-01 00:01:40,3,373,100,49.869924107587,6.737688011479
"4822",2022-04-01 00:01:45,3,373,100,50.2638195863177,6.6821648375917
"4823",2022-04-01 00:01:50,3,373,100,48.912322900844,6.57551845422841
"4824",2022-04-01 00:01:55,3,373,100,49.2431777131692,6.47046063024407
"4825",2022-04-01 00:02:00,3,373,100,48.0139728552211,7.36226508899167
"4826",2022-04-01 00:02:05,3,373,100,48.6956966366212,6.80140516209223
"4827",2022-04-01 00:02:10,3,373,100,49.4686572222611,6.51628721672617
"4828",2022-04-01 00:02:15,3,373,100,48.8835129947178,6.68804360298822
"4829",2022-04-01 00:02:20,3,373,100,49.3141365987901,7.1218805252426
"4830",2022-04-01 00:02:25,3,373,100,49.2174551098906,6.29670484671816
"4831",2022-04-01 00:02:30,3,373,100,49.8727053319007,7.25642655139781
"4832",2022-04-01 00:02:35,3,373,100,48.6531708172022,7.03885122756614
"4833",2022-04-01 00:02:40,3,373,100,48.5212173902137,6.25550523795177
"4834",2022-04-01 00:02:45,3,373,100,49.6823037909048,7.51105975171019
"4835",2022-04-01 00:02:50,3,373,100,50.7058542264264,7.18684633707889
"4836",2022-04-01 00:02:55,3,373,100,49.1846874718121,6.67503187572625
"4837",2022-04-01 00:03:00,3,373,100,47.8474288752178,7.00187389130488
"4838",2022-04-01 00:03:05,3,373,100,48.8181762645983,6.69283684222541
"4839",2022-04-01 00:03:10,3,373,100,47.8949785084923,6.15534415648129
"4840",2022-04-01 00:03:15,3,373,100,49.2783229410656,6.28909005291882
"4841",2022-04-01 00:03:20,3,373,100,49.1239745328547,6.25559836752619
"4842",2022-04-01 00:03:25,3,373,100,50.8498387559855,6.36756026123324
"4843",2022-04-01 00:03:30,3,373,100,48.1814569411057,6.38592526425184
"4844",2022-04-01 00:03:35,3,373,100,49.0517380397401,6.82752416355358
"4845",2022-04-01 00:03:40,3,373,100,49.3172682445362,7.0269436097495
"4846",2022-04-01 00:03:45,3,373,100,49.8303376060451,6.61679146327553
"4847",2022-04-01 00:03:50,3,373,100,49.4103310527875,6.62907303082829
"4848",2022-04-01 00:03:55,3,373,100,48.2471489695432,7.26033422553216
"4849",2022-04-01 00:04:00,3,373,100,48.6508080796769,6.62256561218024
"4850",2022-04-01 00:04:05,3,373,100,49.5035356140414,6.77189698181748
"4851",2022-04-01 00:04:10,3,373,100,49.0121749114654,6.48721129791013
"4852",2022-04-01 00:04:15,3,373,100,49.9080481801113,6.36285916796118
"4853",2022-04-01 00:04:20,3,373,100,47.6993694156567,6.21708251421279
"4854",2022-04-01 00:04:25,3,373,100,47.8417181020353,6.12250720452812
"4855",2022-04-01 00:04:30,3,373,100,48.4760926412171,6.08772499688519
"4856",2022-04-01 00:04:35,3,373,100,48.5768680523584,6.55954112516894
"4857",2022-04-01 00:04:40,3,373,100,49.3638595876634,6.7385748182467
"4858",2022-04-01 00:04:45,3,373,100,48.9044544583915,7.12528517651318
"4859",2022-04-01 00:04:50,3,373,100,49.3196461688972,6.68239743062702
"4860",2022-04-01 00:04:55,3,373,100,49.4607766059231,6.21548214948288
"4861",2022-04-01 00:05:00,3,373,100,48.411024099287,6.49359155048834
"4862",2022-04-01 00:05:05,3,373,100,48.7398481291675,6.8022653240707
"4863",2022-04-01 00:05:10,3,373,100,48.913709079022,6.14488706758123
"4864",2022-04-01 00:05:15,3,373,100,49.8875174326834,6.82939918883684
"4865",2022-04-01 00:05:20,3,373,100,47.4577260809758,6.54567935804373
"4866",2022-04-01 00:05:25,3,373,100,49.2646792614831,6.71943814798579
"4867",2022-04-01 00:05:30,3,373,100,46.8329117115024,7.04917036406316
"4868",2022-04-01 00:05:35,3,373,100,50.3760834458106,6.14144010052043
"4869",2022-04-01 00:05:40,3,373,100,49.0149275694297,6.52568755856064
"4870",2022-04-01 00:05:45,3,373,100,48.6106877350585,6.55489138791726
"4871",2022-04-01 00:05:50,3,373,100,49.4198883069088,6.38334694144114
"4872",2022-04-01 00:05:55,3,373,100,50.2762532766151,6.52011162190171
"4873",2022-04-01 00:06:00,3,373,100,49.1266983737455,6.07102167120222
"4874",2022-04-01 00:06:05,3,373,100,50.7119087957921,7.26567264492878
"4875",2022-04-01 00:06:10,3,373,100,48.6924936566314,7.06949844010976
"4876",2022-04-01 00:06:15,3,373,100,48.736336621753,6.468567527143
"4877",2022-04-01 00:06:20,3,373,100,47.7225011464688,6.83252137638867
"4878",2022-04-01 00:06:25,3,373,100,49.8631443006115,6.30359771067002
"4879",2022-04-01 00:06:30,3,373,100,49.5844202497647,6.48106378444158
"4880",2022-04-01 00:06:35,3,373,100,48.9316075241729,6.21976229122627
"4881",2022-04-01 00:06:40,3,373,100,50.776551902468,6.80265584806663
"4882",2022-04-01 00:06:45,3,373,100,49.3413212459831,5.37724712390809
"4883",2022-04-01 00:06:50,3,373,100,49.2437197178723,5.89539487812352
"4884",2022-04-01 00:06:55,3,373,100,49.9240367482143,7.34935945541048
"4885",2022-04-01 00:07:00,3,373,100,49.4591119984161,6.28845382555346
"4886",2022-04-01 00:07:05,3,373,100,48.8368541945466,6.52015740269556
"4887",2022-04-01 00:07:10,3,373,100,49.5298938841718,6.26580717735518
"4888",2022-04-01 00:07:15,3,373,100,49.3155452039689,6.0942842375949
"4889",2022-04-01 00:07:20,3,373,100,49.7829757974491,7.18437651188334
"4890",2022-04-01 00:07:25,3,373,100,48.8572167909961,6.22230784089206
"4891",2022-04-01 00:07:30,3,373,100,48.4075420106337,6.87104792203773
"4892",2022-04-01 00:07:35,3,373,100,49.2329677793689,6.80642264430179
"4893",2022-04-01 00:07:40,3,373,100,49.4749851938739,6.74704820472829
"4894",2022-04-01 00:07:45,3,373,100,49.6401023555889,6.94989536397355
"4895",2022-04-01 00:07:50,3,373,100,48.7796613690516,6.36513388300669
"4896",2022-04-01 00:07:55,3,373,100,49.9116965723567,6.40755921621013
"4897",2022-04-01 00:08:00,3,373,100,48.7317276636914,6.22294911734213
"4898",2022-04-01 00:08:05,3,373,100,49.1744578986373,6.69150711667202
"4899",2022-04-01 00:08:10,3,373,100,49.8935498498788,7.33894794033663
"4900",2022-04-01 00:08:15,3,373,100,50.0656098208887,6.08667233464508
"4901",2022-04-01 00:08:20,3,373,100,50.1342505703371,6.57754035616753
"4902",2022-04-01 00:08:25,3,373,100,50.0026526230486,7.33925091531838
"4903",2022-04-01 00:08:30,3,373,100,48.5387089308596,6.68805338174593
"4904",2022-04-01 00:08:35,3,373,100,50.1369253414101,7.52188975115864
"4905",2022-04-01 00:08:40,3,373,100,48.5900663857442,6.2267590001999
"4906",2022-04-01 00:08:45,3,373,100,50.675649941618,6.44796809513722
"4907",2022-04-01 00:08:50,3,373,100,50.4620242673451,6.76022075660441
"4908",2022-04-01 00:08:55,3,373,100,49.814328271529,6.27750930333413
"4909",2022-04-01 00:09:00,3,373,100,49.6842478270253,7.14012048609139
"4910",2022-04-01 00:09:05,3,373,100,48.9290808130192,6.51465943335419
"4911",2022-04-01 00:09:10,3,373,100,49.5814642922673,7.06290769554888
"4912",2022-04-01 00:09:15,3,373,100,49.8879252411948,6.27074853631332
"4913",2022-04-01 00:09:20,3,373,100,50.6028835370287,6.88997478543477
"4914",2022-04-01 00:09:25,3,373,100,50.0505156907577,6.40936862003098
"4915",2022-04-01 00:09:30,3,373,100,48.1613156789755,6.78983935559498
"4916",2022-04-01 00:09:35,3,373,100,49.2957069444633,6.80887485556073
"4917",2022-04-01 00:09:40,3,373,100,50.2922760247361,6.61123415913371
"4918",2022-04-01 00:09:45,3,373,100,48.3920349693383,6.36689030987065
"4919",2022-04-01 00:09:50,3,373,100,48.6395689328043,6.3862908067439
"4920",2022-04-01 00:09:55,3,373,100,49.3920344728955,5.7740547142728
"4921",2022-04-01 00:10:00,3,373,100,49.4157225404748,7.21415055034358
"4922",2022-04-01 00:10:05,3,373,100,51.4264756264744,6.49864556171595
"4923",2022-04-01 00:10:10,3,373,100,49.455949513843,6.4700185148362
"4924",2022-04-01 00:10:15,3,373,100,47.5505003768095,6.81867527670473
"4925",2022-04-01 00:10:20,3,373,100,48.4213502274169,6.14619873140043
"4926",2022-04-01 00:10:25,3,373,100,50.4081425908283,6.85871113526006
"4927",2022-04-01 00:10:30,3,373,100,47.2143959002656,5.98569049645337
"4928",2022-04-01 00:10:35,3,373,100,49.3027425315512,6.98927033107535
"4929",2022-04-01 00:10:40,3,373,100,49.1806399611519,6.61896173656208
"4930",2022-04-01 00:10:45,3,373,100,50.1322235835555,7.14344525567149
"4931",2022-04-01 00:10:50,3,373,100,49.5853301420955,7.00169507391645
"4932",2022-04-01 00:10:55,3,373,100,49.794221235247,7.04288087874823
"4933",2022-04-01 00:11:00,3,373,100,49.670090495101,6.44621686625758
"4934",2022-04-01 00:11:05,3,373,100,49.3705784504889,6.56136234895434
"4935",2022-04-01 00:11:10,3,373,100,48.322460443469,6.80345694064578
"4936",2022-04-01 00:11:15,3,373,100,48.3747946308396,6.50138592790507
"4937",2022-04-01 00:11:20,3,373,100,50.0052552267073,6.81830038096991
"4938",2022-04-01 00:11:25,3,373,100,49.6488157775132,6.37165963504286
"4939",2022-04-01 00:11:30,3,373,100,48.6304859103114,6.55385397593258
"4940",2022-04-01 00:11:35,3,373,100,49.1063672122884,6.48952070300713
"4941",2022-04-01 00:11:40,3,373,100,49.1326937154635,6.67402399125743
"4942",2022-04-01 00:11:45,3,373,100,49.0802895492326,6.05728516967055
"4943",2022-04-01 00:11:50,3,373,100,49.080081439279,6.96792720734096
"4944",2022-04-01 00:11:55,3,373,100,48.7354971180884,6.20574877322997
"4945",2022-04-01 00:12:00,3,373,100,47.5605775730238,6.8529862342054
"4946",2022-04-01 00:12:05,3,373,100,49.7961051477305,7.14862248335915
"4947",2022-04-01 00:12:10,3,373,100,48.5084281358806,5.96205676413172
"4948",2022-04-01 00:12:15,3,373,100,48.0419297606981,7.19514533208704
"4949",2022-04-01 00:12:20,3,373,100,48.9206811687266,6.83892832234309
"4950",2022-04-01 00:12:25,3,373,100,48.4516230991408,6.10652993175043
"4951",2022-04-01 00:12:30,3,373,100,48.5540480864861,7.11501559888536
"4952",2022-04-01 00:12:35,3,373,100,49.3166679498543,6.29408476459757
"4953",2022-04-01 00:12:40,3,373,100,48.5206095425857,7.39325567278496
"4954",2022-04-01 00:12:45,3,373,100,48.7386726349714,6.6922925288452
"4955",2022-04-01 00:12:50,3,373,100,51.0861692824317,6.37706337979056
"4956",2022-04-01 00:12:55,3,373,100,49.3095856947218,6.50996479834328
"4957",2022-04-01 00:13:00,3,373,100,49.818064820628,7.1035050474873
"4958",2022-04-01 00:13:05,3,373,100,47.9240097335926,7.11191491417316
"4959",2022-04-01 00:13:10,3,373,100,49.1898365301886,6.61553065859619
"4960",2022-04-01 00:13:15,3,373,100,49.4047295501325,7.23372482034898
"4961",2022-04-01 00:13:20,3,373,100,49.2980507312777,6.3164586505785
"4962",2022-04-01 00:13:25,3,373,100,48.1250571164294,6.96018546209311
"4963",2022-04-01 00:13:30,3,373,100,50.2658838575199,6.94607436923442
"4964",2022-04-01 00:13:35,3,373,100,49.4440673314781,6.63432982682397
"4965",2022-04-01 00:13:40,3,373,100,49.7358006624085,6.51834098033457
"4966",2022-04-01 00:13:45,3,373,100,50.1743921086303,6.09349474488889
"4967",2022-04-01 00:13:50,3,373,100,49.581007846583,7.39370817200572
"4968",2022-04-01 00:13:55,3,373,100,48.9757178289194,6.58309672880567
"4969",2022-04-01 00:14:00,3,373,100,49.3470235156681,6.93503238278572
"4970",2022-04-01 00:14:05,3,373,100,49.9914731202415,6.04788685777867
"4971",2022-04-01 00:14:10,3,373,100,48.6986083797678,6.77857773625441
"4972",2022-04-01 00:14:15,3,373,100,48.5733136809374,5.98644416568697
"4973",2022-04-01 00:14:20,3,373,100,49.4286060788363,6.99243137661031
"4974",2022-04-01 00:14:25,3,373,100,48.912307098464,6.78208173299513
"4975",2022-04-01 00:14:30,3,373,100,50.6098775484499,6.29110673901887
"4976",2022-04-01 00:14:35,3,373,100,49.5243760431225,5.87263921264304
"4977",2022-04-01 00:14:40,3,373,100,49.3938393552871,6.0624746204833
"4978",2022-04-01 00:14:45,3,373,100,49.7643027430912,6.60611532545717
"4979",2022-04-01 00:14:50,3,373,100,48.688436989194,6.064990576349
"4980",2022-04-01 00:14:55,3,373,100,50.3772991661138,6.53735063905412
"4981",2022-04-01 00:15:00,3,373,100,48.6176543938818,6.72335874897006
"4982",2022-04-01 00:15:05,3,373,100,50.1564811054233,6.51256211959349
"4983",2022-04-01 00:15:10,3,373,100,49.5328283343742,6.8706475505765
"4984",2022-04-01 00:15:15,3,373,100,49.2255166961852,6.61085712363947
"4985",2022-04-01 00:15:20,3,373,100,48.7477665369144,6.44461076791931
"4986",2022-04-01 00:15:25,3,373,100,48.4829908758341,6.93621476163352
"4987",2022-04-01 00:15:30,3,373,100,50.1793100201762,6.11743614182361
"4988",2022-04-01 00:15:35,3,373,100,48.2561995061576,6.74226071226702
"4989",2022-04-01 00:15:40,3,373,100,49.2365405749999,7.15537125220227
"4990",2022-04-01 00:15:45,3,373,100,48.0009439163875,7.22943131324412
"4991",2022-04-01 00:15:50,3,373,100,49.1113429517746,6.49251795895039
"4992",2022-04-01 00:15:55,3,373,100,51.0283257428055,6.95273759792697
"4993",2022-04-01 00:16:00,3,373,100,49.4040234534069,5.85912824178462
"4994",2022-04-01 00:16:05,3,373,100,49.1930203939071,6.39670562212258
"4995",2022-04-01 00:16:10,3,373,100,49.018639316687,6.44699090321931
"4996",2022-04-01 00:16:15,3,373,100,46.8254964314956,6.64874818425179
"4997",2022-04-01 00:16:20,3,373,100,49.7906524797374,6.2282039927473
"4998",2022-04-01 00:16:25,3,373,100,49.2129990527195,6.91730019636279
"4999",2022-04-01 00:16:30,3,373,100,48.0066567474431,6.1521431358098
"5000",2022-04-01 00:16:35,3,373,100,48.2644992005237,6.53738576580997
"5001",2022-04-02 00:00:00,3,373,200,49.5834747896548,7.26734029695259
"5002",2022-04-02 00:00:05,3,373,200,48.8690969099971,7.24114478124207
"5003",2022-04-02 00:00:10,3,373,200,49.2949849102687,6.33840319710851
"5004",2022-04-02 00:00:15,3,373,200,48.8336425917752,6.46665054078273
"5005",2022-04-02 00:00:20,3,373,200,47.0635938657658,6.62164532153737
"5006",2022-04-02 00:00:25,3,373,200,48.1504312467189,6.05706186667711
"5007",2022-04-02 00:00:30,3,373,200,48.8705394007127,6.56813587215389
"5008",2022-04-02 00:00:35,3,373,200,49.0876172141317,7.02874246927644
"5009",2022-04-02 00:00:40,3,373,200,49.0647083396096,6.65948721742408
"5010",2022-04-02 00:00:45,3,373,200,48.9158872305642,6.78192827261569
"5011",2022-04-02 00:00:50,3,373,200,49.3756642535801,6.57995473514357
"5012",2022-04-02 00:00:55,3,373,200,49.9031856022267,6.6286643525534
"5013",2022-04-02 00:01:00,3,373,200,49.3252892573147,6.88247128486597
"5014",2022-04-02 00:01:05,3,373,200,48.7994212387252,6.06430919043904
"5015",2022-04-02 00:01:10,3,373,200,47.5574442310053,6.51726054617641
"5016",2022-04-02 00:01:15,3,373,200,50.0220206019557,7.03524821688792
"5017",2022-04-02 00:01:20,3,373,200,48.124116290095,6.11528611086951
"5018",2022-04-02 00:01:25,3,373,200,49.4533849130686,6.45497568368612
"5019",2022-04-02 00:01:30,3,373,200,49.2455520926819,6.77244887019205
"5020",2022-04-02 00:01:35,3,373,200,48.9419668574401,6.79164202847401
"5021",2022-04-02 00:01:40,3,373,200,48.9287188437948,6.32062352937793
"5022",2022-04-02 00:01:45,3,373,200,48.5254359438154,6.82193596125032
"5023",2022-04-02 00:01:50,3,373,200,49.420552917944,6.97398602049855
"5024",2022-04-02 00:01:55,3,373,200,49.1399513276655,7.00333052943947
"5025",2022-04-02 00:02:00,3,373,200,48.03550146583,7.06294974270015
"5026",2022-04-02 00:02:05,3,373,200,47.9733987520894,6.96955962242869
"5027",2022-04-02 00:02:10,3,373,200,50.4909517227181,7.15331635995034
"5028",2022-04-02 00:02:15,3,373,200,48.0009616738589,6.70206673627225
"5029",2022-04-02 00:02:20,3,373,200,49.5719552883256,6.46592917905059
"5030",2022-04-02 00:02:25,3,373,200,49.1653720516532,6.28495753282718
"5031",2022-04-02 00:02:30,3,373,200,49.0490066738047,7.37164783690751
"5032",2022-04-02 00:02:35,3,373,200,48.8307225754201,5.82398115011002
"5033",2022-04-02 00:02:40,3,373,200,49.5045304311495,7.02040723382386
"5034",2022-04-02 00:02:45,3,373,200,49.761677814278,7.10129814769978
"5035",2022-04-02 00:02:50,3,373,200,49.3487082461721,5.97173304637021
"5036",2022-04-02 00:02:55,3,373,200,48.9133101688444,6.57929458842623
"5037",2022-04-02 00:03:00,3,373,200,47.8616010546156,6.40526216283821
"5038",2022-04-02 00:03:05,3,373,200,49.1150116153138,7.00541634446271
"5039",2022-04-02 00:03:10,3,373,200,48.9185487442703,6.85951513349215
"5040",2022-04-02 00:03:15,3,373,200,48.5900928480515,5.76935645788643
"5041",2022-04-02 00:03:20,3,373,200,49.0582571634154,7.0154025564692
"5042",2022-04-02 00:03:25,3,373,200,47.9589437460764,6.00970623529806
"5043",2022-04-02 00:03:30,3,373,200,49.0140893003802,6.23780033855553
"5044",2022-04-02 00:03:35,3,373,200,47.9545041756074,6.76826881505853
"5045",2022-04-02 00:03:40,3,373,200,48.3724343040916,6.52283500003285
"5046",2022-04-02 00:03:45,3,373,200,50.4185652097378,6.27046312849821
"5047",2022-04-02 00:03:50,3,373,200,50.6436922193744,6.66268897269241
"5048",2022-04-02 00:03:55,3,373,200,49.9623520238477,6.61208031129916
"5049",2022-04-02 00:04:00,3,373,200,49.178921178461,6.35205915838169
"5050",2022-04-02 00:04:05,3,373,200,49.8421678381884,7.2774403066086
"5051",2022-04-02 00:04:10,3,373,200,49.4703934750733,6.72239503575981
"5052",2022-04-02 00:04:15,3,373,200,50.445376817796,6.2443451348026
"5053",2022-04-02 00:04:20,3,373,200,48.165260233273,7.00621364728883
"5054",2022-04-02 00:04:25,3,373,200,48.507709667138,7.06480480221265
"5055",2022-04-02 00:04:30,3,373,200,49.3511526717488,5.98381152034494
"5056",2022-04-02 00:04:35,3,373,200,49.1390834248335,5.75012127216909
"5057",2022-04-02 00:04:40,3,373,200,49.8503026028629,6.76668666065081
"5058",2022-04-02 00:04:45,3,373,200,49.7503117860352,6.4387716559179
"5059",2022-04-02 00:04:50,3,373,200,48.687629691182,6.64831687694401
"5060",2022-04-02 00:04:55,3,373,200,48.0671263617085,6.83790722846038
"5061",2022-04-02 00:05:00,3,373,200,49.9966878034726,6.16039845753482
"5062",2022-04-02 00:05:05,3,373,200,48.141407937149,7.23104079281449
"5063",2022-04-02 00:05:10,3,373,200,49.5571161154585,6.85175243912639
"5064",2022-04-02 00:05:15,3,373,200,48.8260186803621,6.71004955486408
"5065",2022-04-02 00:05:20,3,373,200,49.9430010445348,6.07527533477702
"5066",2022-04-02 00:05:25,3,373,200,48.590800716838,6.8650070900613
"5067",2022-04-02 00:05:30,3,373,200,49.9742533209642,6.86965377867769
"5068",2022-04-02 00:05:35,3,373,200,48.5088564278886,6.40585943436858
"5069",2022-04-02 00:05:40,3,373,200,49.1872163791971,7.17951087224307
"5070",2022-04-02 00:05:45,3,373,200,49.2406582727895,6.40154916197256
"5071",2022-04-02 00:05:50,3,373,200,49.8782896708232,5.87978398123756
"5072",2022-04-02 00:05:55,3,373,200,50.2980767774997,6.21834000609036
"5073",2022-04-02 00:06:00,3,373,200,50.380916565243,6.55919339207386
"5074",2022-04-02 00:06:05,3,373,200,48.6457189901671,6.80828922907665
"5075",2022-04-02 00:06:10,3,373,200,48.9318791205909,7.1290387685709
"5076",2022-04-02 00:06:15,3,373,200,49.0235549866896,6.20974266798802
"5077",2022-04-02 00:06:20,3,373,200,47.8650169769523,6.7131376396408
"5078",2022-04-02 00:06:25,3,373,200,49.4239043426037,7.10142453676773
"5079",2022-04-02 00:06:30,3,373,200,48.6229475894498,6.94959464070718
"5080",2022-04-02 00:06:35,3,373,200,51.4026369898628,6.9190468422395
"5081",2022-04-02 00:06:40,3,373,200,49.2315165121379,7.0964532583961
"5082",2022-04-02 00:06:45,3,373,200,50.1350573187137,6.60932438753896
"5083",2022-04-02 00:06:50,3,373,200,50.5057362623613,7.08999633045852
"5084",2022-04-02 00:06:55,3,373,200,51.012819763831,7.01571926855386
"5085",2022-04-02 00:07:00,3,373,200,47.2800974486215,6.73903816698524
"5086",2022-04-02 00:07:05,3,373,200,48.7479070847506,6.05421523341943
"5087",2022-04-02 00:07:10,3,373,200,47.3604542037032,6.85521337572548
"5088",2022-04-02 00:07:15,3,373,200,49.7265287783387,6.08174826011785
"5089",2022-04-02 00:07:20,3,373,200,47.999127211875,6.61947247698805
"5090",2022-04-02 00:07:25,3,373,200,49.026049349284,6.59621905794744
"5091",2022-04-02 00:07:30,3,373,200,50.2582653814817,6.67799210506534
"5092",2022-04-02 00:07:35,3,373,200,48.6773326153766,6.36175023737346
"5093",2022-04-02 00:07:40,3,373,200,48.3028687009776,5.83591304254014
"5094",2022-04-02 00:07:45,3,373,200,49.678917381297,7.01781822921936
"5095",2022-04-02 00:07:50,3,373,200,49.9590785756749,6.90539162355607
"5096",2022-04-02 00:07:55,3,373,200,48.7917336409173,6.61057919325029
"5097",2022-04-02 00:08:00,3,373,200,51.1659034436609,6.77817613548039
"5098",2022-04-02 00:08:05,3,373,200,47.9321823068341,6.48737687440795
"5099",2022-04-02 00:08:10,3,373,200,50.6757092662632,6.6502650496909
"5100",2022-04-02 00:08:15,3,373,200,49.8466322976306,6.32835748185563
"5101",2022-04-02 00:08:20,3,373,200,48.6994340601556,7.07606002726238
"5102",2022-04-02 00:08:25,3,373,200,47.4631659491148,6.04433808543953
"5103",2022-04-02 00:08:30,3,373,200,48.8092889497189,6.09991872923598
"5104",2022-04-02 00:08:35,3,373,200,49.3006468380999,6.51819159530947
"5105",2022-04-02 00:08:40,3,373,200,49.5053791011468,6.4130934723331
"5106",2022-04-02 00:08:45,3,373,200,49.2293831317638,6.94225953881652
"5107",2022-04-02 00:08:50,3,373,200,48.842503458676,5.93747392164539
"5108",2022-04-02 00:08:55,3,373,200,48.7569239444789,6.4828815774931
"5109",2022-04-02 00:09:00,3,373,200,49.5545533229256,6.02507320276924
"5110",2022-04-02 00:09:05,3,373,200,49.5650320686525,7.0364576263525
"5111",2022-04-02 00:09:10,3,373,200,49.4087076890542,6.9666349784353
"5112",2022-04-02 00:09:15,3,373,200,49.6528755714271,6.72018918971352
"5113",2022-04-02 00:09:20,3,373,200,49.1405693892681,5.84907870996397
"5114",2022-04-02 00:09:25,3,373,200,48.1840349510285,6.25890142759192
"5115",2022-04-02 00:09:30,3,373,200,48.6408761848079,7.00917407844134
"5116",2022-04-02 00:09:35,3,373,200,50.2084849547645,6.40635666961022
"5117",2022-04-02 00:09:40,3,373,200,50.0107043041395,6.62385411903793
"5118",2022-04-02 00:09:45,3,373,200,47.1933865438229,6.90605647806693
"5119",2022-04-02 00:09:50,3,373,200,47.590373453535,6.67457331009326
"5120",2022-04-02 00:09:55,3,373,200,47.9578349971222,6.94714746811798
"5121",2022-04-02 00:10:00,3,373,200,49.2059911038161,6.05929909606935
"5122",2022-04-02 00:10:05,3,373,200,48.9708784597178,6.11658504880457
"5123",2022-04-02 00:10:10,3,373,200,48.8086338752108,6.11771441386566
"5124",2022-04-02 00:10:15,3,373,200,48.9983810828608,7.25421423459933
"5125",2022-04-02 00:10:20,3,373,200,48.6061153106331,6.19039704289421
"5126",2022-04-02 00:10:25,3,373,200,49.903678854544,6.76401685094503
"5127",2022-04-02 00:10:30,3,373,200,49.8323314021456,6.22748883209512
"5128",2022-04-02 00:10:35,3,373,200,49.2086428138667,6.81170646775156
"5129",2022-04-02 00:10:40,3,373,200,49.1021085657161,6.54052284222958
"5130",2022-04-02 00:10:45,3,373,200,50.4237912842808,7.34370158888701
"5131",2022-04-02 00:10:50,3,373,200,50.7162653632506,6.95814329744445
"5132",2022-04-02 00:10:55,3,373,200,48.4151201719161,6.85317266396823
"5133",2022-04-02 00:11:00,3,373,200,48.4414142202384,6.61981251919614
"5134",2022-04-02 00:11:05,3,373,200,49.7341902597158,6.15114434259295
"5135",2022-04-02 00:11:10,3,373,200,47.8763874650075,6.40714666696536
"5136",2022-04-02 00:11:15,3,373,200,50.5607780703215,6.84045878285997
"5137",2022-04-02 00:11:20,3,373,200,49.7187092773376,6.73685904518373
"5138",2022-04-02 00:11:25,3,373,200,49.7254427726366,6.45701417983908
"5139",2022-04-02 00:11:30,3,373,200,49.6988608474743,6.516213459891
"5140",2022-04-02 00:11:35,3,373,200,49.2507179325393,6.37217036591822
"5141",2022-04-02 00:11:40,3,373,200,49.1490812756982,6.66950574650752
"5142",2022-04-02 00:11:45,3,373,200,48.0036223344113,6.77708041741326
"5143",2022-04-02 00:11:50,3,373,200,51.5146297365753,6.29676809187609
"5144",2022-04-02 00:11:55,3,373,200,49.1612494270717,6.26336823309563
"5145",2022-04-02 00:12:00,3,373,200,49.6661991834559,6.75651433833857
"5146",2022-04-02 00:12:05,3,373,200,49.1620390106031,6.72204083349416
"5147",2022-04-02 00:12:10,3,373,200,49.1638530994116,6.3981651126899
"5148",2022-04-02 00:12:15,3,373,200,48.8551136845091,6.75361262980687
"5149",2022-04-02 00:12:20,3,373,200,49.1042329598037,6.71382078516485
"5150",2022-04-02 00:12:25,3,373,200,49.3362422276939,6.59572768937568
"5151",2022-04-02 00:12:30,3,373,200,48.7863956582942,6.61877223412737
"5152",2022-04-02 00:12:35,3,373,200,49.1988276351858,6.51597107183567
"5153",2022-04-02 00:12:40,3,373,200,50.4800084196983,6.1910334977466
"5154",2022-04-02 00:12:45,3,373,200,47.8925952546881,6.21675057114114
"5155",2022-04-02 00:12:50,3,373,200,49.6779542745935,6.75995368811318
"5156",2022-04-02 00:12:55,3,373,200,49.8442516223242,6.56943642896975
"5157",2022-04-02 00:13:00,3,373,200,48.7758961580072,6.78611839522945
"5158",2022-04-02 00:13:05,3,373,200,49.5608554054778,6.99809505410952
"5159",2022-04-02 00:13:10,3,373,200,48.9689854371682,6.59079144052184
"5160",2022-04-02 00:13:15,3,373,200,50.2270268643125,6.53348248322097
"5161",2022-04-02 00:13:20,3,373,200,49.6939074051358,7.12655671180834
"5162",2022-04-02 00:13:25,3,373,200,49.592315908629,6.72173141272176
"5163",2022-04-02 00:13:30,3,373,200,49.9407481231571,6.5378340736591
"5164",2022-04-02 00:13:35,3,373,200,48.3713868040353,6.3607383191781
"5165",2022-04-02 00:13:40,3,373,200,48.6822210816168,7.19771312097387
"5166",2022-04-02 00:13:45,3,373,200,48.5626447752156,6.85915051593309
"5167",2022-04-02 00:13:50,3,373,200,47.9123833103849,7.06105029354264
"5168",2022-04-02 00:13:55,3,373,200,48.5898319732035,7.68128133779209
"5169",2022-04-02 00:14:00,3,373,200,47.8487061212304,6.31831888516819
"5170",2022-04-02 00:14:05,3,373,200,50.0936247316221,6.90941732659824
"5171",2022-04-02 00:14:10,3,373,200,48.7425673714874,7.09619135323813
"5172",2022-04-02 00:14:15,3,373,200,49.3668344869389,6.77291484142092
"5173",2022-04-02 00:14:20,3,373,200,48.0355845264727,6.34789907768601
"5174",2022-04-02 00:14:25,3,373,200,49.5516956909521,6.36609798446838
"5175",2022-04-02 00:14:30,3,373,200,48.884895755324,7.1051022836364
"5176",2022-04-02 00:14:35,3,373,200,49.3755407413607,6.73619549418359
"5177",2022-04-02 00:14:40,3,373,200,49.2692849233123,6.39406533742769
"5178",2022-04-02 00:14:45,3,373,200,49.359614752185,6.70074423379672
"5179",2022-04-02 00:14:50,3,373,200,50.7752861435386,6.77929652641625
"5180",2022-04-02 00:14:55,3,373,200,49.3302680065326,7.13785675389489
"5181",2022-04-02 00:15:00,3,373,200,47.6670884321778,6.84261637254982
"5182",2022-04-02 00:15:05,3,373,200,48.861330445895,6.99192876055223
"5183",2022-04-02 00:15:10,3,373,200,50.1031507231925,6.37088194685368
"5184",2022-04-02 00:15:15,3,373,200,49.6835884050132,6.94187240382208
"5185",2022-04-02 00:15:20,3,373,200,48.2633778567177,6.57077211849853
"5186",2022-04-02 00:15:25,3,373,200,48.6439634792221,7.038577197054
"5187",2022-04-02 00:15:30,3,373,200,49.4258550365681,6.10411664014676
"5188",2022-04-02 00:15:35,3,373,200,50.0255559078213,6.52632106422112
"5189",2022-04-02 00:15:40,3,373,200,50.0391393981787,6.73802025494611
"5190",2022-04-02 00:15:45,3,373,200,49.6387364810434,6.79850952516238
"5191",2022-04-02 00:15:50,3,373,200,49.9115034068206,6.64014214906882
"5192",2022-04-02 00:15:55,3,373,200,49.0109427244978,6.22551426565378
"5193",2022-04-02 00:16:00,3,373,200,47.5570654572857,7.10745691001094
"5194",2022-04-02 00:16:05,3,373,200,49.26062066328,6.03560635673763
"5195",2022-04-02 00:16:10,3,373,200,49.8251148204188,6.88517616252074
"5196",2022-04-02 00:16:15,3,373,200,48.8645864695501,7.00194310852437
"5197",2022-04-02 00:16:20,3,373,200,48.971531414321,6.45553454532773
"5198",2022-04-02 00:16:25,3,373,200,49.8759350054513,6.94530959272211
"5199",2022-04-02 00:16:30,3,373,200,49.2174851060338,6.42830440764835
"5200",2022-04-02 00:16:35,3,373,200,50.6231945581977,7.08397514404535
"5201",2022-04-03 00:00:00,3,373,300,47.7074461964177,6.48824762116757
"5202",2022-04-03 00:00:05,3,373,300,47.5769137568548,6.30386963886786
"5203",2022-04-03 00:00:10,3,373,300,49.2293955541857,6.35084243756967
"5204",2022-04-03 00:00:15,3,373,300,49.1069575656708,6.35643456236257
"5205",2022-04-03 00:00:20,3,373,300,48.537723922347,6.81761847001917
"5206",2022-04-03 00:00:25,3,373,300,49.2661603547061,6.71128346687424
"5207",2022-04-03 00:00:30,3,373,300,48.7884622564066,6.83128784073811
"5208",2022-04-03 00:00:35,3,373,300,49.4129432507082,6.25684712065646
"5209",2022-04-03 00:00:40,3,373,300,48.4354928312518,6.88280656660702
"5210",2022-04-03 00:00:45,3,373,300,49.7929378928555,6.78501936050441
"5211",2022-04-03 00:00:50,3,373,300,49.2728957574513,6.30173214593407
"5212",2022-04-03 00:00:55,3,373,300,49.2937650263113,6.67042737847306
"5213",2022-04-03 00:01:00,3,373,300,49.5877763135895,6.23833600292618
"5214",2022-04-03 00:01:05,3,373,300,48.9283289068938,5.94025356577681
"5215",2022-04-03 00:01:10,3,373,300,48.5675073660839,6.29511244239213
"5216",2022-04-03 00:01:15,3,373,300,48.0472128257864,6.24332390585485
"5217",2022-04-03 00:01:20,3,373,300,48.234279624081,6.81375086867878
"5218",2022-04-03 00:01:25,3,373,300,47.4088521489334,6.73239764646217
"5219",2022-04-03 00:01:30,3,373,300,50.6157457456419,7.02806519517711
"5220",2022-04-03 00:01:35,3,373,300,48.1828323151269,6.51403812019789
"5221",2022-04-03 00:01:40,3,373,300,51.6519413343711,7.40700793656018
"5222",2022-04-03 00:01:45,3,373,300,50.5026134853437,6.41605346042885
"5223",2022-04-03 00:01:50,3,373,300,48.8490792735848,7.2956844080567
"5224",2022-04-03 00:01:55,3,373,300,47.5601054520785,7.45387179062565
"5225",2022-04-03 00:02:00,3,373,300,50.10375603788,6.14304359637155
"5226",2022-04-03 00:02:05,3,373,300,49.4366736998467,6.95232545104819
"5227",2022-04-03 00:02:10,3,373,300,49.195985514303,6.75518688670718
"5228",2022-04-03 00:02:15,3,373,300,47.7575308382102,6.85872868920484
"5229",2022-04-03 00:02:20,3,373,300,48.7317894858267,7.01316828342171
"5230",2022-04-03 00:02:25,3,373,300,50.3194817668399,6.33224986224782
"5231",2022-04-03 00:02:30,3,373,300,47.9630068638383,6.35466170190172
"5232",2022-04-03 00:02:35,3,373,300,49.4499724078503,6.2245202246924
"5233",2022-04-03 00:02:40,3,373,300,47.7638266469727,6.42609283181416
"5234",2022-04-03 00:02:45,3,373,300,48.8519135288572,7.01523131014814
"5235",2022-04-03 00:02:50,3,373,300,50.2852323088176,6.3090025340433
"5236",2022-04-03 00:02:55,3,373,300,48.9266721988706,6.65617870407374
"5237",2022-04-03 00:03:00,3,373,300,48.6445958998742,6.06285316787513
"5238",2022-04-03 00:03:05,3,373,300,50.5708087031693,6.87433544077904
"5239",2022-04-03 00:03:10,3,373,300,49.6580694437195,6.24476271157888
"5240",2022-04-03 00:03:15,3,373,300,48.5553478016363,6.81059241449246
"5241",2022-04-03 00:03:20,3,373,300,49.4466928209225,6.5331468766663
"5242",2022-04-03 00:03:25,3,373,300,48.53796017791,6.9223155988798
"5243",2022-04-03 00:03:30,3,373,300,50.518987346467,6.8990307330244
"5244",2022-04-03 00:03:35,3,373,300,47.5043181763907,6.53237350866361
"5245",2022-04-03 00:03:40,3,373,300,49.547610018205,6.8751460884523
"5246",2022-04-03 00:03:45,3,373,300,49.7285458754203,6.57987320415441
"5247",2022-04-03 00:03:50,3,373,300,48.0316773180536,7.23102480246021
"5248",2022-04-03 00:03:55,3,373,300,49.8514688285533,7.3866173794548
"5249",2022-04-03 00:04:00,3,373,300,49.2499485551817,6.55362361501744
"5250",2022-04-03 00:04:05,3,373,300,49.4888342491525,6.26876203149562
"5251",2022-04-03 00:04:10,3,373,300,47.8289115256797,6.48153567121594
"5252",2022-04-03 00:04:15,3,373,300,48.9983112838742,6.93748404489339
"5253",2022-04-03 00:04:20,3,373,300,49.1424553299343,6.63104465909902
"5254",2022-04-03 00:04:25,3,373,300,48.2140203166396,7.05937209149385
"5255",2022-04-03 00:04:30,3,373,300,48.5929914764532,6.7054217396044
"5256",2022-04-03 00:04:35,3,373,300,48.4185620977011,6.41041463876087
"5257",2022-04-03 00:04:40,3,373,300,49.3385832378962,6.1538444130817
"5258",2022-04-03 00:04:45,3,373,300,49.9100518936992,6.29177147715394
"5259",2022-04-03 00:04:50,3,373,300,50.859164439398,6.49010770914422
"5260",2022-04-03 00:04:55,3,373,300,49.8956118729821,6.15505379983854
"5261",2022-04-03 00:05:00,3,373,300,46.8553727592899,6.56888534073603
"5262",2022-04-03 00:05:05,3,373,300,49.5109067854628,6.30199137291104
"5263",2022-04-03 00:05:10,3,373,300,49.6198639221811,6.5372808434313
"5264",2022-04-03 00:05:15,3,373,300,48.4274439685792,6.29655753775992
"5265",2022-04-03 00:05:20,3,373,300,49.1300668668782,6.42743815631547
"5266",2022-04-03 00:05:25,3,373,300,48.2587191311775,6.84938255794806
"5267",2022-04-03 00:05:30,3,373,300,48.8537678326659,6.12393847243853
"5268",2022-04-03 00:05:35,3,373,300,48.7821685256257,6.27567441136063
"5269",2022-04-03 00:05:40,3,373,300,50.1702343200893,6.63044048872196
"5270",2022-04-03 00:05:45,3,373,300,49.3947660031658,6.78709516331649
"5271",2022-04-03 00:05:50,3,373,300,49.6466718210541,6.70347085166916
"5272",2022-04-03 00:05:55,3,373,300,49.6960465395859,6.10828100566713
"5273",2022-04-03 00:06:00,3,373,300,47.4986058658983,7.09906458557801
"5274",2022-04-03 00:06:05,3,373,300,47.6134628417774,6.27357520421343
"5275",2022-04-03 00:06:10,3,373,300,48.6686244241954,6.76930443398654
"5276",2022-04-03 00:06:15,3,373,300,50.3405990200044,6.40409560756019
"5277",2022-04-03 00:06:20,3,373,300,49.7004323597126,6.55466746100102
"5278",2022-04-03 00:06:25,3,373,300,51.4678079173758,6.66981909693464
"5279",2022-04-03 00:06:30,3,373,300,49.4377520175159,6.66720113329279
"5280",2022-04-03 00:06:35,3,373,300,49.4493626593583,6.83317476214464
"5281",2022-04-03 00:06:40,3,373,300,48.9519700110445,6.45116242872572
"5282",2022-04-03 00:06:45,3,373,300,48.7694496333589,7.08794095894291
"5283",2022-04-03 00:06:50,3,373,300,49.0718802633236,6.45335680412263
"5284",2022-04-03 00:06:55,3,373,300,48.758451826894,6.24001399331972
"5285",2022-04-03 00:07:00,3,373,300,50.4089904123589,6.90020947564842
"5286",2022-04-03 00:07:05,3,373,300,49.6034981863884,6.94608316656288
"5287",2022-04-03 00:07:10,3,373,300,49.0593000488474,7.26584441663321
"5288",2022-04-03 00:07:15,3,373,300,50.0938381668466,6.66137114249391
"5289",2022-04-03 00:07:20,3,373,300,49.8010527282692,6.33230355191971
"5290",2022-04-03 00:07:25,3,373,300,48.536635797924,6.30725931759401
"5291",2022-04-03 00:07:30,3,373,300,49.5516904391137,5.66044614904767
"5292",2022-04-03 00:07:35,3,373,300,48.4667361429348,6.82812963949162
"5293",2022-04-03 00:07:40,3,373,300,48.3283463531356,6.29655735283551
"5294",2022-04-03 00:07:45,3,373,300,48.2984593289715,7.03483565730837
"5295",2022-04-03 00:07:50,3,373,300,48.244947333017,6.29881654062593
"5296",2022-04-03 00:07:55,3,373,300,50.0768917152069,6.60583487506385
"5297",2022-04-03 00:08:00,3,373,300,48.4549351533608,6.83847690962569
"5298",2022-04-03 00:08:05,3,373,300,49.0861324976984,6.55454246238588
"5299",2022-04-03 00:08:10,3,373,300,47.8668995847475,6.81410644570694
"5300",2022-04-03 00:08:15,3,373,300,50.3843859540593,6.56902607890131
"5301",2022-04-03 00:08:20,3,373,300,50.066289185797,6.98704915117801
"5302",2022-04-03 00:08:25,3,373,300,48.6564380728079,6.81818823112579
"5303",2022-04-03 00:08:30,3,373,300,49.1784376081141,6.08899799118174
"5304",2022-04-03 00:08:35,3,373,300,48.9011381823983,6.58532052060354
"5305",2022-04-03 00:08:40,3,373,300,49.3502422904961,6.77513539983567
"5306",2022-04-03 00:08:45,3,373,300,49.1226308882138,6.1964007843138
"5307",2022-04-03 00:08:50,3,373,300,48.4854669244576,6.46866919620438
"5308",2022-04-03 00:08:55,3,373,300,48.6012427135167,5.80117341803967
"5309",2022-04-03 00:09:00,3,373,300,49.5124165912699,6.39580913662644
"5310",2022-04-03 00:09:05,3,373,300,48.2747011141513,6.75942365883345
"5311",2022-04-03 00:09:10,3,373,300,49.7049224320846,6.94855557402599
"5312",2022-04-03 00:09:15,3,373,300,48.2357148415736,6.81700700464444
"5313",2022-04-03 00:09:20,3,373,300,47.8692563771736,6.52728467174487
"5314",2022-04-03 00:09:25,3,373,300,48.85378635546,6.88948221946008
"5315",2022-04-03 00:09:30,3,373,300,47.7955159464334,5.79428670687761
"5316",2022-04-03 00:09:35,3,373,300,50.0157282211823,6.88874043533885
"5317",2022-04-03 00:09:40,3,373,300,50.9090918420192,6.93450848412186
"5318",2022-04-03 00:09:45,3,373,300,49.5838937619111,7.36709186756008
"5319",2022-04-03 00:09:50,3,373,300,49.8360926547927,6.76178547310807
"5320",2022-04-03 00:09:55,3,373,300,50.7950776649438,7.17463453772767
"5321",2022-04-03 00:10:00,3,373,300,48.1478289959424,6.28115369284802
"5322",2022-04-03 00:10:05,3,373,300,49.6842236358493,5.80701366638946
"5323",2022-04-03 00:10:10,3,373,300,48.2346458378059,7.06004666803578
"5324",2022-04-03 00:10:15,3,373,300,50.0066923515147,6.23999123002773
"5325",2022-04-03 00:10:20,3,373,300,48.8352082068281,6.33626600317879
"5326",2022-04-03 00:10:25,3,373,300,50.7915182037706,6.48001209453622
"5327",2022-04-03 00:10:30,3,373,300,48.7734378709232,6.75791063434902
"5328",2022-04-03 00:10:35,3,373,300,49.9965487762382,7.08714387361842
"5329",2022-04-03 00:10:40,3,373,300,49.891465756885,6.55695299465437
"5330",2022-04-03 00:10:45,3,373,300,49.0511018915974,5.9069361167838
"5331",2022-04-03 00:10:50,3,373,300,47.9524063108794,6.29399155835203
"5332",2022-04-03 00:10:55,3,373,300,50.1321812241724,7.00227973387344
"5333",2022-04-03 00:11:00,3,373,300,49.9052277475377,6.69683658577649
"5334",2022-04-03 00:11:05,3,373,300,48.1124475711331,6.7489729069177
"5335",2022-04-03 00:11:10,3,373,300,47.4023016993687,6.67265340679607
"5336",2022-04-03 00:11:15,3,373,300,49.8097760240429,6.45974585820545
"5337",2022-04-03 00:11:20,3,373,300,49.711608209448,6.72730154443142
"5338",2022-04-03 00:11:25,3,373,300,48.6155751405425,6.79505686209911
"5339",2022-04-03 00:11:30,3,373,300,48.7504317754319,6.22336322752501
"5340",2022-04-03 00:11:35,3,373,300,50.7349928238881,6.88217577412133
"5341",2022-04-03 00:11:40,3,373,300,47.3514121717102,7.14640057066676
"5342",2022-04-03 00:11:45,3,373,300,48.426598976527,6.48204225091946
"5343",2022-04-03 00:11:50,3,373,300,49.6966264768021,6.78454566589723
"5344",2022-04-03 00:11:55,3,373,300,47.658738108753,6.12322894416748
"5345",2022-04-03 00:12:00,3,373,300,47.3453704464572,7.08083477918259
"5346",2022-04-03 00:12:05,3,373,300,49.2022392525148,6.5263689706535
"5347",2022-04-03 00:12:10,3,373,300,48.4982381468358,6.83975660804934
"5348",2022-04-03 00:12:15,3,373,300,49.4373254188939,6.38627783446433
"5349",2022-04-03 00:12:20,3,373,300,48.6787886202822,6.86154556867547
"5350",2022-04-03 00:12:25,3,373,300,49.5397886164786,7.25399885181333
"5351",2022-04-03 00:12:30,3,373,300,51.0969737398096,6.38215173273078
"5352",2022-04-03 00:12:35,3,373,300,49.5397640176331,5.85252859751022
"5353",2022-04-03 00:12:40,3,373,300,49.6939659886356,6.70857055354375
"5354",2022-04-03 00:12:45,3,373,300,49.2031759944877,6.34309640773021
"5355",2022-04-03 00:12:50,3,373,300,47.919349891871,5.97775093651622
"5356",2022-04-03 00:12:55,3,373,300,48.5332805990035,6.70479582703279
"5357",2022-04-03 00:13:00,3,373,300,49.2608593022883,7.25000350177552
"5358",2022-04-03 00:13:05,3,373,300,50.8452126365601,6.72184474766951
"5359",2022-04-03 00:13:10,3,373,300,48.2140152953532,6.38930625816784
"5360",2022-04-03 00:13:15,3,373,300,49.6918255861264,6.51843766794679
"5361",2022-04-03 00:13:20,3,373,300,51.0887509761157,6.49969263769238
"5362",2022-04-03 00:13:25,3,373,300,48.4335521579913,7.0334045119284
"5363",2022-04-03 00:13:30,3,373,300,48.2803839766108,6.55858159058568
"5364",2022-04-03 00:13:35,3,373,300,49.8070540054469,6.12507586410365
"5365",2022-04-03 00:13:40,3,373,300,48.4998058321699,6.78679282844602
"5366",2022-04-03 00:13:45,3,373,300,48.6503958330052,5.80060876287213
"5367",2022-04-03 00:13:50,3,373,300,48.7351267259407,6.32950049781501
"5368",2022-04-03 00:13:55,3,373,300,49.536423064098,6.44582535287341
"5369",2022-04-03 00:14:00,3,373,300,47.1787559933585,6.32048075030789
"5370",2022-04-03 00:14:05,3,373,300,49.6695003112551,6.65924598914049
"5371",2022-04-03 00:14:10,3,373,300,49.5285563596248,6.68790648959579
"5372",2022-04-03 00:14:15,3,373,300,47.3061506511828,6.673987225558
"5373",2022-04-03 00:14:20,3,373,300,50.8958044268979,6.36738996829649
"5374",2022-04-03 00:14:25,3,373,300,47.8482414541396,6.17245549834125
"5375",2022-04-03 00:14:30,3,373,300,49.3508217311103,6.16759040325376
"5376",2022-04-03 00:14:35,3,373,300,49.2099059490228,7.14287786369752
"5377",2022-04-03 00:14:40,3,373,300,48.8492371377873,6.29441228295737
"5378",2022-04-03 00:14:45,3,373,300,49.198182738009,6.74064765535962
"5379",2022-04-03 00:14:50,3,373,300,48.7820055096164,6.75401563681234
"5380",2022-04-03 00:14:55,3,373,300,49.5021507410867,6.70724929976662
"5381",2022-04-03 00:15:00,3,373,300,47.9298667796101,6.59002060344121
"5382",2022-04-03 00:15:05,3,373,300,48.7098825398496,6.98026066850749
"5383",2022-04-03 00:15:10,3,373,300,49.9014750175103,6.24990642566644
"5384",2022-04-03 00:15:15,3,373,300,47.7521869021599,6.54023556175626
"5385",2022-04-03 00:15:20,3,373,300,49.8054232264277,6.51685499070101
"5386",2022-04-03 00:15:25,3,373,300,47.922196812686,6.0714071165863
"5387",2022-04-03 00:15:30,3,373,300,49.9262064778786,6.25582530224652
"5388",2022-04-03 00:15:35,3,373,300,47.51821074897,6.87381132634568
"5389",2022-04-03 00:15:40,3,373,300,50.1178441442785,6.11864848790796
"5390",2022-04-03 00:15:45,3,373,300,49.6408775229475,6.81204994349902
"5391",2022-04-03 00:15:50,3,373,300,49.5093086667084,6.92983125107186
"5392",2022-04-03 00:15:55,3,373,300,48.8136667362568,6.93216750270153
"5393",2022-04-03 00:16:00,3,373,300,47.6633764396658,6.54151161627069
"5394",2022-04-03 00:16:05,3,373,300,50.6050940728811,6.52407976362354
"5395",2022-04-03 00:16:10,3,373,300,49.2303604915193,6.20073920954165
"5396",2022-04-03 00:16:15,3,373,300,48.4138378936995,6.9649886547375
"5397",2022-04-03 00:16:20,3,373,300,50.4273280866439,6.6442025582998
"5398",2022-04-03 00:16:25,3,373,300,50.4870031086783,7.25326105504885
"5399",2022-04-03 00:16:30,3,373,300,49.1852792119122,6.26790233613988
"5400",2022-04-03 00:16:35,3,373,300,48.5668697031834,6.73774452424606
